Chargeback Date,Chargeback ID,Amount,Business Unit,Product,Reason Code,Status
2022-01-01,CB-1000008,311.12,Enterprise,Cloud Services,4871,Lost
2022-01-01,CB-1000022,512.06,Enterprise,Managed Support,4870,Pending
2022-01-01,CB-1000036,528.31,Enterprise,Managed Support,4863,Open
2022-01-01,CB-1000065,150.12,Consumer,Streaming Add-on,4855,Open
2022-01-01,CB-1000101,481.23,Wholesale,Bulk Voice,4837,Lost
2022-01-01,CB-1000106,159.09,Wholesale,Bulk Voice,4871,Lost
2022-01-01,CB-1000116,379.69,Wholesale,Partner Resale,4855,Won
2022-01-01,CB-1000133,194.01,Wholesale,IoT SIM,4863,Won
2022-01-02,CB-1000028,238.59,Enterprise,Managed Support,4855,Open
2022-01-02,CB-1000085,147.67,Consumer,Device Protection,4837,Lost
2022-01-02,CB-1000117,473.30,Wholesale,Partner Resale,4837,Open
2022-01-03,CB-1000004,387.38,Enterprise,Cloud Services,4871,Won
2022-01-03,CB-1000029,508.58,Enterprise,Managed Support,4871,Lost
2022-01-03,CB-1000037,407.85,Enterprise,Platform API,4871,Won
2022-01-03,CB-1000047,270.08,Enterprise,Platform API,4863,Lost
2022-01-03,CB-1000115,339.96,Wholesale,Partner Resale,4855,Pending
2022-01-03,CB-1000132,259.56,Wholesale,IoT SIM,4870,Lost
2022-01-04,CB-1000031,526.05,Enterprise,Managed Support,4855,Won
2022-01-04,CB-1000056,155.17,Consumer,Mobile Plans,7030,Won
2022-01-04,CB-1000096,186.83,Wholesale,Bulk Voice,4855,Lost
2022-01-04,CB-1000124,326.92,Wholesale,IoT SIM,4871,Lost
2022-01-04,CB-1000131,227.66,Wholesale,IoT SIM,4870,Lost
2022-01-05,CB-1000039,390.69,Enterprise,Platform API,7030,Lost
2022-01-05,CB-1000043,839.19,Enterprise,Platform API,4870,Pending
2022-01-05,CB-1000063,153.31,Consumer,Mobile Plans,7030,Lost
2022-01-05,CB-1000070,274.18,Consumer,Streaming Add-on,4863,Won
2022-01-06,CB-1000015,554.84,Enterprise,Cloud Services,4855,Won
2022-01-06,CB-1000023,513.85,Enterprise,Managed Support,4871,Pending
2022-01-06,CB-1000040,694.75,Enterprise,Platform API,7030,Pending
2022-01-06,CB-1000044,300.87,Enterprise,Platform API,4863,Open
2022-01-06,CB-1000057,120.36,Consumer,Mobile Plans,4837,Pending
2022-01-06,CB-1000079,160.38,Consumer,Device Protection,7030,Lost
2022-01-06,CB-1000108,407.77,Wholesale,Bulk Voice,4863,Won
2022-01-06,CB-1000121,551.04,Wholesale,Partner Resale,4870,Won
2022-01-07,CB-1000019,549.38,Enterprise,Cloud Services,4855,Lost
2022-01-07,CB-1000033,514.96,Enterprise,Managed Support,4871,Lost
2022-01-08,CB-1000026,638.20,Enterprise,Managed Support,4870,Pending
2022-01-09,CB-1000002,615.29,Enterprise,Cloud Services,4837,Won
2022-01-09,CB-1000134,488.52,Wholesale,IoT SIM,4837,Open
2022-01-10,CB-1000001,518.16,Enterprise,Cloud Services,4837,Lost
2022-01-10,CB-1000007,457.74,Enterprise,Cloud Services,4871,Won
2022-01-10,CB-1000042,268.83,Enterprise,Platform API,4871,Lost
2022-01-10,CB-1000049,214.22,Consumer,Mobile Plans,4855,Lost
2022-01-10,CB-1000107,414.76,Wholesale,Bulk Voice,4863,Won
2022-01-11,CB-1000009,371.10,Enterprise,Cloud Services,4855,Open
2022-01-11,CB-1000054,209.98,Consumer,Mobile Plans,4863,Won
2022-01-11,CB-1000090,628.38,Wholesale,Bulk Voice,7030,Lost
2022-01-11,CB-1000114,400.91,Wholesale,Partner Resale,4863,Lost
2022-01-12,CB-1000064,204.81,Consumer,Mobile Plans,4837,Pending
2022-01-12,CB-1000077,135.96,Consumer,Device Protection,4871,Lost
2022-01-13,CB-1000046,781.97,Enterprise,Platform API,4870,Lost
2022-01-13,CB-1000062,180.24,Consumer,Mobile Plans,4837,Won
2022-01-13,CB-1000069,192.61,Consumer,Streaming Add-on,4837,Open
2022-01-13,CB-1000080,187.64,Consumer,Device Protection,4870,Lost
2022-01-13,CB-1000095,260.57,Wholesale,Bulk Voice,4837,Open
2022-01-14,CB-1000010,378.06,Enterprise,Cloud Services,4837,Lost
2022-01-14,CB-1000067,124.31,Consumer,Streaming Add-on,4871,Won
2022-01-14,CB-1000071,326.05,Consumer,Streaming Add-on,4837,Pending
2022-01-14,CB-1000073,179.03,Consumer,Streaming Add-on,4871,Pending
2022-01-14,CB-1000076,237.73,Consumer,Streaming Add-on,4855,Open
2022-01-14,CB-1000100,334.42,Wholesale,Bulk Voice,4863,Won
2022-01-15,CB-1000012,433.86,Enterprise,Cloud Services,4863,Won
2022-01-15,CB-1000017,555.21,Enterprise,Cloud Services,4837,Won
2022-01-15,CB-1000030,288.08,Enterprise,Managed Support,4863,Lost
2022-01-15,CB-1000074,220.93,Consumer,Streaming Add-on,4837,Won
2022-01-15,CB-1000094,635.83,Wholesale,Bulk Voice,4870,Lost
2022-01-16,CB-1000025,577.88,Enterprise,Managed Support,4837,Won
2022-01-16,CB-1000034,521.51,Enterprise,Managed Support,4863,Open
2022-01-16,CB-1000086,177.91,Consumer,Device Protection,4837,Pending
2022-01-16,CB-1000103,205.90,Wholesale,Bulk Voice,4863,Open
2022-01-16,CB-1000113,590.91,Wholesale,Partner Resale,4870,Won
2022-01-17,CB-1000041,331.86,Enterprise,Platform API,4871,Won
2022-01-17,CB-1000060,192.84,Consumer,Mobile Plans,4870,Won
2022-01-17,CB-1000092,548.81,Wholesale,Bulk Voice,7030,Open
2022-01-17,CB-1000129,406.70,Wholesale,IoT SIM,4863,Lost
2022-01-18,CB-1000083,218.04,Consumer,Device Protection,4837,Won
2022-01-18,CB-1000104,175.65,Wholesale,Bulk Voice,4855,Won
2022-01-18,CB-1000127,218.03,Wholesale,IoT SIM,4871,Lost
2022-01-19,CB-1000038,496.61,Enterprise,Platform API,4871,Won
2022-01-19,CB-1000053,207.66,Consumer,Mobile Plans,4863,Won
2022-01-19,CB-1000078,132.21,Consumer,Device Protection,4837,Lost
2022-01-19,CB-1000082,202.49,Consumer,Device Protection,4870,Won
2022-01-19,CB-1000097,306.43,Wholesale,Bulk Voice,4837,Lost
2022-01-20,CB-1000005,864.40,Enterprise,Cloud Services,4870,Pending
2022-01-20,CB-1000013,398.32,Enterprise,Cloud Services,4855,Won
2022-01-20,CB-1000051,416.27,Consumer,Mobile Plans,7030,Lost
2022-01-20,CB-1000055,407.55,Consumer,Mobile Plans,7030,Lost
2022-01-20,CB-1000068,158.79,Consumer,Streaming Add-on,4863,Lost
2022-01-20,CB-1000102,403.67,Wholesale,Bulk Voice,4871,Won
2022-01-21,CB-1000006,583.89,Enterprise,Cloud Services,4863,Won
2022-01-21,CB-1000018,542.59,Enterprise,Cloud Services,4871,Won
2022-01-21,CB-1000027,239.67,Enterprise,Managed Support,4855,Won
2022-01-21,CB-1000061,167.30,Consumer,Mobile Plans,7030,Won
2022-01-21,CB-1000125,208.92,Wholesale,IoT SIM,4837,Pending
2022-01-22,CB-1000020,463.74,Enterprise,Managed Support,4855,Lost
2022-01-22,CB-1000045,293.69,Enterprise,Platform API,4863,Lost
2022-01-22,CB-1000050,111.76,Consumer,Mobile Plans,4863,Lost
2022-01-22,CB-1000093,316.43,Wholesale,Bulk Voice,4837,Won
2022-01-22,CB-1000126,160.73,Wholesale,IoT SIM,4871,Won
2022-01-23,CB-1000035,544.09,Enterprise,Managed Support,4855,Lost
2022-01-23,CB-1000087,103.81,Consumer,Device Protection,4871,Won
2022-01-23,CB-1000099,428.04,Wholesale,Bulk Voice,4855,Lost
2022-01-23,CB-1000109,405.62,Wholesale,Partner Resale,4855,Lost
2022-01-23,CB-1000111,306.91,Wholesale,Partner Resale,4871,Lost
2022-01-24,CB-1000014,436.54,Enterprise,Cloud Services,4863,Pending
2022-01-24,CB-1000021,864.55,Enterprise,Managed Support,7030,Won
2022-01-24,CB-1000059,223.75,Consumer,Mobile Plans,4855,Lost
2022-01-24,CB-1000072,111.26,Consumer,Streaming Add-on,4855,Lost
2022-01-24,CB-1000084,160.34,Consumer,Device Protection,4871,Lost
2022-01-24,CB-1000112,420.46,Wholesale,Partner Resale,4855,Open
2022-01-24,CB-1000119,475.49,Wholesale,Partner Resale,4863,Pending
2022-01-25,CB-1000066,322.14,Consumer,Streaming Add-on,7030,Won
2022-01-25,CB-1000098,324.40,Wholesale,Bulk Voice,4863,Pending
2022-01-25,CB-1000105,254.08,Wholesale,Bulk Voice,4870,Lost
2022-01-26,CB-1000052,330.50,Consumer,Mobile Plans,7030,Lost
2022-01-26,CB-1000089,227.43,Consumer,Device Protection,4870,Won
2022-01-26,CB-1000130,334.64,Wholesale,IoT SIM,4863,Won
2022-01-27,CB-1000024,337.35,Enterprise,Managed Support,7030,Won
2022-01-27,CB-1000032,434.50,Enterprise,Managed Support,4871,Pending
2022-01-27,CB-1000088,184.48,Consumer,Device Protection,4863,Open
2022-01-27,CB-1000128,167.28,Wholesale,IoT SIM,4871,Won
2022-01-28,CB-1000003,530.29,Enterprise,Cloud Services,4863,Lost
2022-01-28,CB-1000011,624.22,Enterprise,Cloud Services,4870,Won
2022-01-28,CB-1000075,179.43,Consumer,Streaming Add-on,4870,Lost
2022-01-28,CB-1000110,484.47,Wholesale,Partner Resale,4837,Won
2022-01-28,CB-1000118,297.44,Wholesale,Partner Resale,4870,Lost
2022-01-28,CB-1000123,184.91,Wholesale,Partner Resale,4855,Pending
2022-01-29,CB-1000091,174.92,Wholesale,Bulk Voice,4871,Open
2022-01-30,CB-1000016,409.76,Enterprise,Cloud Services,4863,Won
2022-01-30,CB-1000081,267.32,Consumer,Device Protection,4863,Lost
2022-01-31,CB-1000048,283.98,Consumer,Mobile Plans,4837,Won
2022-01-31,CB-1000058,170.25,Consumer,Mobile Plans,4870,Open
2022-01-31,CB-1000120,350.66,Wholesale,Partner Resale,4837,Open
2022-01-31,CB-1000122,215.97,Wholesale,Partner Resale,4870,Pending
2022-02-01,CB-1000137,361.93,Enterprise,Cloud Services,7030,Pending
2022-02-01,CB-1000166,793.98,Enterprise,Managed Support,4870,Won
2022-02-01,CB-1000175,680.31,Enterprise,Platform API,4870,Lost
2022-02-01,CB-1000185,485.26,Enterprise,Platform API,4871,Won
2022-02-01,CB-1000234,238.63,Consumer,Device Protection,4855,Open
2022-02-01,CB-1000241,571.37,Wholesale,Bulk Voice,4837,Open
2022-02-02,CB-1000195,292.54,Consumer,Mobile Plans,4870,Won
2022-02-02,CB-1000271,509.85,Wholesale,IoT SIM,4863,Won
2022-02-02,CB-1000278,225.00,Wholesale,IoT SIM,4837,Pending
2022-02-03,CB-1000164,941.90,Enterprise,Managed Support,7030,Lost
2022-02-03,CB-1000182,355.48,Enterprise,Platform API,4837,Won
2022-02-03,CB-1000247,261.35,Wholesale,Bulk Voice,4870,Won
2022-02-03,CB-1000262,358.14,Wholesale,Partner Resale,4855,Won
2022-02-04,CB-1000148,386.13,Enterprise,Cloud Services,4871,Won
2022-02-04,CB-1000158,272.84,Enterprise,Managed Support,4871,Lost
2022-02-05,CB-1000157,548.99,Enterprise,Managed Support,4870,Won
2022-02-05,CB-1000179,334.90,Enterprise,Platform API,7030,Lost
2022-02-05,CB-1000203,164.72,Consumer,Mobile Plans,4837,Lost
2022-02-05,CB-1000207,192.41,Consumer,Streaming Add-on,4871,Won
2022-02-05,CB-1000213,121.54,Consumer,Streaming Add-on,4855,Lost
2022-02-05,CB-1000217,210.49,Consumer,Streaming Add-on,7030,Lost
2022-02-05,CB-1000223,123.59,Consumer,Device Protection,4863,Won
2022-02-05,CB-1000256,433.76,Wholesale,Partner Resale,7030,Won
2022-02-05,CB-1000263,581.95,Wholesale,Partner Resale,4870,Lost
2022-02-06,CB-1000197,279.87,Consumer,Mobile Plans,4863,Won
2022-02-06,CB-1000225,269.41,Consumer,Device Protection,7030,Won
2022-02-06,CB-1000231,243.11,Consumer,Device Protection,7030,Lost
2022-02-06,CB-1000245,357.50,Wholesale,Bulk Voice,4863,Won
2022-02-06,CB-1000258,353.42,Wholesale,Partner Resale,4871,Won
2022-02-07,CB-1000138,569.94,Enterprise,Cloud Services,4837,Pending
2022-02-07,CB-1000139,348.85,Enterprise,Cloud Services,4863,Won
2022-02-07,CB-1000155,492.51,Enterprise,Managed Support,7030,Pending
2022-02-07,CB-1000159,358.83,Enterprise,Managed Support,4871,Lost
2022-02-07,CB-1000163,670.70,Enterprise,Managed Support,4863,Pending
2022-02-07,CB-1000181,674.46,Enterprise,Platform API,7030,Won
2022-02-07,CB-1000190,328.19,Consumer,Mobile Plans,4837,Lost
2022-02-07,CB-1000214,326.11,Consumer,Streaming Add-on,4837,Lost
2022-02-07,CB-1000232,149.11,Consumer,Device Protection,4855,Won
2022-02-07,CB-1000233,212.90,Consumer,Device Protection,7030,Won
2022-02-07,CB-1000265,351.28,Wholesale,Partner Resale,4837,Lost
2022-02-07,CB-1000268,365.55,Wholesale,Partner Resale,4871,Lost
2022-02-08,CB-1000188,277.73,Consumer,Mobile Plans,4863,Won
2022-02-09,CB-1000264,566.08,Wholesale,Partner Resale,4837,Won
2022-02-09,CB-1000269,427.42,Wholesale,Partner Resale,7030,Won
2022-02-10,CB-1000141,600.00,Enterprise,Cloud Services,4871,Pending
2022-02-10,CB-1000147,824.86,Enterprise,Cloud Services,7030,Pending
2022-02-10,CB-1000204,166.40,Consumer,Mobile Plans,7030,Lost
2022-02-10,CB-1000237,476.61,Wholesale,Bulk Voice,4870,Pending
2022-02-10,CB-1000273,151.76,Wholesale,IoT SIM,4871,Open
2022-02-11,CB-1000184,558.10,Enterprise,Platform API,4870,Won
2022-02-11,CB-1000202,311.35,Consumer,Mobile Plans,4870,Won
2022-02-11,CB-1000243,357.96,Wholesale,Bulk Voice,4863,Pending
2022-02-12,CB-1000168,651.86,Enterprise,Managed Support,4863,Open
2022-02-12,CB-1000189,136.46,Consumer,Mobile Plans,4855,Won
2022-02-12,CB-1000215,301.26,Consumer,Streaming Add-on,7030,Pending
2022-02-12,CB-1000248,274.84,Wholesale,Bulk Voice,4855,Pending
2022-02-12,CB-1000252,545.42,Wholesale,Bulk Voice,7030,Open
2022-02-12,CB-1000266,386.03,Wholesale,Partner Resale,4863,Pending
2022-02-12,CB-1000275,426.20,Wholesale,IoT SIM,4871,Lost
2022-02-13,CB-1000194,246.86,Consumer,Mobile Plans,4870,Won
2022-02-13,CB-1000200,257.13,Consumer,Mobile Plans,7030,Lost
2022-02-13,CB-1000206,192.42,Consumer,Mobile Plans,4855,Open
2022-02-13,CB-1000229,134.42,Consumer,Device Protection,4871,Lost
2022-02-14,CB-1000153,622.70,Enterprise,Cloud Services,7030,Pending
2022-02-14,CB-1000170,688.87,Enterprise,Managed Support,7030,Pending
2022-02-14,CB-1000173,882.31,Enterprise,Platform API,7030,Lost
2022-02-14,CB-1000219,373.74,Consumer,Device Protection,7030,Lost
2022-02-14,CB-1000221,276.30,Consumer,Device Protection,4855,Lost
2022-02-14,CB-1000224,137.98,Consumer,Device Protection,4837,Lost
2022-02-14,CB-1000226,211.04,Consumer,Device Protection,7030,Pending
2022-02-14,CB-1000253,298.91,Wholesale,Bulk Voice,4870,Lost
2022-02-15,CB-1000142,637.59,Enterprise,Cloud Services,4837,Won
2022-02-15,CB-1000149,510.99,Enterprise,Cloud Services,7030,Lost
2022-02-15,CB-1000156,637.29,Enterprise,Managed Support,4837,Won
2022-02-15,CB-1000172,458.07,Enterprise,Managed Support,4855,Lost
2022-02-15,CB-1000272,349.25,Wholesale,IoT SIM,7030,Lost
2022-02-15,CB-1000281,636.20,Wholesale,IoT SIM,7030,Won
2022-02-16,CB-1000151,796.88,Enterprise,Cloud Services,4837,Pending
2022-02-16,CB-1000193,240.10,Consumer,Mobile Plans,7030,Won
2022-02-16,CB-1000196,144.69,Consumer,Mobile Plans,4871,Won
2022-02-16,CB-1000209,292.45,Consumer,Streaming Add-on,4870,Lost
2022-02-16,CB-1000211,161.61,Consumer,Streaming Add-on,4855,Pending
2022-02-16,CB-1000249,246.32,Wholesale,Bulk Voice,4871,Lost
2022-02-17,CB-1000145,531.51,Enterprise,Cloud Services,7030,Lost
2022-02-17,CB-1000162,227.94,Enterprise,Managed Support,4871,Open
2022-02-17,CB-1000178,294.82,Enterprise,Platform API,4863,Lost
2022-02-17,CB-1000227,262.20,Consumer,Device Protection,4871,Lost
2022-02-17,CB-1000230,233.99,Consumer,Device Protection,4863,Lost
2022-02-17,CB-1000239,264.68,Wholesale,Bulk Voice,4871,Won
2022-02-17,CB-1000254,439.99,Wholesale,Partner Resale,4863,Won
2022-02-18,CB-1000152,593.44,Enterprise,Cloud Services,4863,Lost
2022-02-18,CB-1000174,362.97,Enterprise,Platform API,4871,Won
2022-02-18,CB-1000191,171.00,Consumer,Mobile Plans,4837,Pending
2022-02-18,CB-1000201,267.81,Consumer,Mobile Plans,4871,Pending
2022-02-18,CB-1000220,129.48,Consumer,Device Protection,4870,Won
2022-02-18,CB-1000257,291.76,Wholesale,Partner Resale,4871,Lost
2022-02-18,CB-1000267,241.71,Wholesale,Partner Resale,4870,Open
2022-02-18,CB-1000277,206.85,Wholesale,IoT SIM,4863,Lost
2022-02-20,CB-1000150,438.23,Enterprise,Cloud Services,4863,Lost
2022-02-20,CB-1000154,587.94,Enterprise,Managed Support,4855,Won
2022-02-20,CB-1000186,512.09,Enterprise,Platform API,7030,Pending
2022-02-20,CB-1000250,408.66,Wholesale,Bulk Voice,4855,Open
2022-02-20,CB-1000251,359.31,Wholesale,Bulk Voice,4870,Won
2022-02-20,CB-1000255,327.41,Wholesale,Partner Resale,4870,Won
2022-02-20,CB-1000276,366.26,Wholesale,IoT SIM,4870,Lost
2022-02-21,CB-1000140,438.77,Enterprise,Cloud Services,4837,Lost
2022-02-21,CB-1000176,310.56,Enterprise,Platform API,4855,Open
2022-02-21,CB-1000205,209.76,Consumer,Mobile Plans,4837,Won
2022-02-21,CB-1000208,349.04,Consumer,Streaming Add-on,7030,Lost
2022-02-21,CB-1000242,353.31,Wholesale,Bulk Voice,4855,Open
2022-02-21,CB-1000246,308.66,Wholesale,Bulk Voice,7030,Pending
2022-02-22,CB-1000180,258.75,Enterprise,Platform API,4863,Pending
2022-02-22,CB-1000218,244.21,Consumer,Streaming Add-on,4870,Lost
2022-02-22,CB-1000222,152.23,Consumer,Device Protection,4871,Won
2022-02-22,CB-1000261,439.07,Wholesale,Partner Resale,4837,Pending
2022-02-22,CB-1000279,467.13,Wholesale,IoT SIM,4837,Open
2022-02-23,CB-1000135,797.48,Enterprise,Cloud Services,7030,Lost
2022-02-23,CB-1000160,747.28,Enterprise,Managed Support,4837,Won
2022-02-23,CB-1000171,583.63,Enterprise,Managed Support,4870,Won
2022-02-23,CB-1000177,567.73,Enterprise,Platform API,4837,Pending
2022-02-23,CB-1000183,390.14,Enterprise,Platform API,4863,Lost
2022-02-23,CB-1000198,192.40,Consumer,Mobile Plans,4870,Lost
2022-02-23,CB-1000238,448.81,Wholesale,Bulk Voice,4870,Lost
2022-02-24,CB-1000136,445.53,Enterprise,Cloud Services,4870,Lost
2022-02-24,CB-1000144,574.52,Enterprise,Cloud Services,7030,Pending
2022-02-24,CB-1000187,338.26,Consumer,Mobile Plans,4837,Pending
2022-02-24,CB-1000210,254.89,Consumer,Streaming Add-on,4855,Won
2022-02-24,CB-1000212,128.56,Consumer,Streaming Add-on,4870,Lost
2022-02-25,CB-1000146,350.08,Enterprise,Cloud Services,4863,Won
2022-02-25,CB-1000167,737.53,Enterprise,Managed Support,4837,Lost
2022-02-25,CB-1000235,266.61,Wholesale,Bulk Voice,4855,Won
2022-02-25,CB-1000259,633.71,Wholesale,Partner Resale,4870,Pending
2022-02-25,CB-1000282,333.68,Wholesale,IoT SIM,4863,Won
2022-02-26,CB-1000199,149.69,Consumer,Mobile Plans,4855,Pending
2022-02-26,CB-1000236,268.23,Wholesale,Bulk Voice,4837,Won
2022-02-26,CB-1000260,437.76,Wholesale,Partner Resale,4855,Lost
2022-02-27,CB-1000143,719.29,Enterprise,Cloud Services,4870,Pending
2022-02-27,CB-1000161,844.72,Enterprise,Managed Support,7030,Lost
2022-02-27,CB-1000228,151.44,Consumer,Device Protection,4871,Won
2022-02-27,CB-1000244,360.71,Wholesale,Bulk Voice,4855,Lost
2022-02-27,CB-1000270,240.57,Wholesale,IoT SIM,4855,Won
2022-02-27,CB-1000274,340.50,Wholesale,IoT SIM,4855,Pending
2022-02-28,CB-1000165,470.22,Enterprise,Managed Support,4863,Won
2022-02-28,CB-1000169,398.59,Enterprise,Managed Support,4855,Lost
2022-02-28,CB-1000192,299.47,Consumer,Mobile Plans,4837,Pending
2022-02-28,CB-1000216,168.12,Consumer,Streaming Add-on,4863,Lost
2022-02-28,CB-1000240,385.02,Wholesale,Bulk Voice,4855,Pending
2022-02-28,CB-1000280,618.52,Wholesale,IoT SIM,7030,Pending
2022-03-01,CB-1000335,320.54,Consumer,Mobile Plans,4837,Lost
2022-03-02,CB-1000301,831.00,Enterprise,Cloud Services,4870,Lost
2022-03-02,CB-1000336,235.05,Consumer,Mobile Plans,4855,Won
2022-03-02,CB-1000407,446.97,Wholesale,Partner Resale,7030,Lost
2022-03-02,CB-1000418,279.35,Wholesale,IoT SIM,4863,Won
2022-03-03,CB-1000289,497.90,Enterprise,Cloud Services,4870,Lost
2022-03-03,CB-1000345,331.70,Consumer,Mobile Plans,4837,Lost
2022-03-03,CB-1000346,234.56,Consumer,Mobile Plans,4871,Open
2022-03-03,CB-1000406,435.00,Wholesale,Partner Resale,4863,Won
2022-03-03,CB-1000421,322.53,Wholesale,IoT SIM,4863,Won
2022-03-04,CB-1000340,168.70,Consumer,Mobile Plans,4837,Lost
2022-03-04,CB-1000363,250.92,Consumer,Device Protection,4837,Won
2022-03-04,CB-1000417,331.26,Wholesale,IoT SIM,4837,Open
2022-03-05,CB-1000286,317.42,Enterprise,Cloud Services,4863,Won
2022-03-05,CB-1000299,436.21,Enterprise,Cloud Services,4870,Lost
2022-03-05,CB-1000342,160.75,Consumer,Mobile Plans,4863,Lost
2022-03-05,CB-1000352,254.27,Consumer,Streaming Add-on,4870,Lost
2022-03-05,CB-1000382,590.77,Wholesale,Bulk Voice,4870,Won
2022-03-05,CB-1000404,190.38,Wholesale,Partner Resale,4863,Open
2022-03-05,CB-1000424,417.34,Wholesale,IoT SIM,4855,Pending
2022-03-06,CB-1000292,527.30,Enterprise,Cloud Services,4837,Lost
2022-03-06,CB-1000305,455.88,Enterprise,Managed Support,4871,Lost
2022-03-06,CB-1000309,496.59,Enterprise,Managed Support,4871,Won
2022-03-06,CB-1000312,330.27,Enterprise,Managed Support,4855,Won
2022-03-06,CB-1000318,467.69,Enterprise,Managed Support,4863,Open
2022-03-06,CB-1000385,324.34,Wholesale,Bulk Voice,4863,Lost
2022-03-07,CB-1000287,435.78,Enterprise,Cloud Services,4837,Pending
2022-03-07,CB-1000337,182.21,Consumer,Mobile Plans,4863,Open
2022-03-07,CB-1000354,255.29,Consumer,Streaming Add-on,4837,Won
2022-03-07,CB-1000361,329.72,Consumer,Streaming Add-on,7030,Open
2022-03-07,CB-1000365,166.14,Consumer,Device Protection,4871,Pending
2022-03-07,CB-1000399,624.14,Wholesale,Bulk Voice,4870,Pending
2022-03-07,CB-1000400,475.32,Wholesale,Partner Resale,4863,Lost
2022-03-07,CB-1000425,314.43,Wholesale,IoT SIM,4870,Pending
2022-03-08,CB-1000295,495.32,Enterprise,Cloud Services,4837,Lost
2022-03-08,CB-1000328,567.04,Enterprise,Platform API,7030,Lost
2022-03-08,CB-1000350,233.78,Consumer,Mobile Plans,4863,Lost
2022-03-08,CB-1000378,152.77,Consumer,Device Protection,4837,Won
2022-03-09,CB-1000283,347.62,Enterprise,Cloud Services,4871,Won
2022-03-09,CB-1000316,309.99,Enterprise,Managed Support,4871,Lost
2022-03-09,CB-1000330,372.07,Enterprise,Platform API,4871,Lost
2022-03-09,CB-1000364,185.19,Consumer,Device Protection,4863,Won
2022-03-09,CB-1000369,397.12,Consumer,Device Protection,7030,Won
2022-03-09,CB-1000372,236.90,Consumer,Device Protection,4871,Lost
2022-03-09,CB-1000391,627.56,Wholesale,Bulk Voice,7030,Lost
2022-03-10,CB-1000296,620.79,Enterprise,Cloud Services,4855,Lost
2022-03-10,CB-1000297,490.40,Enterprise,Cloud Services,4863,Won
2022-03-10,CB-1000310,618.19,Enterprise,Managed Support,4870,Won
2022-03-10,CB-1000334,637.47,Enterprise,Platform API,4837,Lost
2022-03-10,CB-1000351,149.55,Consumer,Mobile Plans,4855,Won
2022-03-10,CB-1000353,326.41,Consumer,Streaming Add-on,7030,Won
2022-03-10,CB-1000388,582.41,Wholesale,Bulk Voice,4837,Won
2022-03-11,CB-1000284,494.55,Enterprise,Cloud Services,4837,Lost
2022-03-11,CB-1000308,551.55,Enterprise,Managed Support,4837,Lost
2022-03-11,CB-1000321,492.75,Enterprise,Managed Support,4855,Lost
2022-03-11,CB-1000357,308.32,Consumer,Streaming Add-on,4863,Won
2022-03-11,CB-1000408,449.64,Wholesale,Partner Resale,4863,Open
2022-03-12,CB-1000285,551.13,Enterprise,Cloud Services,4871,Won
2022-03-12,CB-1000288,430.47,Enterprise,Cloud Services,4871,Open
2022-03-12,CB-1000303,345.66,Enterprise,Cloud Services,4871,Open
2022-03-12,CB-1000322,408.99,Enterprise,Managed Support,4870,Won
2022-03-12,CB-1000398,484.51,Wholesale,Bulk Voice,4863,Won
2022-03-12,CB-1000423,594.86,Wholesale,IoT SIM,4870,Won
2022-03-13,CB-1000294,305.78,Enterprise,Cloud Services,4855,Lost
2022-03-13,CB-1000338,262.88,Consumer,Mobile Plans,4855,Lost
2022-03-13,CB-1000347,114.40,Consumer,Mobile Plans,4855,Pending
2022-03-13,CB-1000355,185.76,Consumer,Streaming Add-on,4871,Won
2022-03-13,CB-1000414,268.55,Wholesale,Partner Resale,4837,Open
2022-03-13,CB-1000428,211.09,Wholesale,IoT SIM,4863,Pending
2022-03-14,CB-1000298,518.65,Enterprise,Cloud Services,4837,Open
2022-03-14,CB-1000356,147.75,Consumer,Streaming Add-on,4871,Won
2022-03-14,CB-1000359,119.29,Consumer,Streaming Add-on,4837,Lost
2022-03-14,CB-1000383,610.10,Wholesale,Bulk Voice,4870,Open
2022-03-14,CB-1000386,254.44,Wholesale,Bulk Voice,4855,Lost
2022-03-14,CB-1000402,387.39,Wholesale,Partner Resale,4863,Lost
2022-03-14,CB-1000412,373.05,Wholesale,Partner Resale,4871,Open
2022-03-14,CB-1000416,355.17,Wholesale,IoT SIM,4870,Won
2022-03-15,CB-1000304,311.17,Enterprise,Cloud Services,4871,Pending
2022-03-15,CB-1000368,156.40,Consumer,Device Protection,4870,Lost
2022-03-15,CB-1000394,497.98,Wholesale,Bulk Voice,4870,Lost
2022-03-15,CB-1000397,375.54,Wholesale,Bulk Voice,4870,Lost
2022-03-16,CB-1000373,344.43,Consumer,Device Protection,4837,Lost
2022-03-17,CB-1000290,457.59,Enterprise,Cloud Services,7030,Lost
2022-03-17,CB-1000323,684.66,Enterprise,Platform API,4837,Open
2022-03-17,CB-1000324,576.54,Enterprise,Platform API,4870,Won
2022-03-17,CB-1000349,117.65,Consumer,Mobile Plans,4863,Lost
2022-03-17,CB-1000377,162.68,Consumer,Device Protection,4855,Open
2022-03-17,CB-1000380,480.41,Wholesale,Bulk Voice,7030,Won
2022-03-18,CB-1000291,418.37,Enterprise,Cloud Services,4871,Pending
2022-03-19,CB-1000393,660.94,Wholesale,Bulk Voice,7030,Open
2022-03-19,CB-1000396,617.73,Wholesale,Bulk Voice,7030,Won
2022-03-19,CB-1000401,416.47,Wholesale,Partner Resale,4837,Won
2022-03-20,CB-1000311,444.82,Enterprise,Managed Support,4870,Won
2022-03-20,CB-1000319,602.87,Enterprise,Managed Support,4863,Lost
2022-03-20,CB-1000379,206.94,Wholesale,Bulk Voice,4855,Lost
2022-03-20,CB-1000389,609.31,Wholesale,Bulk Voice,4870,Open
2022-03-20,CB-1000413,435.71,Wholesale,Partner Resale,7030,Open
2022-03-20,CB-1000420,234.31,Wholesale,IoT SIM,4863,Open
2022-03-21,CB-1000293,310.05,Enterprise,Cloud Services,4855,Lost
2022-03-21,CB-1000307,586.67,Enterprise,Managed Support,4871,Open
2022-03-21,CB-1000314,245.27,Enterprise,Managed Support,4871,Lost
2022-03-21,CB-1000331,397.96,Enterprise,Platform API,4870,Won
2022-03-21,CB-1000333,423.64,Enterprise,Platform API,4863,Lost
2022-03-21,CB-1000339,261.11,Consumer,Mobile Plans,4870,Lost
2022-03-21,CB-1000410,566.16,Wholesale,Partner Resale,4870,Open
2022-03-22,CB-1000302,375.82,Enterprise,Cloud Services,7030,Pending
2022-03-22,CB-1000317,337.75,Enterprise,Managed Support,4855,Won
2022-03-22,CB-1000376,195.27,Consumer,Device Protection,7030,Won
2022-03-22,CB-1000422,367.93,Wholesale,IoT SIM,4871,Pending
2022-03-22,CB-1000427,444.31,Wholesale,IoT SIM,4863,Lost
2022-03-23,CB-1000320,528.67,Enterprise,Managed Support,4870,Lost
2022-03-23,CB-1000343,309.38,Consumer,Mobile Plans,4870,Lost
2022-03-23,CB-1000358,210.75,Consumer,Streaming Add-on,4870,Lost
2022-03-23,CB-1000370,199.48,Consumer,Device Protection,4863,Won
2022-03-23,CB-1000384,207.32,Wholesale,Bulk Voice,4855,Lost
2022-03-23,CB-1000415,541.22,Wholesale,IoT SIM,4870,Won
2022-03-24,CB-1000313,423.79,Enterprise,Managed Support,4855,Lost
2022-03-24,CB-1000390,443.85,Wholesale,Bulk Voice,4855,Open
2022-03-24,CB-1000392,629.45,Wholesale,Bulk Voice,4870,Won
2022-03-25,CB-1000300,809.51,Enterprise,Cloud Services,7030,Lost
2022-03-25,CB-1000341,306.82,Consumer,Mobile Plans,4870,Lost
2022-03-25,CB-1000411,184.53,Wholesale,Partner Resale,4855,Pending
2022-03-26,CB-1000326,599.86,Enterprise,Platform API,4870,Won
2022-03-26,CB-1000329,390.43,Enterprise,Platform API,4870,Open
2022-03-26,CB-1000360,158.45,Consumer,Streaming Add-on,7030,Pending
2022-03-26,CB-1000374,146.45,Consumer,Device Protection,4837,Won
2022-03-26,CB-1000395,240.89,Wholesale,Bulk Voice,4870,Open
2022-03-26,CB-1000426,588.85,Wholesale,IoT SIM,4870,Lost
2022-03-27,CB-1000332,418.05,Enterprise,Platform API,4871,Won
2022-03-27,CB-1000348,327.32,Consumer,Mobile Plans,4837,Pending
2022-03-27,CB-1000362,257.83,Consumer,Streaming Add-on,4871,Open
2022-03-27,CB-1000381,259.90,Wholesale,Bulk Voice,4871,Won
2022-03-27,CB-1000419,280.42,Wholesale,IoT SIM,4863,Pending
2022-03-28,CB-1000306,948.62,Enterprise,Managed Support,7030,Won
2022-03-28,CB-1000325,791.55,Enterprise,Platform API,4837,Won
2022-03-28,CB-1000387,356.71,Wholesale,Bulk Voice,4871,Won
2022-03-29,CB-1000315,666.17,Enterprise,Managed Support,4863,Won
2022-03-29,CB-1000371,351.09,Consumer,Device Protection,7030,Lost
2022-03-29,CB-1000403,458.36,Wholesale,Partner Resale,4837,Won
2022-03-30,CB-1000327,462.37,Enterprise,Platform API,4855,Pending
2022-03-30,CB-1000375,132.31,Consumer,Device Protection,4871,Won
2022-03-30,CB-1000405,379.39,Wholesale,Partner Resale,4870,Pending
2022-03-31,CB-1000344,170.33,Consumer,Mobile Plans,4863,Won
2022-03-31,CB-1000366,136.90,Consumer,Device Protection,4837,Open
2022-03-31,CB-1000367,329.49,Consumer,Device Protection,7030,Won
2022-03-31,CB-1000409,510.14,Wholesale,Partner Resale,7030,Pending
2022-04-01,CB-1000431,565.25,Enterprise,Cloud Services,4870,Won
2022-04-01,CB-1000479,468.90,Enterprise,Platform API,4870,Lost
2022-04-01,CB-1000484,198.30,Consumer,Mobile Plans,4863,Lost
2022-04-01,CB-1000512,180.32,Consumer,Streaming Add-on,7030,Won
2022-04-02,CB-1000519,179.16,Consumer,Device Protection,4855,Pending
2022-04-02,CB-1000540,235.77,Wholesale,Bulk Voice,4870,Won
2022-04-03,CB-1000551,287.40,Wholesale,Partner Resale,4863,Won
2022-04-03,CB-1000573,283.62,Wholesale,IoT SIM,4871,Pending
2022-04-04,CB-1000429,224.74,Enterprise,Cloud Services,4871,Open
2022-04-04,CB-1000437,601.96,Enterprise,Cloud Services,4855,Lost
2022-04-04,CB-1000464,734.55,Enterprise,Managed Support,4870,Won
2022-04-04,CB-1000465,713.96,Enterprise,Managed Support,4863,Pending
2022-04-04,CB-1000467,531.97,Enterprise,Managed Support,4871,Won
2022-04-04,CB-1000534,694.63,Wholesale,Bulk Voice,7030,Lost
2022-04-04,CB-1000563,251.30,Wholesale,IoT SIM,4870,Won
2022-04-04,CB-1000564,393.45,Wholesale,IoT SIM,4863,Lost
2022-04-05,CB-1000527,239.75,Consumer,Device Protection,4863,Pending
2022-04-05,CB-1000557,152.68,Wholesale,Partner Resale,4871,Won
2022-04-06,CB-1000446,402.19,Enterprise,Cloud Services,7030,Open
2022-04-06,CB-1000469,433.87,Enterprise,Platform API,4871,Won
2022-04-06,CB-1000533,280.45,Wholesale,Bulk Voice,4863,Won
2022-04-06,CB-1000548,342.04,Wholesale,Partner Resale,4837,Won
2022-04-07,CB-1000435,331.10,Enterprise,Cloud Services,4871,Won
2022-04-07,CB-1000461,599.91,Enterprise,Managed Support,4863,Open
2022-04-08,CB-1000490,228.64,Consumer,Mobile Plans,4855,Pending
2022-04-08,CB-1000522,148.22,Consumer,Device Protection,4870,Won
2022-04-08,CB-1000545,515.06,Wholesale,Bulk Voice,4870,Lost
2022-04-09,CB-1000449,680.45,Enterprise,Cloud Services,4863,Won
2022-04-09,CB-1000477,429.73,Enterprise,Platform API,7030,Lost
2022-04-09,CB-1000502,285.23,Consumer,Streaming Add-on,4855,Pending
2022-04-10,CB-1000462,533.83,Enterprise,Managed Support,4870,Won
2022-04-10,CB-1000478,542.23,Enterprise,Platform API,4863,Lost
2022-04-10,CB-1000485,397.68,Consumer,Mobile Plans,7030,Lost
2022-04-10,CB-1000521,260.19,Consumer,Device Protection,4870,Lost
2022-04-11,CB-1000434,300.74,Enterprise,Cloud Services,4837,Won
2022-04-11,CB-1000452,469.20,Enterprise,Managed Support,4855,Won
2022-04-11,CB-1000457,256.69,Enterprise,Managed Support,4855,Open
2022-04-11,CB-1000468,559.18,Enterprise,Managed Support,4837,Lost
2022-04-11,CB-1000504,248.31,Consumer,Streaming Add-on,4837,Open
2022-04-11,CB-1000517,99.95,Consumer,Device Protection,4871,Lost
2022-04-11,CB-1000523,306.66,Consumer,Device Protection,4837,Open
2022-04-11,CB-1000526,156.62,Consumer,Device Protection,7030,Pending
2022-04-11,CB-1000542,424.98,Wholesale,Bulk Voice,4863,Lost
2022-04-11,CB-1000552,348.96,Wholesale,Partner Resale,4871,Lost
2022-04-11,CB-1000560,263.82,Wholesale,Partner Resale,4871,Won
2022-04-11,CB-1000571,344.39,Wholesale,IoT SIM,4837,Lost
2022-04-12,CB-1000447,483.37,Enterprise,Cloud Services,7030,Lost
2022-04-12,CB-1000472,474.86,Enterprise,Platform API,4871,Lost
2022-04-12,CB-1000474,345.23,Enterprise,Platform API,4870,Lost
2022-04-12,CB-1000487,255.48,Consumer,Mobile Plans,4837,Lost
2022-04-12,CB-1000518,193.66,Consumer,Device Protection,4855,Won
2022-04-12,CB-1000541,360.57,Wholesale,Bulk Voice,4870,Pending
2022-04-12,CB-1000546,259.80,Wholesale,Bulk Voice,4863,Won
2022-04-12,CB-1000565,265.70,Wholesale,IoT SIM,4855,Lost
2022-04-13,CB-1000444,445.36,Enterprise,Cloud Services,4855,Lost
2022-04-13,CB-1000448,644.22,Enterprise,Cloud Services,4855,Won
2022-04-13,CB-1000459,594.93,Enterprise,Managed Support,7030,Lost
2022-04-13,CB-1000482,935.59,Enterprise,Platform API,7030,Pending
2022-04-13,CB-1000537,219.88,Wholesale,Bulk Voice,4855,Won
2022-04-13,CB-1000555,385.51,Wholesale,Partner Resale,4871,Won
2022-04-13,CB-1000556,230.95,Wholesale,Partner Resale,4855,Lost
2022-04-13,CB-1000558,253.64,Wholesale,Partner Resale,4855,Won
2022-04-14,CB-1000445,521.13,Enterprise,Cloud Services,7030,Lost
2022-04-14,CB-1000455,843.70,Enterprise,Managed Support,4870,Won
2022-04-14,CB-1000471,452.06,Enterprise,Platform API,4863,Won
2022-04-14,CB-1000491,343.29,Consumer,Mobile Plans,4870,Lost
2022-04-14,CB-1000511,147.07,Consumer,Streaming Add-on,4837,Lost
2022-04-14,CB-1000535,487.88,Wholesale,Bulk Voice,4870,Lost
2022-04-14,CB-1000566,430.69,Wholesale,IoT SIM,4871,Lost
2022-04-14,CB-1000569,411.05,Wholesale,IoT SIM,4863,Lost
2022-04-15,CB-1000456,584.97,Enterprise,Managed Support,4871,Lost
2022-04-15,CB-1000495,372.06,Consumer,Mobile Plans,7030,Won
2022-04-15,CB-1000500,362.36,Consumer,Mobile Plans,4870,Lost
2022-04-16,CB-1000520,408.85,Consumer,Device Protection,7030,Won
2022-04-16,CB-1000528,307.16,Consumer,Device Protection,4870,Won
2022-04-17,CB-1000433,260.41,Enterprise,Cloud Services,4871,Pending
2022-04-17,CB-1000436,555.70,Enterprise,Cloud Services,4871,Lost
2022-04-17,CB-1000509,228.14,Consumer,Streaming Add-on,4855,Won
2022-04-17,CB-1000524,178.11,Consumer,Device Protection,4871,Open
2022-04-18,CB-1000430,469.90,Enterprise,Cloud Services,4855,Open
2022-04-18,CB-1000439,679.85,Enterprise,Cloud Services,4870,Won
2022-04-18,CB-1000440,613.88,Enterprise,Cloud Services,4870,Won
2022-04-18,CB-1000503,203.67,Consumer,Streaming Add-on,4837,Lost
2022-04-18,CB-1000506,151.46,Consumer,Streaming Add-on,4855,Won
2022-04-18,CB-1000538,583.41,Wholesale,Bulk Voice,4870,Lost
2022-04-18,CB-1000562,600.19,Wholesale,IoT SIM,7030,Open
2022-04-19,CB-1000441,700.70,Enterprise,Cloud Services,4863,Won
2022-04-19,CB-1000453,320.21,Enterprise,Managed Support,4870,Won
2022-04-19,CB-1000492,196.81,Consumer,Mobile Plans,4871,Lost
2022-04-19,CB-1000494,197.37,Consumer,Mobile Plans,4870,Open
2022-04-19,CB-1000505,177.63,Consumer,Streaming Add-on,7030,Lost
2022-04-19,CB-1000529,196.35,Wholesale,Bulk Voice,4871,Won
2022-04-19,CB-1000559,365.96,Wholesale,Partner Resale,4837,Won
2022-04-19,CB-1000567,215.36,Wholesale,IoT SIM,4870,Lost
2022-04-20,CB-1000442,351.03,Enterprise,Cloud Services,4863,Lost
2022-04-20,CB-1000539,578.81,Wholesale,Bulk Voice,4837,Lost
2022-04-21,CB-1000489,246.69,Consumer,Mobile Plans,4855,Lost
2022-04-21,CB-1000499,209.14,Consumer,Mobile Plans,4855,Won
2022-04-21,CB-1000514,194.72,Consumer,Device Protection,4871,Lost
2022-04-21,CB-1000515,341.09,Consumer,Device Protection,7030,Pending
2022-04-21,CB-1000530,537.48,Wholesale,Bulk Voice,4837,Open
2022-04-21,CB-1000570,456.43,Wholesale,IoT SIM,4837,Lost
2022-04-22,CB-1000450,347.86,Enterprise,Managed Support,7030,Won
2022-04-22,CB-1000458,642.43,Enterprise,Managed Support,4855,Pending
2022-04-22,CB-1000466,358.42,Enterprise,Managed Support,4837,Open
2022-04-22,CB-1000480,820.41,Enterprise,Platform API,7030,Lost
2022-04-22,CB-1000543,238.72,Wholesale,Bulk Voice,4871,Open
2022-04-22,CB-1000544,176.00,Wholesale,Bulk Voice,4855,Pending
2022-04-23,CB-1000438,402.68,Enterprise,Cloud Services,4855,Lost
2022-04-23,CB-1000470,435.62,Enterprise,Platform API,4837,Won
2022-04-23,CB-1000476,844.03,Enterprise,Platform API,4870,Lost
2022-04-23,CB-1000498,227.47,Consumer,Mobile Plans,4837,Pending
2022-04-23,CB-1000532,537.60,Wholesale,Bulk Voice,7030,Won
2022-04-23,CB-1000554,398.20,Wholesale,Partner Resale,4870,Won
2022-04-24,CB-1000496,193.93,Consumer,Mobile Plans,7030,Lost
2022-04-24,CB-1000513,160.19,Consumer,Device Protection,4870,Pending
2022-04-24,CB-1000516,182.34,Consumer,Device Protection,4837,Pending
2022-04-24,CB-1000525,165.29,Consumer,Device Protection,4855,Won
2022-04-25,CB-1000432,856.72,Enterprise,Cloud Services,4870,Lost
2022-04-25,CB-1000463,574.06,Enterprise,Managed Support,4837,Won
2022-04-25,CB-1000501,399.06,Consumer,Streaming Add-on,7030,Won
2022-04-25,CB-1000510,247.46,Consumer,Streaming Add-on,7030,Lost
2022-04-26,CB-1000473,909.35,Enterprise,Platform API,7030,Lost
2022-04-26,CB-1000475,293.09,Enterprise,Platform API,4837,Won
2022-04-26,CB-1000483,296.33,Consumer,Mobile Plans,4837,Lost
2022-04-26,CB-1000553,297.37,Wholesale,Partner Resale,4837,Open
2022-04-26,CB-1000568,320.74,Wholesale,IoT SIM,7030,Open
2022-04-27,CB-1000488,231.95,Consumer,Mobile Plans,4863,Lost
2022-04-27,CB-1000493,195.70,Consumer,Mobile Plans,4837,Lost
2022-04-27,CB-1000507,357.17,Consumer,Streaming Add-on,7030,Lost
2022-04-27,CB-1000531,543.05,Wholesale,Bulk Voice,4837,Lost
2022-04-27,CB-1000547,310.99,Wholesale,Partner Resale,4870,Lost
2022-04-27,CB-1000550,398.97,Wholesale,Partner Resale,4871,Open
2022-04-27,CB-1000561,321.26,Wholesale,Partner Resale,7030,Won
2022-04-28,CB-1000451,588.37,Enterprise,Managed Support,4871,Lost
2022-04-28,CB-1000481,581.99,Enterprise,Platform API,4863,Won
2022-04-28,CB-1000508,250.03,Consumer,Streaming Add-on,4871,Won
2022-04-28,CB-1000572,333.71,Wholesale,IoT SIM,4837,Pending
2022-04-29,CB-1000454,590.43,Enterprise,Managed Support,7030,Pending
2022-04-29,CB-1000460,586.81,Enterprise,Managed Support,4871,Lost
2022-04-29,CB-1000486,179.89,Consumer,Mobile Plans,7030,Won
2022-04-29,CB-1000497,158.22,Consumer,Mobile Plans,4870,Lost
2022-04-29,CB-1000536,424.93,Wholesale,Bulk Voice,4837,Won
2022-04-29,CB-1000549,251.27,Wholesale,Partner Resale,4863,Won
2022-04-30,CB-1000443,950.61,Enterprise,Cloud Services,7030,Lost
2022-05-01,CB-1000611,523.92,Enterprise,Managed Support,4871,Won
2022-05-01,CB-1000663,409.95,Consumer,Streaming Add-on,7030,Pending
2022-05-02,CB-1000608,560.43,Enterprise,Managed Support,4837,Lost
2022-05-02,CB-1000675,168.49,Consumer,Device Protection,4855,Won
2022-05-02,CB-1000677,156.87,Consumer,Device Protection,4855,Won
2022-05-02,CB-1000680,143.80,Consumer,Device Protection,4871,Lost
2022-05-03,CB-1000578,607.93,Enterprise,Cloud Services,4837,Won
2022-05-03,CB-1000580,641.29,Enterprise,Cloud Services,4837,Lost
2022-05-03,CB-1000590,280.39,Enterprise,Cloud Services,4855,Pending
2022-05-03,CB-1000626,485.10,Enterprise,Platform API,4863,Pending
2022-05-03,CB-1000647,193.39,Consumer,Mobile Plans,4855,Won
2022-05-03,CB-1000683,279.00,Consumer,Device Protection,4855,Pending
2022-05-04,CB-1000617,587.12,Enterprise,Managed Support,4855,Won
2022-05-04,CB-1000623,560.98,Enterprise,Platform API,4870,Lost
2022-05-04,CB-1000651,251.49,Consumer,Mobile Plans,4855,Lost
2022-05-04,CB-1000661,154.26,Consumer,Streaming Add-on,4871,Lost
2022-05-04,CB-1000666,143.88,Consumer,Streaming Add-on,4837,Won
2022-05-04,CB-1000668,131.54,Consumer,Device Protection,4855,Lost
2022-05-05,CB-1000579,444.80,Enterprise,Cloud Services,4870,Lost
2022-05-05,CB-1000587,638.19,Enterprise,Cloud Services,4837,Won
2022-05-05,CB-1000606,242.62,Enterprise,Managed Support,4855,Pending
2022-05-05,CB-1000630,363.26,Enterprise,Platform API,4871,Won
2022-05-05,CB-1000631,802.01,Enterprise,Platform API,4870,Won
2022-05-05,CB-1000700,391.84,Wholesale,Bulk Voice,4837,Lost
2022-05-06,CB-1000625,529.99,Enterprise,Platform API,4871,Open
2022-05-07,CB-1000577,543.50,Enterprise,Cloud Services,4855,Won
2022-05-07,CB-1000588,284.12,Enterprise,Cloud Services,4855,Lost
2022-05-07,CB-1000592,210.98,Enterprise,Cloud Services,4871,Lost
2022-05-08,CB-1000653,172.55,Consumer,Mobile Plans,4871,Lost
2022-05-08,CB-1000660,171.86,Consumer,Streaming Add-on,4863,Lost
2022-05-08,CB-1000674,195.74,Consumer,Device Protection,4870,Won
2022-05-08,CB-1000676,362.36,Consumer,Device Protection,7030,Won
2022-05-08,CB-1000707,271.96,Wholesale,Partner Resale,4863,Won
2022-05-09,CB-1000598,621.14,Enterprise,Managed Support,4855,Lost
2022-05-09,CB-1000600,426.46,Enterprise,Managed Support,7030,Lost
2022-05-09,CB-1000610,378.92,Enterprise,Managed Support,4863,Lost
2022-05-09,CB-1000643,155.91,Consumer,Mobile Plans,7030,Won
2022-05-09,CB-1000692,366.87,Wholesale,Bulk Voice,7030,Pending
2022-05-09,CB-1000698,282.91,Wholesale,Bulk Voice,4870,Open
2022-05-09,CB-1000712,207.80,Wholesale,Partner Resale,4837,Pending
2022-05-09,CB-1000721,213.94,Wholesale,IoT SIM,4871,Won
2022-05-10,CB-1000596,318.88,Enterprise,Cloud Services,4870,Pending
2022-05-10,CB-1000605,389.98,Enterprise,Managed Support,4870,Open
2022-05-10,CB-1000714,404.95,Wholesale,Partner Resale,4871,Pending
2022-05-11,CB-1000593,481.11,Enterprise,Cloud Services,4871,Open
2022-05-11,CB-1000637,285.96,Consumer,Mobile Plans,7030,Pending
2022-05-11,CB-1000684,291.05,Wholesale,Bulk Voice,4855,Pending
2022-05-12,CB-1000584,497.84,Enterprise,Cloud Services,4871,Pending
2022-05-12,CB-1000662,294.18,Consumer,Streaming Add-on,4870,Won
2022-05-12,CB-1000688,448.52,Wholesale,Bulk Voice,4863,Won
2022-05-13,CB-1000594,523.14,Enterprise,Cloud Services,4870,Won
2022-05-13,CB-1000604,356.27,Enterprise,Managed Support,4871,Lost
2022-05-13,CB-1000615,544.26,Enterprise,Managed Support,4837,Lost
2022-05-13,CB-1000619,601.82,Enterprise,Managed Support,4837,Won
2022-05-13,CB-1000620,830.34,Enterprise,Platform API,4870,Won
2022-05-13,CB-1000638,265.03,Consumer,Mobile Plans,7030,Lost
2022-05-13,CB-1000665,149.75,Consumer,Streaming Add-on,4870,Lost
2022-05-13,CB-1000667,121.73,Consumer,Device Protection,4863,Lost
2022-05-13,CB-1000682,423.23,Consumer,Device Protection,7030,Won
2022-05-13,CB-1000716,433.99,Wholesale,Partner Resale,4863,Lost
2022-05-14,CB-1000659,213.64,Consumer,Streaming Add-on,4870,Won
2022-05-14,CB-1000678,365.68,Consumer,Device Protection,7030,Lost
2022-05-14,CB-1000715,518.52,Wholesale,Partner Resale,4863,Lost
2022-05-15,CB-1000581,570.71,Enterprise,Cloud Services,4870,Open
2022-05-15,CB-1000633,277.61,Consumer,Mobile Plans,4837,Won
2022-05-15,CB-1000635,416.57,Consumer,Mobile Plans,7030,Lost
2022-05-15,CB-1000639,126.64,Consumer,Mobile Plans,4855,Pending
2022-05-15,CB-1000699,620.68,Wholesale,Bulk Voice,4870,Pending
2022-05-16,CB-1000612,287.63,Enterprise,Managed Support,4855,Won
2022-05-16,CB-1000624,251.12,Enterprise,Platform API,4863,Lost
2022-05-16,CB-1000646,201.31,Consumer,Mobile Plans,7030,Pending
2022-05-16,CB-1000723,463.54,Wholesale,IoT SIM,7030,Won
2022-05-17,CB-1000621,346.33,Enterprise,Platform API,4863,Lost
2022-05-17,CB-1000673,310.13,Consumer,Device Protection,4870,Lost
2022-05-17,CB-1000681,233.60,Consumer,Device Protection,4863,Lost
2022-05-18,CB-1000575,635.77,Enterprise,Cloud Services,4863,Lost
2022-05-18,CB-1000622,618.45,Enterprise,Platform API,4870,Open
2022-05-18,CB-1000628,541.72,Enterprise,Platform API,4837,Lost
2022-05-18,CB-1000648,193.88,Consumer,Mobile Plans,4871,Won
2022-05-18,CB-1000686,390.19,Wholesale,Bulk Voice,4863,Won
2022-05-18,CB-1000697,298.34,Wholesale,Bulk Voice,4871,Won
2022-05-18,CB-1000702,277.92,Wholesale,Bulk Voice,7030,Lost
2022-05-18,CB-1000717,380.01,Wholesale,Partner Resale,4870,Open
2022-05-19,CB-1000614,499.59,Enterprise,Managed Support,4837,Pending
2022-05-19,CB-1000649,229.26,Consumer,Mobile Plans,4855,Lost
2022-05-19,CB-1000718,214.00,Wholesale,IoT SIM,4870,Pending
2022-05-20,CB-1000650,151.38,Consumer,Mobile Plans,4870,Pending
2022-05-20,CB-1000652,178.01,Consumer,Mobile Plans,4863,Won
2022-05-20,CB-1000669,160.48,Consumer,Device Protection,7030,Lost
2022-05-20,CB-1000687,193.61,Wholesale,Bulk Voice,4871,Won
2022-05-20,CB-1000695,476.61,Wholesale,Bulk Voice,7030,Won
2022-05-20,CB-1000720,208.49,Wholesale,IoT SIM,4871,Won
2022-05-21,CB-1000582,699.66,Enterprise,Cloud Services,7030,Pending
2022-05-21,CB-1000595,768.65,Enterprise,Cloud Services,7030,Won
2022-05-21,CB-1000599,411.82,Enterprise,Managed Support,4871,Won
2022-05-21,CB-1000657,326.03,Consumer,Streaming Add-on,7030,Lost
2022-05-21,CB-1000664,255.46,Consumer,Streaming Add-on,4837,Lost
2022-05-21,CB-1000710,672.75,Wholesale,Partner Resale,7030,Open
2022-05-21,CB-1000713,425.26,Wholesale,Partner Resale,4837,Won
2022-05-22,CB-1000589,588.67,Enterprise,Cloud Services,7030,Won
2022-05-22,CB-1000701,184.39,Wholesale,Bulk Voice,4855,Lost
2022-05-22,CB-1000704,470.38,Wholesale,Partner Resale,4855,Won
2022-05-22,CB-1000708,700.58,Wholesale,Partner Resale,7030,Won
2022-05-22,CB-1000724,251.65,Wholesale,IoT SIM,7030,Pending
2022-05-23,CB-1000602,690.16,Enterprise,Managed Support,4863,Lost
2022-05-23,CB-1000640,197.25,Consumer,Mobile Plans,7030,Lost
2022-05-23,CB-1000655,229.90,Consumer,Streaming Add-on,7030,Won
2022-05-23,CB-1000725,503.92,Wholesale,IoT SIM,4870,Pending
2022-05-23,CB-1000727,437.33,Wholesale,IoT SIM,7030,Won
2022-05-24,CB-1000574,500.52,Enterprise,Cloud Services,4855,Lost
2022-05-24,CB-1000597,404.92,Enterprise,Managed Support,4870,Lost
2022-05-24,CB-1000607,581.86,Enterprise,Managed Support,4863,Won
2022-05-24,CB-1000609,589.68,Enterprise,Managed Support,4871,Lost
2022-05-24,CB-1000645,257.90,Consumer,Mobile Plans,4870,Won
2022-05-24,CB-1000654,151.44,Consumer,Streaming Add-on,4870,Lost
2022-05-24,CB-1000656,249.89,Consumer,Streaming Add-on,4871,Lost
2022-05-24,CB-1000691,573.60,Wholesale,Bulk Voice,7030,Pending
2022-05-24,CB-1000726,441.44,Wholesale,IoT SIM,7030,Lost
2022-05-25,CB-1000583,406.71,Enterprise,Cloud Services,4855,Won
2022-05-25,CB-1000618,500.72,Enterprise,Managed Support,4870,Open
2022-05-25,CB-1000690,422.32,Wholesale,Bulk Voice,4871,Won
2022-05-25,CB-1000696,398.45,Wholesale,Bulk Voice,4855,Pending
2022-05-25,CB-1000703,324.65,Wholesale,Bulk Voice,4855,Open
2022-05-25,CB-1000706,290.56,Wholesale,Partner Resale,4863,Won
2022-05-26,CB-1000576,373.47,Enterprise,Cloud Services,7030,Won
2022-05-26,CB-1000601,453.95,Enterprise,Managed Support,4855,Won
2022-05-26,CB-1000627,268.66,Enterprise,Platform API,4871,Won
2022-05-26,CB-1000641,169.27,Consumer,Mobile Plans,4855,Lost
2022-05-26,CB-1000671,270.87,Consumer,Device Protection,4837,Won
2022-05-27,CB-1000586,693.28,Enterprise,Cloud Services,7030,Lost
2022-05-27,CB-1000591,605.64,Enterprise,Cloud Services,4855,Won
2022-05-27,CB-1000613,578.16,Enterprise,Managed Support,4863,Won
2022-05-27,CB-1000616,315.44,Enterprise,Managed Support,4855,Pending
2022-05-27,CB-1000722,311.17,Wholesale,IoT SIM,4870,Open
2022-05-28,CB-1000603,395.80,Enterprise,Managed Support,4837,Pending
2022-05-28,CB-1000629,905.42,Enterprise,Platform API,7030,Open
2022-05-28,CB-1000634,193.22,Consumer,Mobile Plans,4855,Lost
2022-05-28,CB-1000636,177.10,Consumer,Mobile Plans,4863,Lost
2022-05-28,CB-1000642,153.56,Consumer,Mobile Plans,4871,Pending
2022-05-28,CB-1000709,246.37,Wholesale,Partner Resale,7030,Open
2022-05-28,CB-1000711,438.66,Wholesale,Partner Resale,4855,Open
2022-05-29,CB-1000672,265.82,Consumer,Device Protection,4863,Lost
2022-05-29,CB-1000693,621.54,Wholesale,Bulk Voice,4870,Pending
2022-05-29,CB-1000694,357.54,Wholesale,Bulk Voice,4863,Pending
2022-05-29,CB-1000705,229.98,Wholesale,Partner Resale,4837,Pending
2022-05-29,CB-1000719,582.66,Wholesale,IoT SIM,4870,Pending
2022-05-29,CB-1000728,319.30,Wholesale,IoT SIM,4870,Open
2022-05-30,CB-1000585,359.91,Enterprise,Cloud Services,4871,Won
2022-05-30,CB-1000632,498.73,Enterprise,Platform API,4855,Won
2022-05-30,CB-1000658,229.66,Consumer,Streaming Add-on,4855,Open
2022-05-30,CB-1000670,153.28,Consumer,Device Protection,4863,Pending
2022-05-30,CB-1000689,324.44,Wholesale,Bulk Voice,4870,Won
2022-05-31,CB-1000644,358.93,Consumer,Mobile Plans,7030,Won
2022-05-31,CB-1000679,171.36,Consumer,Device Protection,4855,Lost
2022-05-31,CB-1000685,308.77,Wholesale,Bulk Voice,7030,Won
2022-06-01,CB-1000750,611.21,Enterprise,Cloud Services,4855,Won
2022-06-01,CB-1000768,628.03,Enterprise,Managed Support,4863,Lost
2022-06-01,CB-1000781,330.14,Enterprise,Platform API,4863,Won
2022-06-01,CB-1000817,303.18,Consumer,Streaming Add-on,7030,Lost
2022-06-01,CB-1000844,221.07,Wholesale,Bulk Voice,4871,Open
2022-06-01,CB-1000866,351.51,Wholesale,Partner Resale,4871,Won
2022-06-01,CB-1000872,287.29,Wholesale,Partner Resale,4871,Won
2022-06-02,CB-1000732,440.50,Enterprise,Cloud Services,4837,Pending
2022-06-02,CB-1000760,780.42,Enterprise,Managed Support,4870,Won
2022-06-02,CB-1000787,253.39,Enterprise,Platform API,4855,Won
2022-06-02,CB-1000790,150.66,Consumer,Mobile Plans,4837,Won
2022-06-02,CB-1000795,150.02,Consumer,Mobile Plans,4855,Won
2022-06-02,CB-1000813,334.06,Consumer,Streaming Add-on,7030,Won
2022-06-02,CB-1000838,168.52,Consumer,Device Protection,4837,Won
2022-06-02,CB-1000855,581.22,Wholesale,Bulk Voice,4870,Pending
2022-06-03,CB-1000736,929.50,Enterprise,Cloud Services,7030,Open
2022-06-03,CB-1000762,810.87,Enterprise,Managed Support,4870,Open
2022-06-03,CB-1000802,238.91,Consumer,Mobile Plans,4837,Pending
2022-06-03,CB-1000804,168.32,Consumer,Mobile Plans,4863,Open
2022-06-03,CB-1000849,617.43,Wholesale,Bulk Voice,7030,Won
2022-06-03,CB-1000851,618.15,Wholesale,Bulk Voice,4870,Lost
2022-06-03,CB-1000862,244.52,Wholesale,Partner Resale,4855,Won
2022-06-03,CB-1000868,545.65,Wholesale,Partner Resale,4837,Won
2022-06-03,CB-1000884,283.86,Wholesale,IoT SIM,4870,Lost
2022-06-04,CB-1000755,832.03,Enterprise,Managed Support,7030,Won
2022-06-05,CB-1000812,123.99,Consumer,Streaming Add-on,4863,Pending
2022-06-05,CB-1000816,142.86,Consumer,Streaming Add-on,4855,Lost
2022-06-06,CB-1000749,643.03,Enterprise,Cloud Services,4855,Lost
2022-06-06,CB-1000777,470.06,Enterprise,Platform API,4871,Lost
2022-06-06,CB-1000814,272.36,Consumer,Streaming Add-on,4870,Won
2022-06-06,CB-1000827,254.55,Consumer,Device Protection,4870,Pending
2022-06-06,CB-1000842,229.42,Consumer,Device Protection,7030,Won
2022-06-06,CB-1000846,209.27,Wholesale,Bulk Voice,4837,Lost
2022-06-06,CB-1000876,330.57,Wholesale,Partner Resale,4855,Pending
2022-06-06,CB-1000886,570.03,Wholesale,IoT SIM,4870,Lost
2022-06-07,CB-1000763,437.86,Enterprise,Managed Support,4871,Lost
2022-06-07,CB-1000783,719.36,Enterprise,Platform API,4837,Lost
2022-06-07,CB-1000788,129.75,Consumer,Mobile Plans,4855,Pending
2022-06-07,CB-1000796,350.46,Consumer,Mobile Plans,4837,Pending
2022-06-07,CB-1000839,351.57,Consumer,Device Protection,4870,Lost
2022-06-08,CB-1000737,701.21,Enterprise,Cloud Services,4870,Open
2022-06-08,CB-1000820,138.63,Consumer,Streaming Add-on,4870,Pending
2022-06-08,CB-1000832,151.95,Consumer,Device Protection,4870,Pending
2022-06-08,CB-1000835,308.48,Consumer,Device Protection,4870,Lost
2022-06-08,CB-1000859,339.99,Wholesale,Bulk Voice,4863,Open
2022-06-09,CB-1000740,473.03,Enterprise,Cloud Services,4863,Lost
2022-06-09,CB-1000774,340.80,Enterprise,Platform API,4863,Won
2022-06-09,CB-1000803,319.30,Consumer,Mobile Plans,4837,Lost
2022-06-09,CB-1000843,438.38,Wholesale,Bulk Voice,4863,Lost
2022-06-09,CB-1000853,183.65,Wholesale,Bulk Voice,4855,Won
2022-06-09,CB-1000878,585.16,Wholesale,IoT SIM,4870,Won
2022-06-09,CB-1000883,286.42,Wholesale,IoT SIM,4855,Lost
2022-06-10,CB-1000746,407.28,Enterprise,Cloud Services,4863,Lost
2022-06-10,CB-1000753,373.52,Enterprise,Managed Support,4871,Won
2022-06-10,CB-1000769,749.42,Enterprise,Managed Support,4837,Won
2022-06-10,CB-1000792,144.66,Consumer,Mobile Plans,7030,Won
2022-06-10,CB-1000854,345.32,Wholesale,Bulk Voice,4870,Won
2022-06-10,CB-1000856,363.47,Wholesale,Bulk Voice,4870,Lost
2022-06-11,CB-1000744,220.93,Enterprise,Cloud Services,4871,Won
2022-06-11,CB-1000759,475.55,Enterprise,Managed Support,7030,Won
2022-06-11,CB-1000793,187.32,Consumer,Mobile Plans,4855,Won
2022-06-12,CB-1000775,664.27,Enterprise,Platform API,4863,Open
2022-06-12,CB-1000845,647.37,Wholesale,Bulk Voice,7030,Lost
2022-06-12,CB-1000858,545.38,Wholesale,Bulk Voice,4870,Lost
2022-06-12,CB-1000869,570.27,Wholesale,Partner Resale,4870,Lost
2022-06-12,CB-1000882,435.51,Wholesale,IoT SIM,4871,Won
2022-06-13,CB-1000761,273.40,Enterprise,Managed Support,4855,Lost
2022-06-13,CB-1000766,588.15,Enterprise,Managed Support,4863,Pending
2022-06-13,CB-1000794,150.18,Consumer,Mobile Plans,4871,Pending
2022-06-13,CB-1000863,528.07,Wholesale,Partner Resale,7030,Lost
2022-06-13,CB-1000873,276.26,Wholesale,Partner Resale,4871,Open
2022-06-14,CB-1000730,589.85,Enterprise,Cloud Services,4871,Won
2022-06-14,CB-1000747,467.10,Enterprise,Cloud Services,4870,Won
2022-06-14,CB-1000756,313.43,Enterprise,Managed Support,4855,Pending
2022-06-14,CB-1000767,706.93,Enterprise,Managed Support,7030,Lost
2022-06-14,CB-1000860,541.28,Wholesale,Partner Resale,4870,Won
2022-06-15,CB-1000735,617.12,Enterprise,Cloud Services,4870,Won
2022-06-15,CB-1000741,439.51,Enterprise,Cloud Services,4863,Lost
2022-06-15,CB-1000791,278.71,Consumer,Mobile Plans,7030,Lost
2022-06-16,CB-1000739,318.21,Enterprise,Cloud Services,4870,Pending
2022-06-16,CB-1000743,293.36,Enterprise,Cloud Services,4855,Won
2022-06-16,CB-1000875,329.48,Wholesale,Partner Resale,7030,Open
2022-06-17,CB-1000801,217.40,Consumer,Mobile Plans,7030,Lost
2022-06-17,CB-1000852,281.52,Wholesale,Bulk Voice,4871,Lost
2022-06-17,CB-1000888,475.81,Wholesale,IoT SIM,4870,Won
2022-06-18,CB-1000729,335.33,Enterprise,Cloud Services,4863,Won
2022-06-18,CB-1000734,248.73,Enterprise,Cloud Services,4863,Pending
2022-06-18,CB-1000742,536.60,Enterprise,Cloud Services,4855,Won
2022-06-18,CB-1000757,377.05,Enterprise,Managed Support,4855,Open
2022-06-18,CB-1000797,231.66,Consumer,Mobile Plans,4837,Pending
2022-06-18,CB-1000821,334.86,Consumer,Streaming Add-on,4870,Lost
2022-06-18,CB-1000828,115.92,Consumer,Device Protection,4855,Open
2022-06-18,CB-1000837,274.91,Consumer,Device Protection,4870,Won
2022-06-18,CB-1000887,420.99,Wholesale,IoT SIM,4863,Won
2022-06-19,CB-1000752,631.71,Enterprise,Managed Support,7030,Pending
2022-06-19,CB-1000819,151.08,Consumer,Streaming Add-on,4870,Won
2022-06-19,CB-1000824,204.87,Consumer,Streaming Add-on,4837,Pending
2022-06-20,CB-1000798,208.46,Consumer,Mobile Plans,4870,Pending
2022-06-20,CB-1000806,239.81,Consumer,Mobile Plans,4855,Lost
2022-06-20,CB-1000807,332.68,Consumer,Mobile Plans,4870,Won
2022-06-20,CB-1000848,313.33,Wholesale,Bulk Voice,4871,Lost
2022-06-20,CB-1000864,303.34,Wholesale,Partner Resale,4863,Won
2022-06-21,CB-1000751,650.98,Enterprise,Cloud Services,7030,Won
2022-06-21,CB-1000805,163.09,Consumer,Mobile Plans,4855,Won
2022-06-21,CB-1000829,120.81,Consumer,Device Protection,4863,Pending
2022-06-21,CB-1000831,140.09,Consumer,Device Protection,4855,Open
2022-06-22,CB-1000809,211.11,Consumer,Mobile Plans,4855,Lost
2022-06-22,CB-1000830,160.47,Consumer,Device Protection,4855,Lost
2022-06-22,CB-1000833,271.88,Consumer,Device Protection,4855,Lost
2022-06-22,CB-1000841,109.29,Consumer,Device Protection,4855,Open
2022-06-23,CB-1000738,448.65,Enterprise,Cloud Services,4863,Lost
2022-06-23,CB-1000758,427.62,Enterprise,Managed Support,7030,Lost
2022-06-23,CB-1000764,691.65,Enterprise,Managed Support,7030,Open
2022-06-23,CB-1000810,271.13,Consumer,Mobile Plans,4870,Lost
2022-06-23,CB-1000822,235.94,Consumer,Streaming Add-on,4871,Lost
2022-06-23,CB-1000823,276.29,Consumer,Streaming Add-on,7030,Lost
2022-06-23,CB-1000834,154.44,Consumer,Device Protection,4863,Pending
2022-06-23,CB-1000885,245.15,Wholesale,IoT SIM,4871,Won
2022-06-24,CB-1000780,391.05,Enterprise,Platform API,4871,Pending
2022-06-24,CB-1000799,110.39,Consumer,Mobile Plans,4871,Won
2022-06-24,CB-1000811,191.76,Consumer,Mobile Plans,4855,Open
2022-06-24,CB-1000874,375.18,Wholesale,Partner Resale,4855,Won
2022-06-25,CB-1000770,544.10,Enterprise,Managed Support,4837,Open
2022-06-25,CB-1000784,434.05,Enterprise,Platform API,4870,Lost
2022-06-25,CB-1000786,243.20,Enterprise,Platform API,4863,Lost
2022-06-25,CB-1000789,371.52,Consumer,Mobile Plans,7030,Pending
2022-06-25,CB-1000847,179.56,Wholesale,Bulk Voice,4871,Pending
2022-06-25,CB-1000865,415.20,Wholesale,Partner Resale,4837,Pending
2022-06-25,CB-1000879,327.64,Wholesale,IoT SIM,4871,Won
2022-06-25,CB-1000881,315.89,Wholesale,IoT SIM,4863,Open
2022-06-26,CB-1000731,479.83,Enterprise,Cloud Services,4855,Lost
2022-06-26,CB-1000772,455.11,Enterprise,Managed Support,4837,Pending
2022-06-26,CB-1000776,624.05,Enterprise,Platform API,4863,Open
2022-06-26,CB-1000826,373.69,Consumer,Streaming Add-on,4870,Lost
2022-06-26,CB-1000850,533.16,Wholesale,Bulk Voice,4870,Open
2022-06-26,CB-1000861,357.13,Wholesale,Partner Resale,4870,Won
2022-06-27,CB-1000733,536.49,Enterprise,Cloud Services,4870,Won
2022-06-27,CB-1000748,899.25,Enterprise,Cloud Services,7030,Won
2022-06-27,CB-1000808,307.08,Consumer,Mobile Plans,4870,Won
2022-06-27,CB-1000840,129.01,Consumer,Device Protection,4855,Won
2022-06-27,CB-1000870,420.60,Wholesale,Partner Resale,4871,Won
2022-06-28,CB-1000745,227.34,Enterprise,Cloud Services,4855,Lost
2022-06-28,CB-1000771,339.95,Enterprise,Managed Support,7030,Lost
2022-06-28,CB-1000800,219.14,Consumer,Mobile Plans,4837,Lost
2022-06-28,CB-1000815,405.45,Consumer,Streaming Add-on,7030,Lost
2022-06-28,CB-1000825,116.56,Consumer,Streaming Add-on,4863,Pending
2022-06-28,CB-1000877,447.83,Wholesale,Partner Resale,7030,Lost
2022-06-29,CB-1000754,412.74,Enterprise,Managed Support,7030,Lost
2022-06-29,CB-1000785,590.58,Enterprise,Platform API,7030,Won
2022-06-29,CB-1000818,159.74,Consumer,Streaming Add-on,4863,Open
2022-06-29,CB-1000857,443.21,Wholesale,Bulk Voice,4855,Open
2022-06-29,CB-1000871,483.74,Wholesale,Partner Resale,4837,Open
2022-06-30,CB-1000765,511.49,Enterprise,Managed Support,4863,Open
2022-06-30,CB-1000773,545.27,Enterprise,Managed Support,4870,Lost
2022-06-30,CB-1000778,654.89,Enterprise,Platform API,7030,Won
2022-06-30,CB-1000779,416.48,Enterprise,Platform API,4871,Won
2022-06-30,CB-1000782,941.26,Enterprise,Platform API,7030,Lost
2022-06-30,CB-1000836,271.32,Consumer,Device Protection,4870,Won
2022-06-30,CB-1000867,547.18,Wholesale,Partner Resale,4870,Won
2022-06-30,CB-1000880,256.38,Wholesale,IoT SIM,4837,Pending
2022-07-01,CB-1000923,512.53,Enterprise,Managed Support,4871,Won
2022-07-01,CB-1000969,232.00,Consumer,Mobile Plans,7030,Won
2022-07-01,CB-1001016,332.57,Wholesale,Bulk Voice,4837,Pending
2022-07-02,CB-1000902,540.81,Enterprise,Cloud Services,7030,Pending
2022-07-02,CB-1000912,475.83,Enterprise,Cloud Services,4870,Lost
2022-07-02,CB-1000928,523.10,Enterprise,Managed Support,4855,Open
2022-07-02,CB-1000934,632.60,Enterprise,Managed Support,4837,Lost
2022-07-02,CB-1000967,239.29,Consumer,Mobile Plans,4863,Lost
2022-07-02,CB-1001049,435.02,Wholesale,IoT SIM,4837,Lost
2022-07-03,CB-1000890,786.34,Enterprise,Cloud Services,7030,Lost
2022-07-03,CB-1000919,564.00,Enterprise,Managed Support,4863,Lost
2022-07-03,CB-1000920,391.48,Enterprise,Managed Support,7030,Won
2022-07-03,CB-1000973,309.99,Consumer,Mobile Plans,7030,Lost
2022-07-03,CB-1001026,344.51,Wholesale,Bulk Voice,4870,Lost
2022-07-03,CB-1001034,473.91,Wholesale,Partner Resale,4837,Won
2022-07-03,CB-1001035,375.05,Wholesale,Partner Resale,4871,Won
2022-07-04,CB-1000931,516.34,Enterprise,Managed Support,4855,Lost
2022-07-04,CB-1000970,89.82,Consumer,Mobile Plans,4871,Lost
2022-07-04,CB-1000986,262.60,Consumer,Streaming Add-on,4863,Pending
2022-07-04,CB-1001010,217.40,Wholesale,Bulk Voice,4863,Lost
2022-07-04,CB-1001017,231.34,Wholesale,Bulk Voice,4863,Won
2022-07-04,CB-1001025,444.05,Wholesale,Bulk Voice,4863,Won
2022-07-05,CB-1000965,287.52,Consumer,Mobile Plans,4837,Pending
2022-07-05,CB-1001008,283.23,Consumer,Device Protection,4855,Lost
2022-07-06,CB-1000909,619.92,Enterprise,Cloud Services,4837,Lost
2022-07-06,CB-1000916,427.51,Enterprise,Cloud Services,4871,Pending
2022-07-06,CB-1000927,668.61,Enterprise,Managed Support,4837,Open
2022-07-06,CB-1000936,741.61,Enterprise,Managed Support,4837,Open
2022-07-06,CB-1000943,302.28,Enterprise,Platform API,4871,Won
2022-07-06,CB-1000961,236.18,Consumer,Mobile Plans,4871,Lost
2022-07-06,CB-1000994,217.72,Consumer,Device Protection,4871,Pending
2022-07-06,CB-1001006,150.58,Consumer,Device Protection,4863,Lost
2022-07-06,CB-1001013,297.63,Wholesale,Bulk Voice,4863,Pending
2022-07-06,CB-1001014,414.60,Wholesale,Bulk Voice,4870,Lost
2022-07-06,CB-1001036,398.09,Wholesale,Partner Resale,4870,Pending
2022-07-06,CB-1001054,236.65,Wholesale,IoT SIM,4837,Pending
2022-07-07,CB-1000908,351.27,Enterprise,Cloud Services,4863,Won
2022-07-07,CB-1000917,627.07,Enterprise,Cloud Services,7030,Won
2022-07-07,CB-1000957,327.47,Consumer,Mobile Plans,4837,Pending
2022-07-07,CB-1001027,246.94,Wholesale,Partner Resale,4855,Pending
2022-07-08,CB-1000903,621.82,Enterprise,Cloud Services,4855,Won
2022-07-08,CB-1000976,163.14,Consumer,Mobile Plans,4870,Won
2022-07-08,CB-1000998,255.17,Consumer,Device Protection,4863,Pending
2022-07-08,CB-1001052,381.91,Wholesale,IoT SIM,4837,Won
2022-07-09,CB-1000900,386.62,Enterprise,Cloud Services,4837,Won
2022-07-09,CB-1000922,752.22,Enterprise,Managed Support,7030,Lost
2022-07-09,CB-1000962,259.44,Consumer,Mobile Plans,4863,Won
2022-07-09,CB-1000963,245.81,Consumer,Mobile Plans,4863,Won
2022-07-09,CB-1000971,135.75,Consumer,Mobile Plans,4855,Open
2022-07-09,CB-1000992,249.41,Consumer,Streaming Add-on,4855,Open
2022-07-09,CB-1001022,402.96,Wholesale,Bulk Voice,4871,Lost
2022-07-09,CB-1001048,398.96,Wholesale,IoT SIM,4870,Open
2022-07-10,CB-1000935,549.16,Enterprise,Managed Support,4863,Lost
2022-07-10,CB-1000938,770.33,Enterprise,Platform API,4870,Open
2022-07-10,CB-1000979,123.54,Consumer,Streaming Add-on,4863,Won
2022-07-10,CB-1000981,195.54,Consumer,Streaming Add-on,4855,Won
2022-07-10,CB-1000988,191.26,Consumer,Streaming Add-on,4855,Lost
2022-07-10,CB-1001029,539.33,Wholesale,Partner Resale,4870,Pending
2022-07-11,CB-1000952,387.58,Consumer,Mobile Plans,7030,Pending
2022-07-11,CB-1000974,317.91,Consumer,Mobile Plans,4837,Won
2022-07-11,CB-1000985,234.72,Consumer,Streaming Add-on,4870,Won
2022-07-11,CB-1001019,347.37,Wholesale,Bulk Voice,7030,Lost
2022-07-12,CB-1000949,453.78,Enterprise,Platform API,4871,Open
2022-07-12,CB-1000953,131.29,Consumer,Mobile Plans,4855,Open
2022-07-12,CB-1000968,151.70,Consumer,Mobile Plans,4855,Lost
2022-07-12,CB-1001030,485.81,Wholesale,Partner Resale,7030,Won
2022-07-13,CB-1000891,329.39,Enterprise,Cloud Services,4855,Lost
2022-07-13,CB-1000894,633.63,Enterprise,Cloud Services,4870,Pending
2022-07-13,CB-1000896,520.68,Enterprise,Cloud Services,7030,Lost
2022-07-13,CB-1000913,452.93,Enterprise,Cloud Services,4870,Pending
2022-07-13,CB-1000929,615.86,Enterprise,Managed Support,4863,Won
2022-07-13,CB-1000937,612.49,Enterprise,Platform API,4870,Won
2022-07-13,CB-1000944,580.80,Enterprise,Platform API,4870,Won
2022-07-13,CB-1000964,157.47,Consumer,Mobile Plans,4837,Won
2022-07-13,CB-1000975,181.59,Consumer,Mobile Plans,4837,Lost
2022-07-13,CB-1000982,131.40,Consumer,Streaming Add-on,4855,Won
2022-07-13,CB-1000984,278.54,Consumer,Streaming Add-on,4837,Lost
2022-07-13,CB-1001004,144.49,Consumer,Device Protection,4863,Won
2022-07-13,CB-1001039,269.89,Wholesale,Partner Resale,4855,Lost
2022-07-15,CB-1000921,508.91,Enterprise,Managed Support,4863,Lost
2022-07-15,CB-1000926,637.47,Enterprise,Managed Support,4837,Won
2022-07-15,CB-1000930,627.13,Enterprise,Managed Support,4863,Lost
2022-07-15,CB-1000947,775.62,Enterprise,Platform API,7030,Won
2022-07-15,CB-1000951,319.07,Enterprise,Platform API,4871,Open
2022-07-15,CB-1000989,208.27,Consumer,Streaming Add-on,4837,Lost
2022-07-15,CB-1001002,196.34,Consumer,Device Protection,4863,Lost
2022-07-16,CB-1000889,530.89,Enterprise,Cloud Services,4863,Lost
2022-07-16,CB-1000901,717.71,Enterprise,Cloud Services,4863,Lost
2022-07-16,CB-1000924,438.16,Enterprise,Managed Support,4871,Lost
2022-07-16,CB-1000932,394.60,Enterprise,Managed Support,4871,Lost
2022-07-16,CB-1000940,643.68,Enterprise,Platform API,4863,Lost
2022-07-16,CB-1000978,315.75,Consumer,Streaming Add-on,7030,Lost
2022-07-16,CB-1000983,319.91,Consumer,Streaming Add-on,4870,Won
2022-07-16,CB-1000987,287.17,Consumer,Streaming Add-on,4863,Pending
2022-07-16,CB-1001044,411.11,Wholesale,Partner Resale,4863,Won
2022-07-17,CB-1000895,464.86,Enterprise,Cloud Services,4863,Won
2022-07-17,CB-1000941,714.53,Enterprise,Platform API,4870,Won
2022-07-17,CB-1000942,524.01,Enterprise,Platform API,7030,Won
2022-07-17,CB-1000954,126.83,Consumer,Mobile Plans,4871,Pending
2022-07-17,CB-1000990,251.63,Consumer,Streaming Add-on,4837,Lost
2022-07-18,CB-1000980,162.13,Consumer,Streaming Add-on,4837,Lost
2022-07-18,CB-1001007,213.34,Consumer,Device Protection,4837,Lost
2022-07-19,CB-1000898,460.02,Enterprise,Cloud Services,4870,Won
2022-07-19,CB-1000904,250.93,Enterprise,Cloud Services,4871,Open
2022-07-19,CB-1000955,143.04,Consumer,Mobile Plans,4855,Lost
2022-07-19,CB-1001042,361.55,Wholesale,Partner Resale,7030,Lost
2022-07-20,CB-1001003,286.44,Consumer,Device Protection,7030,Lost
2022-07-20,CB-1001038,409.87,Wholesale,Partner Resale,4855,Lost
2022-07-20,CB-1001041,242.55,Wholesale,Partner Resale,4863,Pending
2022-07-21,CB-1000905,570.60,Enterprise,Cloud Services,4871,Lost
2022-07-21,CB-1000960,266.53,Consumer,Mobile Plans,4871,Pending
2022-07-21,CB-1000966,188.06,Consumer,Mobile Plans,4870,Pending
2022-07-22,CB-1001047,335.49,Wholesale,IoT SIM,4855,Won
2022-07-23,CB-1000999,332.75,Consumer,Device Protection,4870,Lost
2022-07-23,CB-1001001,233.89,Consumer,Device Protection,7030,Open
2022-07-23,CB-1001012,278.54,Wholesale,Bulk Voice,7030,Lost
2022-07-23,CB-1001024,356.03,Wholesale,Bulk Voice,4863,Won
2022-07-23,CB-1001033,254.00,Wholesale,Partner Resale,7030,Won
2022-07-23,CB-1001050,311.82,Wholesale,IoT SIM,4871,Pending
2022-07-24,CB-1000948,431.42,Enterprise,Platform API,4855,Won
2022-07-24,CB-1000959,246.70,Consumer,Mobile Plans,4871,Won
2022-07-24,CB-1001000,162.70,Consumer,Device Protection,4837,Won
2022-07-24,CB-1001009,146.14,Consumer,Device Protection,4870,Lost
2022-07-24,CB-1001011,296.79,Wholesale,Bulk Voice,4837,Lost
2022-07-24,CB-1001045,384.53,Wholesale,IoT SIM,7030,Lost
2022-07-24,CB-1001055,412.75,Wholesale,IoT SIM,4871,Pending
2022-07-25,CB-1000918,384.63,Enterprise,Managed Support,4837,Pending
2022-07-25,CB-1000939,669.65,Enterprise,Platform API,4863,Won
2022-07-25,CB-1000946,670.35,Enterprise,Platform API,4870,Lost
2022-07-25,CB-1000950,529.32,Enterprise,Platform API,4870,Won
2022-07-25,CB-1000991,156.26,Consumer,Streaming Add-on,7030,Won
2022-07-25,CB-1001005,251.83,Consumer,Device Protection,4870,Pending
2022-07-25,CB-1001021,370.85,Wholesale,Bulk Voice,4837,Lost
2022-07-25,CB-1001037,241.23,Wholesale,Partner Resale,7030,Won
2022-07-25,CB-1001046,159.78,Wholesale,IoT SIM,4871,Open
2022-07-26,CB-1000893,596.44,Enterprise,Cloud Services,4837,Lost
2022-07-26,CB-1000914,638.47,Enterprise,Cloud Services,4837,Open
2022-07-26,CB-1000945,435.68,Enterprise,Platform API,4837,Pending
2022-07-27,CB-1000892,305.56,Enterprise,Cloud Services,4863,Open
2022-07-27,CB-1000915,444.90,Enterprise,Cloud Services,4870,Open
2022-07-27,CB-1000972,126.62,Consumer,Mobile Plans,4863,Won
2022-07-27,CB-1000997,253.33,Consumer,Device Protection,4863,Won
2022-07-27,CB-1001015,457.32,Wholesale,Bulk Voice,7030,Pending
2022-07-28,CB-1000906,580.76,Enterprise,Cloud Services,4863,Open
2022-07-28,CB-1000907,543.55,Enterprise,Cloud Services,4837,Lost
2022-07-28,CB-1000910,546.21,Enterprise,Cloud Services,4863,Lost
2022-07-28,CB-1000995,252.52,Consumer,Device Protection,4871,Lost
2022-07-28,CB-1001018,320.33,Wholesale,Bulk Voice,4837,Lost
2022-07-28,CB-1001031,491.90,Wholesale,Partner Resale,4837,Open
2022-07-28,CB-1001032,216.67,Wholesale,Partner Resale,4837,Lost
2022-07-29,CB-1000897,638.19,Enterprise,Cloud Services,4837,Won
2022-07-29,CB-1000925,671.14,Enterprise,Managed Support,4870,Pending
2022-07-29,CB-1000996,154.87,Consumer,Device Protection,4855,Lost
2022-07-29,CB-1001020,572.08,Wholesale,Bulk Voice,7030,Open
2022-07-29,CB-1001028,363.30,Wholesale,Partner Resale,4837,Won
2022-07-29,CB-1001043,248.40,Wholesale,Partner Resale,4871,Open
2022-07-30,CB-1000899,652.99,Enterprise,Cloud Services,4855,Pending
2022-07-30,CB-1000933,865.44,Enterprise,Managed Support,7030,Pending
2022-07-30,CB-1000958,161.44,Consumer,Mobile Plans,4871,Won
2022-07-30,CB-1000993,353.17,Consumer,Device Protection,7030,Lost
2022-07-30,CB-1001040,519.49,Wholesale,Partner Resale,4837,Pending
2022-07-31,CB-1000911,370.34,Enterprise,Cloud Services,4855,Lost
2022-07-31,CB-1000956,157.71,Consumer,Mobile Plans,4855,Lost
2022-07-31,CB-1000977,184.75,Consumer,Streaming Add-on,4863,Lost
2022-07-31,CB-1001023,540.22,Wholesale,Bulk Voice,4837,Won
2022-07-31,CB-1001051,503.64,Wholesale,IoT SIM,4837,Won
2022-07-31,CB-1001053,378.21,Wholesale,IoT SIM,4870,Open
2022-08-01,CB-1001097,507.79,Enterprise,Managed Support,4863,Won
2022-08-01,CB-1001145,167.95,Consumer,Streaming Add-on,4837,Won
2022-08-01,CB-1001154,171.41,Consumer,Streaming Add-on,4855,Won
2022-08-01,CB-1001161,287.18,Consumer,Device Protection,4870,Pending
2022-08-01,CB-1001166,163.45,Consumer,Device Protection,4871,Lost
2022-08-02,CB-1001064,446.67,Enterprise,Cloud Services,4837,Pending
2022-08-02,CB-1001069,591.18,Enterprise,Cloud Services,4870,Won
2022-08-02,CB-1001142,232.73,Consumer,Mobile Plans,4837,Pending
2022-08-02,CB-1001162,118.18,Consumer,Device Protection,4871,Lost
2022-08-02,CB-1001176,320.95,Wholesale,Bulk Voice,4871,Won
2022-08-02,CB-1001191,348.85,Wholesale,Bulk Voice,4871,Lost
2022-08-03,CB-1001072,478.90,Enterprise,Cloud Services,4871,Open
2022-08-03,CB-1001116,799.68,Enterprise,Platform API,4870,Open
2022-08-03,CB-1001144,405.88,Consumer,Streaming Add-on,7030,Lost
2022-08-03,CB-1001180,610.36,Wholesale,Bulk Voice,7030,Won
2022-08-03,CB-1001200,367.61,Wholesale,Partner Resale,4863,Pending
2022-08-03,CB-1001228,529.89,Wholesale,IoT SIM,4870,Won
2022-08-04,CB-1001095,313.69,Enterprise,Managed Support,4870,Lost
2022-08-04,CB-1001165,123.73,Consumer,Device Protection,4871,Pending
2022-08-04,CB-1001171,201.64,Consumer,Device Protection,4870,Lost
2022-08-04,CB-1001204,237.91,Wholesale,Partner Resale,4855,Lost
2022-08-04,CB-1001209,267.16,Wholesale,Partner Resale,4863,Lost
2022-08-04,CB-1001215,188.42,Wholesale,IoT SIM,4871,Lost
2022-08-04,CB-1001225,303.83,Wholesale,IoT SIM,7030,Lost
2022-08-05,CB-1001060,331.27,Enterprise,Cloud Services,4870,Won
2022-08-05,CB-1001099,450.54,Enterprise,Managed Support,4837,Open
2022-08-05,CB-1001110,439.84,Enterprise,Platform API,7030,Won
2022-08-05,CB-1001122,289.02,Consumer,Mobile Plans,4855,Lost
2022-08-05,CB-1001129,248.60,Consumer,Mobile Plans,4870,Won
2022-08-05,CB-1001158,144.16,Consumer,Device Protection,4870,Pending
2022-08-05,CB-1001185,407.20,Wholesale,Bulk Voice,4871,Won
2022-08-05,CB-1001224,280.10,Wholesale,IoT SIM,4855,Won
2022-08-06,CB-1001065,371.65,Enterprise,Cloud Services,7030,Lost
2022-08-06,CB-1001067,723.56,Enterprise,Cloud Services,7030,Lost
2022-08-06,CB-1001128,246.40,Consumer,Mobile Plans,7030,Open
2022-08-06,CB-1001179,420.30,Wholesale,Bulk Voice,4871,Won
2022-08-06,CB-1001193,411.77,Wholesale,Bulk Voice,4855,Lost
2022-08-07,CB-1001061,725.94,Enterprise,Cloud Services,4863,Won
2022-08-07,CB-1001080,381.10,Enterprise,Cloud Services,4855,Won
2022-08-07,CB-1001084,363.82,Enterprise,Managed Support,4871,Lost
2022-08-07,CB-1001094,507.14,Enterprise,Managed Support,4837,Lost
2022-08-07,CB-1001102,701.19,Enterprise,Managed Support,4837,Lost
2022-08-07,CB-1001151,159.15,Consumer,Streaming Add-on,4855,Pending
2022-08-07,CB-1001157,295.51,Consumer,Device Protection,4870,Won
2022-08-07,CB-1001173,258.63,Consumer,Device Protection,4870,Open
2022-08-07,CB-1001199,236.32,Wholesale,Partner Resale,4837,Pending
2022-08-08,CB-1001085,377.75,Enterprise,Managed Support,4855,Lost
2022-08-08,CB-1001098,361.40,Enterprise,Managed Support,7030,Lost
2022-08-08,CB-1001101,559.96,Enterprise,Managed Support,4837,Open
2022-08-08,CB-1001106,731.45,Enterprise,Platform API,7030,Won
2022-08-08,CB-1001222,277.66,Wholesale,IoT SIM,4870,Open
2022-08-09,CB-1001063,590.97,Enterprise,Cloud Services,4871,Pending
2022-08-09,CB-1001074,212.21,Enterprise,Cloud Services,4871,Pending
2022-08-09,CB-1001135,313.07,Consumer,Mobile Plans,4837,Pending
2022-08-09,CB-1001194,425.06,Wholesale,Bulk Voice,7030,Won
2022-08-09,CB-1001202,395.26,Wholesale,Partner Resale,4837,Lost
2022-08-10,CB-1001083,610.34,Enterprise,Managed Support,4855,Lost
2022-08-10,CB-1001127,200.41,Consumer,Mobile Plans,7030,Pending
2022-08-10,CB-1001132,194.61,Consumer,Mobile Plans,4863,Lost
2022-08-10,CB-1001134,337.21,Consumer,Mobile Plans,4870,Won
2022-08-10,CB-1001143,202.46,Consumer,Streaming Add-on,4870,Lost
2022-08-10,CB-1001147,275.33,Consumer,Streaming Add-on,4855,Lost
2022-08-10,CB-1001169,208.51,Consumer,Device Protection,4871,Open
2022-08-11,CB-1001058,398.29,Enterprise,Cloud Services,4863,Won
2022-08-11,CB-1001078,697.05,Enterprise,Cloud Services,4863,Lost
2022-08-11,CB-1001082,536.69,Enterprise,Cloud Services,4871,Won
2022-08-11,CB-1001113,320.40,Enterprise,Platform API,4870,Open
2022-08-11,CB-1001164,110.33,Consumer,Device Protection,4855,Lost
2022-08-11,CB-1001208,563.86,Wholesale,Partner Resale,4837,Won
2022-08-11,CB-1001223,478.55,Wholesale,IoT SIM,4863,Won
2022-08-12,CB-1001138,210.34,Consumer,Mobile Plans,4871,Lost
2022-08-12,CB-1001156,339.03,Consumer,Device Protection,7030,Pending
2022-08-13,CB-1001073,410.48,Enterprise,Cloud Services,4863,Lost
2022-08-13,CB-1001086,485.64,Enterprise,Managed Support,4855,Lost
2022-08-13,CB-1001092,958.92,Enterprise,Managed Support,7030,Lost
2022-08-13,CB-1001174,584.05,Wholesale,Bulk Voice,4837,Lost
2022-08-13,CB-1001219,268.09,Wholesale,IoT SIM,4863,Won
2022-08-14,CB-1001137,116.85,Consumer,Mobile Plans,4863,Won
2022-08-14,CB-1001175,373.38,Wholesale,Bulk Voice,4863,Open
2022-08-14,CB-1001184,465.96,Wholesale,Bulk Voice,4837,Pending
2022-08-14,CB-1001205,346.18,Wholesale,Partner Resale,4870,Won
2022-08-14,CB-1001221,277.11,Wholesale,IoT SIM,4871,Won
2022-08-14,CB-1001227,208.47,Wholesale,IoT SIM,4871,Lost
2022-08-15,CB-1001104,586.56,Enterprise,Managed Support,4855,Open
2022-08-15,CB-1001114,578.57,Enterprise,Platform API,4863,Pending
2022-08-15,CB-1001126,94.48,Consumer,Mobile Plans,4871,Lost
2022-08-15,CB-1001130,341.31,Consumer,Mobile Plans,4870,Lost
2022-08-15,CB-1001131,335.57,Consumer,Mobile Plans,4837,Lost
2022-08-15,CB-1001150,161.31,Consumer,Streaming Add-on,4855,Open
2022-08-15,CB-1001218,183.26,Wholesale,IoT SIM,4863,Lost
2022-08-16,CB-1001056,647.12,Enterprise,Cloud Services,4870,Lost
2022-08-16,CB-1001081,278.16,Enterprise,Cloud Services,4855,Lost
2022-08-16,CB-1001136,101.47,Consumer,Mobile Plans,4855,Lost
2022-08-16,CB-1001139,263.94,Consumer,Mobile Plans,4870,Won
2022-08-16,CB-1001155,133.97,Consumer,Device Protection,4870,Won
2022-08-16,CB-1001195,378.67,Wholesale,Bulk Voice,7030,Won
2022-08-16,CB-1001203,464.94,Wholesale,Partner Resale,7030,Pending
2022-08-17,CB-1001077,429.08,Enterprise,Cloud Services,4870,Pending
2022-08-17,CB-1001089,608.70,Enterprise,Managed Support,4837,Pending
2022-08-17,CB-1001090,373.26,Enterprise,Managed Support,4871,Won
2022-08-17,CB-1001091,544.66,Enterprise,Managed Support,4870,Won
2022-08-17,CB-1001160,218.27,Consumer,Device Protection,4871,Lost
2022-08-17,CB-1001181,701.51,Wholesale,Bulk Voice,7030,Pending
2022-08-17,CB-1001210,522.50,Wholesale,Partner Resale,4863,Won
2022-08-17,CB-1001220,397.57,Wholesale,IoT SIM,4837,Won
2022-08-18,CB-1001070,500.56,Enterprise,Cloud Services,4855,Lost
2022-08-18,CB-1001075,370.99,Enterprise,Cloud Services,7030,Open
2022-08-18,CB-1001133,206.02,Consumer,Mobile Plans,7030,Won
2022-08-18,CB-1001192,428.97,Wholesale,Bulk Voice,4863,Pending
2022-08-18,CB-1001226,406.40,Wholesale,IoT SIM,4863,Won
2022-08-19,CB-1001124,146.58,Consumer,Mobile Plans,4870,Won
2022-08-19,CB-1001140,204.36,Consumer,Mobile Plans,4870,Pending
2022-08-19,CB-1001198,194.09,Wholesale,Partner Resale,4871,Lost
2022-08-19,CB-1001206,368.74,Wholesale,Partner Resale,4863,Won
2022-08-20,CB-1001100,781.68,Enterprise,Managed Support,4870,Lost
2022-08-20,CB-1001149,318.25,Consumer,Streaming Add-on,7030,Lost
2022-08-20,CB-1001159,93.35,Consumer,Device Protection,4871,Open
2022-08-20,CB-1001167,135.40,Consumer,Device Protection,4871,Lost
2022-08-20,CB-1001178,213.40,Wholesale,Bulk Voice,4855,Lost
2022-08-20,CB-1001211,345.56,Wholesale,Partner Resale,4870,Open
2022-08-21,CB-1001068,716.17,Enterprise,Cloud Services,7030,Lost
2022-08-21,CB-1001096,546.22,Enterprise,Managed Support,7030,Won
2022-08-21,CB-1001103,808.28,Enterprise,Managed Support,4870,Pending
2022-08-21,CB-1001105,329.63,Enterprise,Platform API,4870,Open
2022-08-21,CB-1001168,286.74,Consumer,Device Protection,4870,Open
2022-08-21,CB-1001183,504.48,Wholesale,Bulk Voice,4863,Won
2022-08-21,CB-1001189,303.92,Wholesale,Bulk Voice,4855,Won
2022-08-22,CB-1001059,360.15,Enterprise,Cloud Services,7030,Lost
2022-08-22,CB-1001066,566.71,Enterprise,Cloud Services,4837,Won
2022-08-22,CB-1001088,601.50,Enterprise,Managed Support,4837,Open
2022-08-22,CB-1001093,347.10,Enterprise,Managed Support,4871,Open
2022-08-22,CB-1001111,523.78,Enterprise,Platform API,4855,Lost
2022-08-22,CB-1001153,240.91,Consumer,Streaming Add-on,7030,Lost
2022-08-22,CB-1001190,401.57,Wholesale,Bulk Voice,7030,Open
2022-08-22,CB-1001197,368.46,Wholesale,Partner Resale,7030,Open
2022-08-22,CB-1001207,370.94,Wholesale,Partner Resale,4863,Pending
2022-08-23,CB-1001076,691.15,Enterprise,Cloud Services,7030,Lost
2022-08-23,CB-1001107,564.17,Enterprise,Platform API,4837,Open
2022-08-23,CB-1001108,414.57,Enterprise,Platform API,4871,Won
2022-08-23,CB-1001188,308.33,Wholesale,Bulk Voice,4863,Pending
2022-08-23,CB-1001212,176.98,Wholesale,Partner Resale,4871,Lost
2022-08-23,CB-1001214,435.09,Wholesale,IoT SIM,4837,Lost
2022-08-24,CB-1001071,564.08,Enterprise,Cloud Services,4837,Lost
2022-08-24,CB-1001123,138.21,Consumer,Mobile Plans,4870,Won
2022-08-24,CB-1001141,161.97,Consumer,Mobile Plans,4855,Pending
2022-08-24,CB-1001146,264.20,Consumer,Streaming Add-on,4837,Open
2022-08-24,CB-1001170,322.39,Consumer,Device Protection,4837,Open
2022-08-24,CB-1001172,254.36,Consumer,Device Protection,4855,Lost
2022-08-25,CB-1001109,506.45,Enterprise,Platform API,4837,Lost
2022-08-25,CB-1001148,161.19,Consumer,Streaming Add-on,4837,Won
2022-08-26,CB-1001057,469.03,Enterprise,Cloud Services,4870,Won
2022-08-26,CB-1001115,504.21,Enterprise,Platform API,4871,Lost
2022-08-26,CB-1001119,563.71,Enterprise,Platform API,4837,Lost
2022-08-26,CB-1001187,262.83,Wholesale,Bulk Voice,4837,Pending
2022-08-26,CB-1001196,252.47,Wholesale,Bulk Voice,4870,Lost
2022-08-26,CB-1001201,372.60,Wholesale,Partner Resale,4870,Lost
2022-08-27,CB-1001112,360.72,Enterprise,Platform API,4870,Won
2022-08-27,CB-1001177,442.81,Wholesale,Bulk Voice,4837,Won
2022-08-28,CB-1001062,330.91,Enterprise,Cloud Services,4837,Won
2022-08-28,CB-1001087,899.08,Enterprise,Managed Support,7030,Won
2022-08-28,CB-1001121,414.47,Consumer,Mobile Plans,7030,Lost
2022-08-28,CB-1001152,334.98,Consumer,Streaming Add-on,4837,Won
2022-08-28,CB-1001217,424.46,Wholesale,IoT SIM,4855,Lost
2022-08-29,CB-1001118,473.35,Enterprise,Platform API,4863,Won
2022-08-29,CB-1001182,188.03,Wholesale,Bulk Voice,4863,Pending
2022-08-29,CB-1001213,284.68,Wholesale,Partner Resale,4871,Pending
2022-08-29,CB-1001216,426.77,Wholesale,IoT SIM,7030,Lost
2022-08-30,CB-1001079,429.69,Enterprise,Cloud Services,7030,Won
2022-08-30,CB-1001117,478.76,Enterprise,Platform API,4837,Pending
2022-08-30,CB-1001163,224.75,Consumer,Device Protection,4855,Lost
2022-08-31,CB-1001120,249.82,Consumer,Mobile Plans,4870,Won
2022-08-31,CB-1001125,236.10,Consumer,Mobile Plans,4871,Lost
2022-08-31,CB-1001186,159.48,Wholesale,Bulk Voice,4871,Lost
2022-09-01,CB-1001282,376.57,Enterprise,Platform API,4837,Lost
2022-09-01,CB-1001308,98.36,Consumer,Mobile Plans,4855,Lost
2022-09-02,CB-1001259,601.45,Enterprise,Managed Support,4871,Won
2022-09-02,CB-1001260,943.29,Enterprise,Managed Support,7030,Won
2022-09-02,CB-1001283,304.79,Enterprise,Platform API,4871,Pending
2022-09-02,CB-1001316,313.65,Consumer,Streaming Add-on,4863,Open
2022-09-02,CB-1001318,148.21,Consumer,Streaming Add-on,4837,Won
2022-09-02,CB-1001384,408.95,Wholesale,IoT SIM,4863,Lost
2022-09-03,CB-1001237,550.58,Enterprise,Cloud Services,4855,Pending
2022-09-03,CB-1001280,600.42,Enterprise,Platform API,4863,Won
2022-09-03,CB-1001332,191.58,Consumer,Device Protection,4871,Lost
2022-09-03,CB-1001379,484.14,Wholesale,Partner Resale,4855,Lost
2022-09-03,CB-1001381,456.24,Wholesale,IoT SIM,4863,Pending
2022-09-03,CB-1001389,575.16,Wholesale,IoT SIM,4870,Lost
2022-09-04,CB-1001333,305.45,Consumer,Device Protection,4863,Won
2022-09-04,CB-1001338,258.62,Consumer,Device Protection,7030,Open
2022-09-04,CB-1001341,212.60,Consumer,Device Protection,4870,Open
2022-09-04,CB-1001347,286.34,Wholesale,Bulk Voice,4863,Pending
2022-09-04,CB-1001350,526.53,Wholesale,Bulk Voice,4870,Lost
2022-09-04,CB-1001365,400.38,Wholesale,Bulk Voice,4870,Lost
2022-09-04,CB-1001367,418.75,Wholesale,Partner Resale,4837,Open
2022-09-05,CB-1001236,639.46,Enterprise,Cloud Services,4870,Won
2022-09-05,CB-1001238,506.35,Enterprise,Cloud Services,4871,Won
2022-09-05,CB-1001244,641.72,Enterprise,Cloud Services,4837,Lost
2022-09-05,CB-1001262,235.98,Enterprise,Managed Support,4871,Lost
2022-09-05,CB-1001268,401.99,Enterprise,Managed Support,4863,Won
2022-09-05,CB-1001277,678.20,Enterprise,Managed Support,7030,Won
2022-09-05,CB-1001293,373.14,Consumer,Mobile Plans,7030,Pending
2022-09-05,CB-1001312,161.56,Consumer,Mobile Plans,4855,Pending
2022-09-05,CB-1001322,120.34,Consumer,Streaming Add-on,4863,Lost
2022-09-05,CB-1001326,233.19,Consumer,Streaming Add-on,4870,Won
2022-09-05,CB-1001374,407.05,Wholesale,Partner Resale,4870,Lost
2022-09-06,CB-1001250,391.53,Enterprise,Cloud Services,4870,Open
2022-09-06,CB-1001253,733.50,Enterprise,Cloud Services,4837,Won
2022-09-06,CB-1001276,269.99,Enterprise,Managed Support,4837,Won
2022-09-06,CB-1001288,660.65,Enterprise,Platform API,4837,Pending
2022-09-06,CB-1001299,201.56,Consumer,Mobile Plans,4855,Open
2022-09-06,CB-1001300,256.17,Consumer,Mobile Plans,7030,Won
2022-09-06,CB-1001351,376.50,Wholesale,Bulk Voice,4855,Lost
2022-09-06,CB-1001358,376.40,Wholesale,Bulk Voice,4863,Pending
2022-09-06,CB-1001363,350.16,Wholesale,Bulk Voice,4863,Won
2022-09-06,CB-1001382,218.76,Wholesale,IoT SIM,4863,Lost
2022-09-07,CB-1001261,447.81,Enterprise,Managed Support,4871,Won
2022-09-07,CB-1001271,506.18,Enterprise,Managed Support,4870,Pending
2022-09-07,CB-1001284,571.23,Enterprise,Platform API,4863,Won
2022-09-07,CB-1001348,224.10,Wholesale,Bulk Voice,4871,Lost
2022-09-07,CB-1001371,365.65,Wholesale,Partner Resale,4870,Won
2022-09-08,CB-1001279,846.18,Enterprise,Platform API,4870,Won
2022-09-08,CB-1001287,394.07,Enterprise,Platform API,4837,Pending
2022-09-08,CB-1001301,181.42,Consumer,Mobile Plans,7030,Won
2022-09-08,CB-1001336,350.58,Consumer,Device Protection,7030,Lost
2022-09-08,CB-1001368,445.98,Wholesale,Partner Resale,4863,Pending
2022-09-08,CB-1001373,449.15,Wholesale,Partner Resale,4870,Open
2022-09-09,CB-1001251,466.28,Enterprise,Cloud Services,4863,Won
2022-09-09,CB-1001274,738.54,Enterprise,Managed Support,4870,Open
2022-09-09,CB-1001296,406.02,Consumer,Mobile Plans,7030,Won
2022-09-09,CB-1001390,305.63,Wholesale,IoT SIM,4870,Lost
2022-09-10,CB-1001233,360.16,Enterprise,Cloud Services,4837,Lost
2022-09-10,CB-1001235,457.66,Enterprise,Cloud Services,4855,Pending
2022-09-10,CB-1001239,665.77,Enterprise,Cloud Services,7030,Pending
2022-09-10,CB-1001269,436.57,Enterprise,Managed Support,4871,Lost
2022-09-10,CB-1001285,368.21,Enterprise,Platform API,4871,Open
2022-09-10,CB-1001302,270.66,Consumer,Mobile Plans,4837,Lost
2022-09-10,CB-1001307,252.57,Consumer,Mobile Plans,4870,Won
2022-09-10,CB-1001313,118.25,Consumer,Streaming Add-on,4863,Won
2022-09-10,CB-1001342,240.24,Consumer,Device Protection,4837,Won
2022-09-10,CB-1001352,441.41,Wholesale,Bulk Voice,7030,Pending
2022-09-10,CB-1001370,353.71,Wholesale,Partner Resale,4837,Lost
2022-09-11,CB-1001257,668.83,Enterprise,Managed Support,4837,Lost
2022-09-11,CB-1001315,181.92,Consumer,Streaming Add-on,4870,Pending
2022-09-11,CB-1001327,119.84,Consumer,Streaming Add-on,4871,Lost
2022-09-12,CB-1001264,481.49,Enterprise,Managed Support,4871,Won
2022-09-12,CB-1001265,580.07,Enterprise,Managed Support,4855,Pending
2022-09-12,CB-1001294,265.42,Consumer,Mobile Plans,4837,Lost
2022-09-12,CB-1001309,335.33,Consumer,Mobile Plans,4837,Lost
2022-09-12,CB-1001317,249.89,Consumer,Streaming Add-on,4871,Won
2022-09-12,CB-1001321,138.39,Consumer,Streaming Add-on,4863,Won
2022-09-12,CB-1001325,152.27,Consumer,Streaming Add-on,7030,Won
2022-09-12,CB-1001354,458.26,Wholesale,Bulk Voice,7030,Lost
2022-09-12,CB-1001364,559.71,Wholesale,Bulk Voice,4837,Won
2022-09-13,CB-1001234,352.21,Enterprise,Cloud Services,4863,Lost
2022-09-13,CB-1001275,487.22,Enterprise,Managed Support,4871,Won
2022-09-13,CB-1001295,256.16,Consumer,Mobile Plans,4863,Lost
2022-09-13,CB-1001377,644.93,Wholesale,Partner Resale,7030,Lost
2022-09-14,CB-1001290,417.50,Enterprise,Platform API,7030,Won
2022-09-14,CB-1001291,642.36,Enterprise,Platform API,4855,Won
2022-09-14,CB-1001306,147.30,Consumer,Mobile Plans,4871,Lost
2022-09-14,CB-1001320,287.84,Consumer,Streaming Add-on,7030,Pending
2022-09-14,CB-1001337,254.73,Consumer,Device Protection,4855,Won
2022-09-14,CB-1001346,374.61,Wholesale,Bulk Voice,4871,Won
2022-09-14,CB-1001361,257.74,Wholesale,Bulk Voice,4871,Lost
2022-09-15,CB-1001286,386.47,Enterprise,Platform API,4837,Open
2022-09-15,CB-1001297,270.36,Consumer,Mobile Plans,4837,Won
2022-09-16,CB-1001240,552.87,Enterprise,Cloud Services,4837,Pending
2022-09-16,CB-1001387,413.90,Wholesale,IoT SIM,4837,Lost
2022-09-17,CB-1001323,262.71,Consumer,Streaming Add-on,4870,Won
2022-09-17,CB-1001345,315.40,Consumer,Device Protection,4837,Won
2022-09-17,CB-1001372,454.92,Wholesale,Partner Resale,4870,Won
2022-09-17,CB-1001385,364.13,Wholesale,IoT SIM,4871,Pending
2022-09-18,CB-1001242,866.08,Enterprise,Cloud Services,4870,Won
2022-09-18,CB-1001247,374.48,Enterprise,Cloud Services,4863,Lost
2022-09-18,CB-1001391,306.04,Wholesale,IoT SIM,4870,Lost
2022-09-19,CB-1001278,320.88,Enterprise,Platform API,4871,Won
2022-09-19,CB-1001298,276.45,Consumer,Mobile Plans,4870,Lost
2022-09-19,CB-1001335,146.43,Consumer,Device Protection,4837,Open
2022-09-19,CB-1001340,152.32,Consumer,Device Protection,4863,Won
2022-09-19,CB-1001356,335.85,Wholesale,Bulk Voice,4863,Lost
2022-09-19,CB-1001369,686.76,Wholesale,Partner Resale,7030,Lost
2022-09-19,CB-1001375,176.97,Wholesale,Partner Resale,4855,Won
2022-09-20,CB-1001304,323.03,Consumer,Mobile Plans,4870,Open
2022-09-20,CB-1001331,194.53,Consumer,Device Protection,4837,Lost
2022-09-20,CB-1001344,207.94,Consumer,Device Protection,4855,Lost
2022-09-20,CB-1001349,423.25,Wholesale,Bulk Voice,4871,Lost
2022-09-20,CB-1001355,294.88,Wholesale,Bulk Voice,7030,Lost
2022-09-20,CB-1001380,213.94,Wholesale,Partner Resale,4870,Won
2022-09-21,CB-1001245,397.23,Enterprise,Cloud Services,4871,Won
2022-09-21,CB-1001310,133.42,Consumer,Mobile Plans,4837,Lost
2022-09-21,CB-1001311,241.51,Consumer,Mobile Plans,4863,Won
2022-09-22,CB-1001241,582.50,Enterprise,Cloud Services,7030,Lost
2022-09-22,CB-1001246,714.30,Enterprise,Cloud Services,4863,Open
2022-09-22,CB-1001258,507.32,Enterprise,Managed Support,4870,Won
2022-09-22,CB-1001266,586.50,Enterprise,Managed Support,4870,Lost
2022-09-22,CB-1001305,180.22,Consumer,Mobile Plans,4837,Lost
2022-09-23,CB-1001243,293.93,Enterprise,Cloud Services,4871,Lost
2022-09-23,CB-1001249,716.03,Enterprise,Cloud Services,4837,Lost
2022-09-23,CB-1001263,451.27,Enterprise,Managed Support,7030,Pending
2022-09-23,CB-1001281,252.90,Enterprise,Platform API,4871,Lost
2022-09-23,CB-1001314,176.91,Consumer,Streaming Add-on,4863,Won
2022-09-23,CB-1001343,142.21,Consumer,Device Protection,4855,Lost
2022-09-23,CB-1001360,269.56,Wholesale,Bulk Voice,4871,Won
2022-09-23,CB-1001376,340.45,Wholesale,Partner Resale,7030,Open
2022-09-24,CB-1001252,946.41,Enterprise,Cloud Services,7030,Pending
2022-09-24,CB-1001254,363.11,Enterprise,Cloud Services,4837,Lost
2022-09-24,CB-1001256,941.12,Enterprise,Cloud Services,7030,Won
2022-09-24,CB-1001292,382.64,Consumer,Mobile Plans,7030,Won
2022-09-24,CB-1001303,224.38,Consumer,Mobile Plans,4871,Won
2022-09-24,CB-1001324,212.01,Consumer,Streaming Add-on,4870,Lost
2022-09-24,CB-1001328,133.54,Consumer,Device Protection,4871,Lost
2022-09-25,CB-1001248,211.95,Enterprise,Cloud Services,4871,Open
2022-09-25,CB-1001272,761.69,Enterprise,Managed Support,4870,Lost
2022-09-25,CB-1001273,915.00,Enterprise,Managed Support,7030,Lost
2022-09-25,CB-1001334,283.58,Consumer,Device Protection,7030,Pending
2022-09-25,CB-1001362,428.32,Wholesale,Bulk Voice,4863,Pending
2022-09-26,CB-1001230,528.92,Enterprise,Cloud Services,4855,Lost
2022-09-26,CB-1001231,505.91,Enterprise,Cloud Services,4837,Lost
2022-09-26,CB-1001232,330.23,Enterprise,Cloud Services,4870,Won
2022-09-26,CB-1001357,416.82,Wholesale,Bulk Voice,4837,Won
2022-09-27,CB-1001267,568.77,Enterprise,Managed Support,4863,Won
2022-09-27,CB-1001330,282.33,Consumer,Device Protection,4855,Lost
2022-09-27,CB-1001359,601.65,Wholesale,Bulk Voice,4870,Lost
2022-09-27,CB-1001378,297.05,Wholesale,Partner Resale,4871,Won
2022-09-28,CB-1001255,711.70,Enterprise,Cloud Services,7030,Lost
2022-09-28,CB-1001289,355.81,Enterprise,Platform API,4837,Lost
2022-09-28,CB-1001339,103.80,Consumer,Device Protection,4855,Won
2022-09-28,CB-1001353,473.83,Wholesale,Bulk Voice,4837,Pending
2022-09-28,CB-1001366,564.01,Wholesale,Bulk Voice,4837,Lost
2022-09-28,CB-1001383,534.66,Wholesale,IoT SIM,7030,Lost
2022-09-28,CB-1001386,697.22,Wholesale,IoT SIM,7030,Pending
2022-09-28,CB-1001388,272.46,Wholesale,IoT SIM,7030,Lost
2022-09-29,CB-1001319,354.31,Consumer,Streaming Add-on,7030,Won
2022-09-30,CB-1001229,366.43,Enterprise,Cloud Services,4863,Lost
2022-09-30,CB-1001270,706.31,Enterprise,Managed Support,4837,Won
2022-09-30,CB-1001329,163.07,Consumer,Device Protection,4837,Won
2022-09-30,CB-1001392,324.09,Wholesale,IoT SIM,4855,Pending
2022-10-01,CB-1001395,335.73,Enterprise,Cloud Services,4855,Won
2022-10-01,CB-1001419,458.91,Enterprise,Managed Support,4855,Won
2022-10-01,CB-1001431,331.31,Enterprise,Managed Support,4863,Pending
2022-10-01,CB-1001463,224.11,Consumer,Mobile Plans,4855,Open
2022-10-01,CB-1001483,312.16,Consumer,Mobile Plans,4863,Lost
2022-10-01,CB-1001490,229.61,Consumer,Streaming Add-on,7030,Open
2022-10-01,CB-1001535,347.67,Wholesale,Bulk Voice,4863,Lost
2022-10-01,CB-1001536,253.96,Wholesale,Bulk Voice,4863,Won
2022-10-01,CB-1001541,538.97,Wholesale,Partner Resale,4870,Won
2022-10-02,CB-1001410,458.50,Enterprise,Cloud Services,4871,Won
2022-10-02,CB-1001464,311.33,Consumer,Mobile Plans,4870,Pending
2022-10-02,CB-1001482,150.56,Consumer,Mobile Plans,4871,Won
2022-10-02,CB-1001503,226.70,Consumer,Device Protection,4863,Open
2022-10-02,CB-1001531,628.58,Wholesale,Bulk Voice,7030,Pending
2022-10-03,CB-1001422,381.42,Enterprise,Managed Support,4871,Won
2022-10-03,CB-1001435,292.02,Enterprise,Managed Support,4837,Pending
2022-10-03,CB-1001460,167.91,Consumer,Mobile Plans,4863,Pending
2022-10-03,CB-1001507,159.47,Consumer,Device Protection,4870,Won
2022-10-03,CB-1001545,384.34,Wholesale,Partner Resale,4863,Won
2022-10-04,CB-1001416,566.50,Enterprise,Managed Support,4855,Won
2022-10-04,CB-1001420,682.84,Enterprise,Managed Support,4870,Lost
2022-10-04,CB-1001428,459.67,Enterprise,Managed Support,4855,Lost
2022-10-04,CB-1001445,487.88,Enterprise,Platform API,4871,Lost
2022-10-04,CB-1001465,288.39,Consumer,Mobile Plans,4863,Lost
2022-10-04,CB-1001473,153.09,Consumer,Mobile Plans,4870,Won
2022-10-04,CB-1001476,156.97,Consumer,Mobile Plans,4870,Won
2022-10-04,CB-1001506,158.27,Consumer,Device Protection,4871,Lost
2022-10-04,CB-1001509,175.83,Consumer,Device Protection,4871,Won
2022-10-04,CB-1001526,292.14,Wholesale,Bulk Voice,4837,Open
2022-10-04,CB-1001527,187.55,Wholesale,Bulk Voice,4863,Won
2022-10-05,CB-1001427,899.76,Enterprise,Managed Support,7030,Lost
2022-10-05,CB-1001500,150.99,Consumer,Device Protection,4863,Lost
2022-10-05,CB-1001505,208.82,Consumer,Device Protection,4855,Pending
2022-10-05,CB-1001522,456.45,Wholesale,Bulk Voice,4863,Won
2022-10-05,CB-1001548,231.88,Wholesale,Partner Resale,4837,Lost
2022-10-05,CB-1001551,448.58,Wholesale,Partner Resale,4871,Won
2022-10-06,CB-1001407,712.55,Enterprise,Cloud Services,4837,Lost
2022-10-06,CB-1001415,446.97,Enterprise,Cloud Services,4837,Open
2022-10-06,CB-1001433,720.10,Enterprise,Managed Support,4863,Won
2022-10-06,CB-1001524,261.69,Wholesale,Bulk Voice,4837,Lost
2022-10-06,CB-1001533,565.23,Wholesale,Bulk Voice,4870,Lost
2022-10-06,CB-1001534,235.82,Wholesale,Bulk Voice,4863,Pending
2022-10-06,CB-1001553,383.61,Wholesale,Partner Resale,4863,Lost
2022-10-07,CB-1001405,346.17,Enterprise,Cloud Services,4855,Lost
2022-10-07,CB-1001456,328.21,Enterprise,Platform API,4870,Open
2022-10-07,CB-1001484,329.74,Consumer,Streaming Add-on,7030,Won
2022-10-07,CB-1001492,241.51,Consumer,Streaming Add-on,4855,Lost
2022-10-07,CB-1001519,212.18,Consumer,Device Protection,4855,Won
2022-10-08,CB-1001469,233.30,Consumer,Mobile Plans,4871,Pending
2022-10-08,CB-1001515,232.48,Consumer,Device Protection,4871,Won
2022-10-08,CB-1001517,92.21,Consumer,Device Protection,4871,Won
2022-10-09,CB-1001393,699.69,Enterprise,Cloud Services,4837,Won
2022-10-09,CB-1001394,856.13,Enterprise,Cloud Services,7030,Won
2022-10-09,CB-1001413,242.06,Enterprise,Cloud Services,4871,Lost
2022-10-09,CB-1001451,322.08,Enterprise,Platform API,4870,Pending
2022-10-09,CB-1001461,178.16,Consumer,Mobile Plans,4837,Won
2022-10-09,CB-1001470,191.62,Consumer,Mobile Plans,4837,Lost
2022-10-09,CB-1001529,674.49,Wholesale,Bulk Voice,7030,Lost
2022-10-09,CB-1001561,537.17,Wholesale,IoT SIM,4837,Won
2022-10-10,CB-1001421,562.05,Enterprise,Managed Support,4837,Lost
2022-10-10,CB-1001486,253.57,Consumer,Streaming Add-on,4863,Lost
2022-10-10,CB-1001499,234.07,Consumer,Device Protection,4870,Pending
2022-10-10,CB-1001538,467.66,Wholesale,Partner Resale,4837,Open
2022-10-10,CB-1001554,247.72,Wholesale,Partner Resale,4863,Pending
2022-10-10,CB-1001570,530.18,Wholesale,IoT SIM,7030,Lost
2022-10-11,CB-1001458,348.65,Consumer,Mobile Plans,4870,Won
2022-10-11,CB-1001480,146.93,Consumer,Mobile Plans,4837,Won
2022-10-11,CB-1001493,187.85,Consumer,Streaming Add-on,7030,Lost
2022-10-11,CB-1001504,114.05,Consumer,Device Protection,4855,Won
2022-10-11,CB-1001544,542.96,Wholesale,Partner Resale,4837,Open
2022-10-12,CB-1001425,357.09,Enterprise,Managed Support,4863,Won
2022-10-12,CB-1001447,449.87,Enterprise,Platform API,4837,Pending
2022-10-13,CB-1001401,326.95,Enterprise,Cloud Services,7030,Won
2022-10-13,CB-1001424,292.35,Enterprise,Managed Support,4855,Pending
2022-10-13,CB-1001467,319.31,Consumer,Mobile Plans,4863,Won
2022-10-13,CB-1001496,129.35,Consumer,Streaming Add-on,4837,Pending
2022-10-13,CB-1001557,433.46,Wholesale,IoT SIM,4855,Pending
2022-10-14,CB-1001450,709.09,Enterprise,Platform API,4863,Won
2022-10-14,CB-1001542,255.53,Wholesale,Partner Resale,4837,Pending
2022-10-14,CB-1001560,284.89,Wholesale,IoT SIM,4837,Pending
2022-10-15,CB-1001406,378.43,Enterprise,Cloud Services,4855,Won
2022-10-15,CB-1001414,457.54,Enterprise,Cloud Services,7030,Lost
2022-10-15,CB-1001494,177.80,Consumer,Streaming Add-on,4863,Won
2022-10-15,CB-1001523,190.83,Wholesale,Bulk Voice,4863,Lost
2022-10-16,CB-1001468,183.48,Consumer,Mobile Plans,7030,Lost
2022-10-16,CB-1001552,423.68,Wholesale,Partner Resale,4870,Lost
2022-10-16,CB-1001564,151.80,Wholesale,IoT SIM,4871,Lost
2022-10-17,CB-1001398,225.33,Enterprise,Cloud Services,4871,Won
2022-10-17,CB-1001412,646.74,Enterprise,Cloud Services,4837,Open
2022-10-17,CB-1001471,292.48,Consumer,Mobile Plans,7030,Won
2022-10-17,CB-1001489,165.12,Consumer,Streaming Add-on,7030,Lost
2022-10-17,CB-1001502,301.68,Consumer,Device Protection,4870,Pending
2022-10-17,CB-1001547,226.52,Wholesale,Partner Resale,4863,Lost
2022-10-18,CB-1001404,534.77,Enterprise,Cloud Services,4870,Lost
2022-10-18,CB-1001462,310.69,Consumer,Mobile Plans,4863,Won
2022-10-18,CB-1001479,266.08,Consumer,Mobile Plans,4871,Open
2022-10-18,CB-1001481,245.37,Consumer,Mobile Plans,4870,Open
2022-10-18,CB-1001495,312.71,Consumer,Streaming Add-on,4863,Pending
2022-10-18,CB-1001520,311.48,Wholesale,Bulk Voice,7030,Won
2022-10-18,CB-1001555,439.17,Wholesale,Partner Resale,4837,Pending
2022-10-19,CB-1001423,460.80,Enterprise,Managed Support,4855,Pending
2022-10-19,CB-1001430,651.42,Enterprise,Managed Support,7030,Open
2022-10-19,CB-1001438,657.02,Enterprise,Managed Support,4837,Open
2022-10-19,CB-1001448,244.54,Enterprise,Platform API,4855,Lost
2022-10-19,CB-1001478,324.95,Consumer,Mobile Plans,4837,Open
2022-10-19,CB-1001543,208.76,Wholesale,Partner Resale,4837,Lost
2022-10-19,CB-1001556,462.57,Wholesale,IoT SIM,4863,Won
2022-10-20,CB-1001402,584.02,Enterprise,Cloud Services,4871,Lost
2022-10-20,CB-1001403,688.03,Enterprise,Cloud Services,4870,Won
2022-10-20,CB-1001411,362.01,Enterprise,Cloud Services,7030,Pending
2022-10-20,CB-1001449,352.50,Enterprise,Platform API,4871,Won
2022-10-20,CB-1001453,374.94,Enterprise,Platform API,4870,Won
2022-10-20,CB-1001457,133.91,Consumer,Mobile Plans,4855,Won
2022-10-20,CB-1001511,296.05,Consumer,Device Protection,4863,Lost
2022-10-20,CB-1001540,597.30,Wholesale,Partner Resale,7030,Open
2022-10-20,CB-1001549,484.45,Wholesale,Partner Resale,7030,Lost
2022-10-20,CB-1001550,564.51,Wholesale,Partner Resale,4837,Won
2022-10-20,CB-1001565,181.64,Wholesale,IoT SIM,4855,Pending
2022-10-21,CB-1001442,578.46,Enterprise,Platform API,4870,Won
2022-10-21,CB-1001454,222.87,Enterprise,Platform API,4871,Lost
2022-10-21,CB-1001487,205.53,Consumer,Streaming Add-on,4855,Open
2022-10-21,CB-1001510,178.74,Consumer,Device Protection,4871,Lost
2022-10-21,CB-1001512,223.64,Consumer,Device Protection,4855,Won
2022-10-22,CB-1001429,479.54,Enterprise,Managed Support,4837,Pending
2022-10-22,CB-1001436,298.52,Enterprise,Managed Support,4863,Pending
2022-10-22,CB-1001452,230.31,Enterprise,Platform API,4871,Won
2022-10-22,CB-1001459,310.14,Consumer,Mobile Plans,4837,Pending
2022-10-22,CB-1001516,196.11,Consumer,Device Protection,4837,Lost
2022-10-22,CB-1001525,402.90,Wholesale,Bulk Voice,4871,Open
2022-10-22,CB-1001563,421.34,Wholesale,IoT SIM,4871,Won
2022-10-22,CB-1001568,199.74,Wholesale,IoT SIM,4863,Lost
2022-10-23,CB-1001408,898.50,Enterprise,Cloud Services,7030,Won
2022-10-23,CB-1001409,498.13,Enterprise,Cloud Services,4855,Open
2022-10-23,CB-1001455,381.36,Enterprise,Platform API,4837,Pending
2022-10-23,CB-1001472,126.19,Consumer,Mobile Plans,4837,Lost
2022-10-23,CB-1001475,339.14,Consumer,Mobile Plans,4870,Lost
2022-10-23,CB-1001497,273.29,Consumer,Streaming Add-on,4837,Pending
2022-10-24,CB-1001440,549.25,Enterprise,Platform API,4855,Won
2022-10-24,CB-1001491,218.82,Consumer,Streaming Add-on,4837,Lost
2022-10-24,CB-1001513,318.42,Consumer,Device Protection,4837,Lost
2022-10-24,CB-1001562,222.71,Wholesale,IoT SIM,4863,Open
2022-10-25,CB-1001396,898.49,Enterprise,Cloud Services,7030,Lost
2022-10-25,CB-1001397,430.53,Enterprise,Cloud Services,4870,Won
2022-10-25,CB-1001426,441.97,Enterprise,Managed Support,4863,Lost
2022-10-25,CB-1001474,242.29,Consumer,Mobile Plans,4837,Lost
2022-10-25,CB-1001537,434.89,Wholesale,Bulk Voice,4871,Lost
2022-10-25,CB-1001558,432.82,Wholesale,IoT SIM,4855,Lost
2022-10-26,CB-1001569,447.00,Wholesale,IoT SIM,4855,Won
2022-10-27,CB-1001437,434.68,Enterprise,Managed Support,4871,Pending
2022-10-27,CB-1001443,427.49,Enterprise,Platform API,4855,Open
2022-10-27,CB-1001532,425.80,Wholesale,Bulk Voice,4871,Lost
2022-10-28,CB-1001418,388.31,Enterprise,Managed Support,4871,Open
2022-10-28,CB-1001432,334.35,Enterprise,Managed Support,4837,Won
2022-10-28,CB-1001434,418.50,Enterprise,Managed Support,7030,Lost
2022-10-28,CB-1001441,406.97,Enterprise,Platform API,4855,Won
2022-10-28,CB-1001485,298.91,Consumer,Streaming Add-on,4870,Open
2022-10-28,CB-1001514,253.21,Consumer,Device Protection,4837,Lost
2022-10-28,CB-1001528,328.75,Wholesale,Bulk Voice,4871,Lost
2022-10-29,CB-1001417,361.30,Enterprise,Managed Support,4870,Pending
2022-10-29,CB-1001444,653.19,Enterprise,Platform API,4855,Lost
2022-10-29,CB-1001446,553.45,Enterprise,Platform API,4871,Won
2022-10-29,CB-1001498,252.23,Consumer,Streaming Add-on,4870,Won
2022-10-29,CB-1001508,214.02,Consumer,Device Protection,4871,Won
2022-10-29,CB-1001521,337.67,Wholesale,Bulk Voice,4837,Won
2022-10-29,CB-1001530,305.40,Wholesale,Bulk Voice,4837,Lost
2022-10-29,CB-1001559,257.68,Wholesale,IoT SIM,4870,Pending
2022-10-30,CB-1001399,336.20,Enterprise,Cloud Services,4871,Won
2022-10-30,CB-1001466,199.20,Consumer,Mobile Plans,7030,Won
2022-10-30,CB-1001488,181.51,Consumer,Streaming Add-on,4855,Lost
2022-10-30,CB-1001501,255.69,Consumer,Device Protection,4863,Won
2022-10-30,CB-1001539,341.71,Wholesale,Partner Resale,4863,Won
2022-10-30,CB-1001546,256.92,Wholesale,Partner Resale,7030,Won
2022-10-30,CB-1001566,218.88,Wholesale,IoT SIM,4837,Won
2022-10-31,CB-1001400,375.17,Enterprise,Cloud Services,4871,Open
2022-10-31,CB-1001439,320.41,Enterprise,Managed Support,4863,Won
2022-10-31,CB-1001477,197.03,Consumer,Mobile Plans,4863,Pending
2022-10-31,CB-1001518,173.54,Consumer,Device Protection,4871,Lost
2022-10-31,CB-1001567,654.70,Wholesale,IoT SIM,7030,Won
2022-11-01,CB-1001571,549.12,Enterprise,Cloud Services,4870,Won
2022-11-01,CB-1001573,519.11,Enterprise,Cloud Services,4871,Open
2022-11-01,CB-1001608,623.05,Enterprise,Managed Support,4855,Won
2022-11-02,CB-1001612,684.64,Enterprise,Managed Support,4863,Lost
2022-11-02,CB-1001635,568.99,Enterprise,Platform API,4837,Won
2022-11-02,CB-1001642,225.62,Consumer,Mobile Plans,4871,Won
2022-11-02,CB-1001687,232.46,Consumer,Device Protection,4837,Lost
2022-11-02,CB-1001707,227.55,Wholesale,Bulk Voice,4855,Lost
2022-11-02,CB-1001708,320.71,Wholesale,Bulk Voice,4863,Won
2022-11-02,CB-1001745,164.28,Wholesale,IoT SIM,4855,Lost
2022-11-03,CB-1001636,547.80,Enterprise,Platform API,4863,Won
2022-11-03,CB-1001653,260.93,Consumer,Mobile Plans,4870,Won
2022-11-03,CB-1001711,210.91,Wholesale,Bulk Voice,4837,Lost
2022-11-03,CB-1001713,432.40,Wholesale,Bulk Voice,4871,Won
2022-11-03,CB-1001732,570.12,Wholesale,Partner Resale,4837,Pending
2022-11-03,CB-1001737,535.13,Wholesale,Partner Resale,4837,Won
2022-11-04,CB-1001614,594.91,Enterprise,Managed Support,4871,Won
2022-11-04,CB-1001616,370.38,Enterprise,Managed Support,4855,Won
2022-11-04,CB-1001652,180.45,Consumer,Mobile Plans,4870,Lost
2022-11-04,CB-1001679,129.74,Consumer,Streaming Add-on,4863,Won
2022-11-04,CB-1001694,261.61,Consumer,Device Protection,4871,Lost
2022-11-04,CB-1001706,595.43,Wholesale,Bulk Voice,4870,Won
2022-11-04,CB-1001731,333.42,Wholesale,Partner Resale,4863,Won
2022-11-05,CB-1001613,304.28,Enterprise,Managed Support,4855,Lost
2022-11-05,CB-1001625,389.78,Enterprise,Platform API,4871,Won
2022-11-05,CB-1001695,184.42,Consumer,Device Protection,4863,Won
2022-11-05,CB-1001724,346.36,Wholesale,Partner Resale,4863,Won
2022-11-05,CB-1001735,519.74,Wholesale,Partner Resale,4837,Pending
2022-11-06,CB-1001600,544.12,Enterprise,Cloud Services,4871,Won
2022-11-06,CB-1001606,367.54,Enterprise,Managed Support,4870,Pending
2022-11-06,CB-1001683,228.95,Consumer,Streaming Add-on,4863,Won
2022-11-06,CB-1001719,452.14,Wholesale,Bulk Voice,7030,Open
2022-11-06,CB-1001726,216.21,Wholesale,Partner Resale,4870,Won
2022-11-06,CB-1001736,509.47,Wholesale,Partner Resale,4863,Pending
2022-11-07,CB-1001590,608.31,Enterprise,Cloud Services,4863,Won
2022-11-07,CB-1001631,437.91,Enterprise,Platform API,4863,Pending
2022-11-07,CB-1001670,214.15,Consumer,Streaming Add-on,4837,Won
2022-11-07,CB-1001709,290.47,Wholesale,Bulk Voice,4870,Won
2022-11-07,CB-1001742,197.64,Wholesale,IoT SIM,4855,Won
2022-11-08,CB-1001605,948.55,Enterprise,Managed Support,7030,Lost
2022-11-08,CB-1001623,576.50,Enterprise,Platform API,4871,Lost
2022-11-08,CB-1001675,110.37,Consumer,Streaming Add-on,4863,Lost
2022-11-09,CB-1001592,626.96,Enterprise,Cloud Services,4870,Won
2022-11-09,CB-1001639,325.85,Enterprise,Platform API,4871,Won
2022-11-09,CB-1001646,179.42,Consumer,Mobile Plans,7030,Open
2022-11-09,CB-1001647,327.73,Consumer,Mobile Plans,4837,Won
2022-11-09,CB-1001701,154.49,Consumer,Device Protection,4863,Open
2022-11-09,CB-1001739,407.07,Wholesale,IoT SIM,4863,Won
2022-11-09,CB-1001747,361.56,Wholesale,IoT SIM,4871,Open
2022-11-10,CB-1001604,494.54,Enterprise,Managed Support,4871,Lost
2022-11-10,CB-1001610,661.43,Enterprise,Managed Support,7030,Won
2022-11-10,CB-1001619,321.19,Enterprise,Managed Support,4870,Won
2022-11-10,CB-1001629,617.92,Enterprise,Platform API,4855,Pending
2022-11-10,CB-1001650,272.35,Consumer,Mobile Plans,4837,Won
2022-11-10,CB-1001659,192.74,Consumer,Mobile Plans,4863,Pending
2022-11-10,CB-1001667,358.04,Consumer,Streaming Add-on,7030,Open
2022-11-10,CB-1001744,511.22,Wholesale,IoT SIM,4870,Won
2022-11-11,CB-1001574,284.66,Enterprise,Cloud Services,4837,Lost
2022-11-11,CB-1001618,497.20,Enterprise,Managed Support,7030,Pending
2022-11-11,CB-1001666,191.95,Consumer,Mobile Plans,4870,Open
2022-11-11,CB-1001681,316.11,Consumer,Streaming Add-on,4870,Lost
2022-11-12,CB-1001602,367.98,Enterprise,Cloud Services,4870,Open
2022-11-12,CB-1001624,410.47,Enterprise,Platform API,4855,Won
2022-11-12,CB-1001626,459.62,Enterprise,Platform API,4870,Won
2022-11-12,CB-1001634,443.71,Enterprise,Platform API,4863,Lost
2022-11-12,CB-1001656,111.94,Consumer,Mobile Plans,4855,Won
2022-11-12,CB-1001660,307.57,Consumer,Mobile Plans,4870,Pending
2022-11-12,CB-1001668,199.46,Consumer,Streaming Add-on,7030,Open
2022-11-12,CB-1001674,198.56,Consumer,Streaming Add-on,7030,Won
2022-11-12,CB-1001710,263.71,Wholesale,Bulk Voice,4871,Pending
2022-11-12,CB-1001714,231.77,Wholesale,Bulk Voice,4837,Lost
2022-11-12,CB-1001748,399.73,Wholesale,IoT SIM,4855,Open
2022-11-13,CB-1001578,559.08,Enterprise,Cloud Services,7030,Won
2022-11-13,CB-1001645,346.25,Consumer,Mobile Plans,4870,Open
2022-11-13,CB-1001657,117.07,Consumer,Mobile Plans,4855,Won
2022-11-13,CB-1001671,292.83,Consumer,Streaming Add-on,4870,Won
2022-11-13,CB-1001693,202.13,Consumer,Device Protection,4855,Pending
2022-11-13,CB-1001715,517.02,Wholesale,Bulk Voice,7030,Open
2022-11-14,CB-1001597,814.21,Enterprise,Cloud Services,7030,Lost
2022-11-14,CB-1001691,252.69,Consumer,Device Protection,4871,Open
2022-11-14,CB-1001699,126.80,Consumer,Device Protection,4871,Won
2022-11-14,CB-1001716,360.60,Wholesale,Bulk Voice,4855,Won
2022-11-14,CB-1001717,174.84,Wholesale,Bulk Voice,4855,Lost
2022-11-14,CB-1001751,601.75,Wholesale,IoT SIM,4870,Won
2022-11-15,CB-1001582,460.31,Enterprise,Cloud Services,4855,Open
2022-11-15,CB-1001585,573.13,Enterprise,Cloud Services,4871,Won
2022-11-15,CB-1001599,476.22,Enterprise,Cloud Services,4837,Won
2022-11-15,CB-1001620,546.18,Enterprise,Managed Support,4871,Won
2022-11-15,CB-1001664,251.00,Consumer,Mobile Plans,4870,Lost
2022-11-15,CB-1001678,225.62,Consumer,Streaming Add-on,4871,Pending
2022-11-15,CB-1001689,302.35,Consumer,Device Protection,4837,Lost
2022-11-16,CB-1001581,423.20,Enterprise,Cloud Services,4855,Lost
2022-11-16,CB-1001640,305.48,Enterprise,Platform API,4855,Open
2022-11-16,CB-1001649,180.44,Consumer,Mobile Plans,4863,Lost
2022-11-16,CB-1001655,421.51,Consumer,Mobile Plans,7030,Pending
2022-11-16,CB-1001723,226.81,Wholesale,Partner Resale,4871,Won
2022-11-16,CB-1001729,323.92,Wholesale,Partner Resale,4837,Won
2022-11-16,CB-1001738,496.91,Wholesale,IoT SIM,7030,Won
2022-11-16,CB-1001743,272.25,Wholesale,IoT SIM,4871,Lost
2022-11-17,CB-1001576,252.17,Enterprise,Cloud Services,4855,Won
2022-11-17,CB-1001577,550.57,Enterprise,Cloud Services,4871,Lost
2022-11-17,CB-1001596,522.73,Enterprise,Cloud Services,7030,Won
2022-11-17,CB-1001627,332.72,Enterprise,Platform API,4837,Won
2022-11-17,CB-1001663,132.33,Consumer,Mobile Plans,4855,Lost
2022-11-17,CB-1001705,296.56,Wholesale,Bulk Voice,4870,Lost
2022-11-17,CB-1001712,304.35,Wholesale,Bulk Voice,4863,Pending
2022-11-17,CB-1001749,249.32,Wholesale,IoT SIM,4837,Lost
2022-11-18,CB-1001584,381.15,Enterprise,Cloud Services,4871,Pending
2022-11-18,CB-1001595,647.03,Enterprise,Cloud Services,4837,Lost
2022-11-18,CB-1001621,426.63,Enterprise,Managed Support,4837,Pending
2022-11-18,CB-1001637,437.00,Enterprise,Platform API,4871,Lost
2022-11-18,CB-1001676,269.46,Consumer,Streaming Add-on,4837,Pending
2022-11-19,CB-1001572,534.24,Enterprise,Cloud Services,4871,Won
2022-11-19,CB-1001575,643.08,Enterprise,Cloud Services,4837,Pending
2022-11-19,CB-1001658,147.47,Consumer,Mobile Plans,4837,Won
2022-11-19,CB-1001677,287.14,Consumer,Streaming Add-on,4870,Lost
2022-11-19,CB-1001696,311.79,Consumer,Device Protection,4870,Open
2022-11-19,CB-1001741,495.96,Wholesale,IoT SIM,4863,Won
2022-11-20,CB-1001684,143.99,Consumer,Streaming Add-on,7030,Won
2022-11-20,CB-1001686,345.90,Consumer,Device Protection,4837,Won
2022-11-20,CB-1001688,135.12,Consumer,Device Protection,4863,Pending
2022-11-20,CB-1001690,166.63,Consumer,Device Protection,4863,Open
2022-11-20,CB-1001698,127.93,Consumer,Device Protection,4837,Lost
2022-11-20,CB-1001725,282.61,Wholesale,Partner Resale,7030,Won
2022-11-20,CB-1001727,340.54,Wholesale,Partner Resale,7030,Lost
2022-11-21,CB-1001591,546.47,Enterprise,Cloud Services,4837,Open
2022-11-21,CB-1001609,328.15,Enterprise,Managed Support,4870,Open
2022-11-21,CB-1001685,132.40,Consumer,Streaming Add-on,4837,Lost
2022-11-21,CB-1001720,574.81,Wholesale,Bulk Voice,4837,Won
2022-11-22,CB-1001586,842.78,Enterprise,Cloud Services,4870,Lost
2022-11-22,CB-1001622,485.73,Enterprise,Managed Support,4855,Open
2022-11-22,CB-1001628,786.36,Enterprise,Platform API,4837,Lost
2022-11-22,CB-1001633,410.19,Enterprise,Platform API,4863,Open
2022-11-22,CB-1001643,327.66,Consumer,Mobile Plans,7030,Pending
2022-11-22,CB-1001661,263.19,Consumer,Mobile Plans,4863,Won
2022-11-22,CB-1001733,327.77,Wholesale,Partner Resale,4871,Pending
2022-11-23,CB-1001607,707.52,Enterprise,Managed Support,4837,Lost
2022-11-23,CB-1001615,287.66,Enterprise,Managed Support,4837,Pending
2022-11-23,CB-1001669,139.05,Consumer,Streaming Add-on,4871,Won
2022-11-23,CB-1001680,133.74,Consumer,Streaming Add-on,4871,Won
2022-11-23,CB-1001702,139.85,Consumer,Device Protection,4837,Pending
2022-11-23,CB-1001704,303.08,Wholesale,Bulk Voice,4863,Won
2022-11-23,CB-1001722,665.88,Wholesale,Bulk Voice,7030,Pending
2022-11-23,CB-1001746,449.40,Wholesale,IoT SIM,4863,Pending
2022-11-24,CB-1001648,247.64,Consumer,Mobile Plans,4855,Won
2022-11-24,CB-1001692,175.55,Consumer,Device Protection,7030,Lost
2022-11-24,CB-1001700,132.19,Consumer,Device Protection,4863,Won
2022-11-24,CB-1001718,563.95,Wholesale,Bulk Voice,4837,Won
2022-11-24,CB-1001750,222.18,Wholesale,IoT SIM,4863,Won
2022-11-25,CB-1001587,744.53,Enterprise,Cloud Services,4870,Lost
2022-11-25,CB-1001654,146.81,Consumer,Mobile Plans,4863,Won
2022-11-25,CB-1001673,260.62,Consumer,Streaming Add-on,4855,Won
2022-11-25,CB-1001703,390.25,Wholesale,Bulk Voice,4871,Won
2022-11-26,CB-1001583,255.58,Enterprise,Cloud Services,4855,Won
2022-11-26,CB-1001641,211.43,Consumer,Mobile Plans,7030,Pending
2022-11-26,CB-1001665,151.93,Consumer,Mobile Plans,4871,Lost
2022-11-26,CB-1001730,544.43,Wholesale,Partner Resale,7030,Open
2022-11-26,CB-1001734,531.48,Wholesale,Partner Resale,4837,Pending
2022-11-27,CB-1001598,741.64,Enterprise,Cloud Services,4870,Lost
2022-11-27,CB-1001603,631.61,Enterprise,Cloud Services,4870,Pending
2022-11-27,CB-1001611,451.27,Enterprise,Managed Support,4863,Pending
2022-11-27,CB-1001630,471.52,Enterprise,Platform API,4871,Won
2022-11-27,CB-1001644,170.52,Consumer,Mobile Plans,7030,Won
2022-11-27,CB-1001651,186.87,Consumer,Mobile Plans,4837,Lost
2022-11-28,CB-1001594,634.26,Enterprise,Cloud Services,4870,Won
2022-11-28,CB-1001682,316.28,Consumer,Streaming Add-on,4837,Won
2022-11-28,CB-1001721,296.34,Wholesale,Bulk Voice,4871,Open
2022-11-28,CB-1001728,430.86,Wholesale,Partner Resale,4871,Pending
2022-11-29,CB-1001638,586.97,Enterprise,Platform API,4871,Lost
2022-11-29,CB-1001672,90.75,Consumer,Streaming Add-on,4871,Won
2022-11-29,CB-1001697,119.31,Consumer,Device Protection,4863,Won
2022-11-30,CB-1001579,751.92,Enterprise,Cloud Services,7030,Won
2022-11-30,CB-1001580,583.73,Enterprise,Cloud Services,4863,Lost
2022-11-30,CB-1001588,340.21,Enterprise,Cloud Services,4855,Pending
2022-11-30,CB-1001589,275.62,Enterprise,Cloud Services,4837,Won
2022-11-30,CB-1001593,387.68,Enterprise,Cloud Services,4837,Won
2022-11-30,CB-1001601,234.61,Enterprise,Cloud Services,4871,Won
2022-11-30,CB-1001617,402.03,Enterprise,Managed Support,4871,Won
2022-11-30,CB-1001632,207.01,Enterprise,Platform API,4871,Won
2022-11-30,CB-1001662,281.50,Consumer,Mobile Plans,7030,Lost
2022-11-30,CB-1001740,677.55,Wholesale,IoT SIM,7030,Lost
2022-12-01,CB-1001771,636.46,Enterprise,Cloud Services,4855,Lost
2022-12-01,CB-1001794,398.29,Enterprise,Managed Support,4871,Won
2022-12-01,CB-1001857,137.51,Consumer,Mobile Plans,4870,Lost
2022-12-01,CB-1001863,217.91,Consumer,Streaming Add-on,4855,Pending
2022-12-01,CB-1001865,199.89,Consumer,Streaming Add-on,4871,Open
2022-12-01,CB-1001901,376.94,Wholesale,Bulk Voice,4855,Lost
2022-12-01,CB-1001918,469.44,Wholesale,Bulk Voice,4863,Won
2022-12-01,CB-1001923,332.35,Wholesale,Partner Resale,4871,Won
2022-12-02,CB-1001805,697.10,Enterprise,Managed Support,4837,Lost
2022-12-02,CB-1001813,227.35,Enterprise,Managed Support,4855,Pending
2022-12-02,CB-1001814,592.43,Enterprise,Managed Support,4871,Lost
2022-12-02,CB-1001830,545.90,Enterprise,Platform API,4870,Lost
2022-12-02,CB-1001876,203.88,Consumer,Streaming Add-on,7030,Won
2022-12-02,CB-1001893,314.26,Consumer,Device Protection,7030,Lost
2022-12-03,CB-1001782,648.09,Enterprise,Cloud Services,4863,Won
2022-12-03,CB-1001856,231.47,Consumer,Mobile Plans,4855,Pending
2022-12-03,CB-1001887,216.47,Consumer,Device Protection,7030,Lost
2022-12-04,CB-1001757,486.95,Enterprise,Cloud Services,4837,Pending
2022-12-04,CB-1001819,613.67,Enterprise,Platform API,4863,Won
2022-12-04,CB-1001864,263.51,Consumer,Streaming Add-on,4871,Won
2022-12-04,CB-1001891,231.96,Consumer,Device Protection,4870,Lost
2022-12-04,CB-1001925,278.73,Wholesale,Partner Resale,4855,Pending
2022-12-05,CB-1001761,459.86,Enterprise,Cloud Services,4870,Pending
2022-12-05,CB-1001773,344.00,Enterprise,Cloud Services,4855,Lost
2022-12-05,CB-1001790,309.53,Enterprise,Managed Support,4863,Open
2022-12-05,CB-1001821,511.12,Enterprise,Platform API,7030,Pending
2022-12-05,CB-1001880,326.36,Consumer,Device Protection,7030,Pending
2022-12-05,CB-1001922,378.81,Wholesale,Partner Resale,4871,Won
2022-12-06,CB-1001818,408.57,Enterprise,Platform API,4837,Lost
2022-12-06,CB-1001919,389.79,Wholesale,Bulk Voice,4870,Lost
2022-12-06,CB-1001940,421.82,Wholesale,Partner Resale,4871,Won
2022-12-07,CB-1001760,392.59,Enterprise,Cloud Services,4870,Open
2022-12-07,CB-1001798,415.00,Enterprise,Managed Support,4837,Won
2022-12-07,CB-1001808,833.66,Enterprise,Managed Support,7030,Open
2022-12-07,CB-1001846,251.45,Consumer,Mobile Plans,7030,Won
2022-12-07,CB-1001897,208.51,Consumer,Device Protection,4855,Lost
2022-12-07,CB-1001900,423.82,Wholesale,Bulk Voice,4863,Lost
2022-12-07,CB-1001902,280.83,Wholesale,Bulk Voice,7030,Open
2022-12-07,CB-1001903,326.05,Wholesale,Bulk Voice,4855,Lost
2022-12-07,CB-1001916,273.81,Wholesale,Bulk Voice,4837,Lost
2022-12-08,CB-1001756,512.88,Enterprise,Cloud Services,4863,Pending
2022-12-08,CB-1001807,622.99,Enterprise,Managed Support,4855,Won
2022-12-08,CB-1001831,792.01,Enterprise,Platform API,4837,Lost
2022-12-08,CB-1001838,286.79,Consumer,Mobile Plans,7030,Lost
2022-12-08,CB-1001843,273.81,Consumer,Mobile Plans,7030,Pending
2022-12-08,CB-1001936,379.86,Wholesale,Partner Resale,4837,Won
2022-12-08,CB-1001952,498.30,Wholesale,IoT SIM,4863,Pending
2022-12-09,CB-1001768,368.21,Enterprise,Cloud Services,7030,Won
2022-12-09,CB-1001796,637.36,Enterprise,Managed Support,7030,Pending
2022-12-09,CB-1001801,237.73,Enterprise,Managed Support,4871,Pending
2022-12-09,CB-1001886,175.26,Consumer,Device Protection,4855,Lost
2022-12-10,CB-1001787,220.12,Enterprise,Managed Support,4855,Won
2022-12-10,CB-1001809,838.21,Enterprise,Managed Support,4870,Won
2022-12-10,CB-1001849,293.00,Consumer,Mobile Plans,7030,Lost
2022-12-10,CB-1001862,111.94,Consumer,Mobile Plans,4871,Lost
2022-12-10,CB-1001873,174.89,Consumer,Streaming Add-on,7030,Won
2022-12-10,CB-1001889,252.60,Consumer,Device Protection,4870,Lost
2022-12-11,CB-1001785,292.48,Enterprise,Cloud Services,4870,Won
2022-12-11,CB-1001915,561.66,Wholesale,Bulk Voice,4837,Pending
2022-12-12,CB-1001752,292.48,Enterprise,Cloud Services,4855,Won
2022-12-12,CB-1001817,517.65,Enterprise,Platform API,4837,Won
2022-12-12,CB-1001829,246.65,Enterprise,Platform API,4871,Won
2022-12-12,CB-1001834,306.17,Consumer,Mobile Plans,4870,Pending
2022-12-12,CB-1001910,218.03,Wholesale,Bulk Voice,4837,Won
2022-12-12,CB-1001917,383.62,Wholesale,Bulk Voice,4870,Lost
2022-12-12,CB-1001930,230.78,Wholesale,Partner Resale,4863,Pending
2022-12-13,CB-1001758,349.91,Enterprise,Cloud Services,4863,Won
2022-12-13,CB-1001772,644.26,Enterprise,Cloud Services,4863,Won
2022-12-13,CB-1001780,649.86,Enterprise,Cloud Services,4870,Open
2022-12-13,CB-1001783,648.45,Enterprise,Cloud Services,4837,Lost
2022-12-13,CB-1001804,446.81,Enterprise,Managed Support,4855,Won
2022-12-13,CB-1001812,293.16,Enterprise,Managed Support,4871,Pending
2022-12-13,CB-1001826,475.72,Enterprise,Platform API,4870,Open
2022-12-13,CB-1001840,354.58,Consumer,Mobile Plans,7030,Open
2022-12-13,CB-1001924,260.69,Wholesale,Partner Resale,4863,Won
2022-12-13,CB-1001944,238.30,Wholesale,IoT SIM,4871,Lost
2022-12-14,CB-1001753,630.31,Enterprise,Cloud Services,4870,Lost
2022-12-14,CB-1001777,686.27,Enterprise,Cloud Services,4837,Lost
2022-12-14,CB-1001824,511.00,Enterprise,Platform API,4870,Pending
2022-12-14,CB-1001835,222.45,Consumer,Mobile Plans,4855,Open
2022-12-14,CB-1001881,117.48,Consumer,Device Protection,4855,Won
2022-12-14,CB-1001895,306.28,Consumer,Device Protection,4863,Pending
2022-12-14,CB-1001927,359.21,Wholesale,Partner Resale,4871,Won
2022-12-14,CB-1001931,375.90,Wholesale,Partner Resale,4871,Open
2022-12-14,CB-1001932,668.56,Wholesale,Partner Resale,7030,Lost
2022-12-15,CB-1001845,347.34,Consumer,Mobile Plans,4870,Lost
2022-12-15,CB-1001866,327.54,Consumer,Streaming Add-on,4870,Lost
2022-12-15,CB-1001946,572.30,Wholesale,IoT SIM,4837,Pending
2022-12-15,CB-1001947,294.98,Wholesale,IoT SIM,7030,Won
2022-12-16,CB-1001763,371.17,Enterprise,Cloud Services,4870,Pending
2022-12-16,CB-1001851,229.22,Consumer,Mobile Plans,4871,Pending
2022-12-16,CB-1001907,426.57,Wholesale,Bulk Voice,4863,Pending
2022-12-16,CB-1001935,194.36,Wholesale,Partner Resale,4871,Lost
2022-12-17,CB-1001759,622.64,Enterprise,Cloud Services,4863,Won
2022-12-17,CB-1001791,343.82,Enterprise,Managed Support,4871,Pending
2022-12-17,CB-1001837,328.34,Consumer,Mobile Plans,4870,Pending
2022-12-17,CB-1001839,108.61,Consumer,Mobile Plans,4863,Lost
2022-12-17,CB-1001850,286.39,Consumer,Mobile Plans,7030,Won
2022-12-17,CB-1001870,112.87,Consumer,Streaming Add-on,4863,Pending
2022-12-17,CB-1001884,128.05,Consumer,Device Protection,4837,Lost
2022-12-17,CB-1001906,234.83,Wholesale,Bulk Voice,4837,Won
2022-12-18,CB-1001766,428.06,Enterprise,Cloud Services,4863,Pending
2022-12-18,CB-1001797,605.01,Enterprise,Managed Support,4871,Lost
2022-12-18,CB-1001877,298.40,Consumer,Streaming Add-on,4863,Open
2022-12-18,CB-1001929,496.79,Wholesale,Partner Resale,4870,Lost
2022-12-18,CB-1001949,539.75,Wholesale,IoT SIM,4837,Won
2022-12-19,CB-1001781,596.59,Enterprise,Cloud Services,4855,Lost
2022-12-19,CB-1001784,469.50,Enterprise,Cloud Services,4837,Won
2022-12-19,CB-1001795,315.13,Enterprise,Managed Support,4855,Won
2022-12-19,CB-1001799,515.70,Enterprise,Managed Support,4855,Lost
2022-12-19,CB-1001800,247.59,Enterprise,Managed Support,4855,Lost
2022-12-19,CB-1001811,707.31,Enterprise,Managed Support,4863,Won
2022-12-19,CB-1001828,553.21,Enterprise,Platform API,4863,Lost
2022-12-19,CB-1001860,197.68,Consumer,Mobile Plans,4837,Won
2022-12-19,CB-1001861,233.72,Consumer,Mobile Plans,4837,Lost
2022-12-19,CB-1001878,219.94,Consumer,Device Protection,7030,Won
2022-12-19,CB-1001894,192.68,Consumer,Device Protection,4837,Lost
2022-12-19,CB-1001904,516.86,Wholesale,Bulk Voice,4870,Won
2022-12-19,CB-1001912,225.31,Wholesale,Bulk Voice,4871,Pending
2022-12-19,CB-1001938,403.46,Wholesale,Partner Resale,4871,Pending
2022-12-19,CB-1001939,554.19,Wholesale,Partner Resale,7030,Won
2022-12-20,CB-1001754,488.85,Enterprise,Cloud Services,4855,Won
2022-12-20,CB-1001810,470.93,Enterprise,Managed Support,4863,Won
2022-12-20,CB-1001823,592.21,Enterprise,Platform API,7030,Won
2022-12-20,CB-1001842,254.91,Consumer,Mobile Plans,4863,Open
2022-12-20,CB-1001844,175.41,Consumer,Mobile Plans,4871,Lost
2022-12-20,CB-1001874,277.66,Consumer,Streaming Add-on,4863,Won
2022-12-20,CB-1001909,441.14,Wholesale,Bulk Voice,4871,Won
2022-12-20,CB-1001945,281.02,Wholesale,IoT SIM,4855,Won
2022-12-21,CB-1001822,695.77,Enterprise,Platform API,7030,Lost
2022-12-21,CB-1001825,677.61,Enterprise,Platform API,4863,Pending
2022-12-21,CB-1001848,177.54,Consumer,Mobile Plans,7030,Won
2022-12-21,CB-1001921,247.04,Wholesale,Bulk Voice,4837,Lost
2022-12-22,CB-1001767,584.05,Enterprise,Cloud Services,7030,Open
2022-12-22,CB-1001802,406.44,Enterprise,Managed Support,4863,Open
2022-12-22,CB-1001816,356.88,Enterprise,Platform API,4863,Won
2022-12-22,CB-1001832,426.01,Enterprise,Platform API,4837,Lost
2022-12-22,CB-1001869,312.44,Consumer,Streaming Add-on,4837,Won
2022-12-22,CB-1001899,267.09,Wholesale,Bulk Voice,4855,Pending
2022-12-22,CB-1001913,421.90,Wholesale,Bulk Voice,7030,Lost
2022-12-22,CB-1001941,364.97,Wholesale,IoT SIM,4855,Won
2022-12-22,CB-1001951,273.65,Wholesale,IoT SIM,4837,Open
2022-12-23,CB-1001765,555.23,Enterprise,Cloud Services,4871,Won
2022-12-23,CB-1001776,830.63,Enterprise,Cloud Services,4870,Lost
2022-12-23,CB-1001778,339.75,Enterprise,Cloud Services,4837,Pending
2022-12-23,CB-1001806,485.16,Enterprise,Managed Support,4863,Lost
2022-12-23,CB-1001833,345.63,Enterprise,Platform API,4855,Lost
2022-12-24,CB-1001793,337.58,Enterprise,Managed Support,7030,Won
2022-12-24,CB-1001852,190.70,Consumer,Mobile Plans,4855,Lost
2022-12-24,CB-1001888,269.11,Consumer,Device Protection,4870,Lost
2022-12-24,CB-1001898,260.91,Consumer,Device Protection,4871,Lost
2022-12-24,CB-1001943,482.11,Wholesale,IoT SIM,7030,Pending
2022-12-25,CB-1001764,579.42,Enterprise,Cloud Services,4871,Won
2022-12-25,CB-1001788,281.87,Enterprise,Managed Support,4871,Lost
2022-12-25,CB-1001827,516.52,Enterprise,Platform API,4863,Open
2022-12-25,CB-1001847,358.55,Consumer,Mobile Plans,4870,Pending
2022-12-25,CB-1001854,135.02,Consumer,Mobile Plans,4870,Lost
2022-12-25,CB-1001875,104.58,Consumer,Streaming Add-on,4871,Won
2022-12-25,CB-1001933,334.86,Wholesale,Partner Resale,4855,Pending
2022-12-26,CB-1001779,289.53,Enterprise,Cloud Services,4837,Pending
2022-12-26,CB-1001789,303.19,Enterprise,Managed Support,4871,Lost
2022-12-26,CB-1001792,424.60,Enterprise,Managed Support,4870,Pending
2022-12-26,CB-1001820,589.62,Enterprise,Platform API,4863,Lost
2022-12-26,CB-1001859,325.18,Consumer,Mobile Plans,4837,Pending
2022-12-26,CB-1001882,252.78,Consumer,Device Protection,7030,Won
2022-12-26,CB-1001911,212.40,Wholesale,Bulk Voice,4837,Lost
2022-12-27,CB-1001775,644.36,Enterprise,Cloud Services,4837,Lost
2022-12-27,CB-1001815,562.68,Enterprise,Managed Support,4855,Lost
2022-12-27,CB-1001855,223.32,Consumer,Mobile Plans,4863,Won
2022-12-27,CB-1001928,543.84,Wholesale,Partner Resale,4870,Open
2022-12-27,CB-1001942,306.61,Wholesale,IoT SIM,4863,Lost
2022-12-27,CB-1001950,258.42,Wholesale,IoT SIM,4855,Pending
2022-12-28,CB-1001786,380.60,Enterprise,Managed Support,4855,Open
2022-12-28,CB-1001867,187.87,Consumer,Streaming Add-on,4870,Lost
2022-12-28,CB-1001883,223.05,Consumer,Device Protection,4870,Open
2022-12-28,CB-1001885,285.73,Consumer,Device Protection,4870,Lost
2022-12-28,CB-1001896,213.16,Consumer,Device Protection,7030,Open
2022-12-28,CB-1001908,340.11,Wholesale,Bulk Voice,4871,Open
2022-12-28,CB-1001914,541.89,Wholesale,Bulk Voice,4837,Won
2022-12-28,CB-1001955,288.23,Wholesale,IoT SIM,4855,Lost
2022-12-28,CB-1001956,622.02,Wholesale,IoT SIM,7030,Won
2022-12-29,CB-1001770,575.21,Enterprise,Cloud Services,4855,Won
2022-12-29,CB-1001858,100.64,Consumer,Mobile Plans,4871,Won
2022-12-29,CB-1001920,431.47,Wholesale,Bulk Voice,4837,Lost
2022-12-29,CB-1001926,260.61,Wholesale,Partner Resale,4871,Lost
2022-12-29,CB-1001954,458.64,Wholesale,IoT SIM,4837,Lost
2022-12-30,CB-1001762,568.91,Enterprise,Cloud Services,7030,Won
2022-12-30,CB-1001803,938.34,Enterprise,Managed Support,7030,Won
2022-12-30,CB-1001841,267.88,Consumer,Mobile Plans,4863,Lost
2022-12-30,CB-1001853,165.04,Consumer,Mobile Plans,4871,Lost
2022-12-30,CB-1001868,226.01,Consumer,Streaming Add-on,4871,Lost
2022-12-30,CB-1001890,236.72,Consumer,Device Protection,7030,Lost
2022-12-30,CB-1001892,194.15,Consumer,Device Protection,7030,Lost
2022-12-30,CB-1001905,490.03,Wholesale,Bulk Voice,7030,Open
2022-12-30,CB-1001934,407.01,Wholesale,Partner Resale,4871,Lost
2022-12-30,CB-1001953,449.69,Wholesale,IoT SIM,4863,Lost
2022-12-31,CB-1001755,742.75,Enterprise,Cloud Services,7030,Won
2022-12-31,CB-1001769,290.18,Enterprise,Cloud Services,4863,Won
2022-12-31,CB-1001774,578.17,Enterprise,Cloud Services,4855,Lost
2022-12-31,CB-1001836,198.21,Consumer,Mobile Plans,4871,Lost
2022-12-31,CB-1001871,138.30,Consumer,Streaming Add-on,4871,Lost
2022-12-31,CB-1001872,237.23,Consumer,Streaming Add-on,4870,Open
2022-12-31,CB-1001879,297.71,Consumer,Device Protection,4870,Won
2022-12-31,CB-1001937,328.44,Wholesale,Partner Resale,4837,Lost
2022-12-31,CB-1001948,302.40,Wholesale,IoT SIM,7030,Lost
2023-01-01,CB-1002007,409.11,Enterprise,Platform API,4863,Lost
2023-01-01,CB-1002027,247.76,Consumer,Mobile Plans,4863,Pending
2023-01-01,CB-1002030,266.65,Consumer,Streaming Add-on,4863,Lost
2023-01-01,CB-1002087,386.14,Wholesale,IoT SIM,4871,Open
2023-01-02,CB-1002022,169.24,Consumer,Mobile Plans,4871,Lost
2023-01-02,CB-1002067,310.03,Wholesale,Partner Resale,4870,Won
2023-01-03,CB-1001996,328.07,Enterprise,Managed Support,4871,Lost
2023-01-03,CB-1001999,688.55,Enterprise,Platform API,4870,Pending
2023-01-03,CB-1002035,207.84,Consumer,Streaming Add-on,7030,Won
2023-01-03,CB-1002037,201.18,Consumer,Streaming Add-on,4855,Open
2023-01-03,CB-1002039,379.98,Consumer,Device Protection,7030,Lost
2023-01-03,CB-1002058,414.30,Wholesale,Bulk Voice,4871,Lost
2023-01-03,CB-1002071,212.49,Wholesale,Partner Resale,4863,Pending
2023-01-03,CB-1002073,180.37,Wholesale,Partner Resale,4863,Pending
2023-01-03,CB-1002085,268.45,Wholesale,IoT SIM,4871,Pending
2023-01-04,CB-1001965,451.80,Enterprise,Cloud Services,4870,Won
2023-01-04,CB-1001966,685.55,Enterprise,Cloud Services,4863,Lost
2023-01-04,CB-1001972,643.33,Enterprise,Cloud Services,4863,Won
2023-01-04,CB-1001974,891.83,Enterprise,Cloud Services,7030,Lost
2023-01-04,CB-1001993,319.74,Enterprise,Managed Support,4863,Lost
2023-01-04,CB-1002011,178.72,Consumer,Mobile Plans,4855,Won
2023-01-05,CB-1001962,416.52,Enterprise,Cloud Services,4863,Lost
2023-01-05,CB-1002033,172.64,Consumer,Streaming Add-on,4855,Open
2023-01-05,CB-1002054,494.99,Wholesale,Bulk Voice,7030,Open
2023-01-06,CB-1001958,451.29,Enterprise,Cloud Services,4855,Won
2023-01-06,CB-1001963,637.84,Enterprise,Cloud Services,7030,Won
2023-01-06,CB-1001995,580.19,Enterprise,Managed Support,4863,Lost
2023-01-06,CB-1002055,458.75,Wholesale,Bulk Voice,4863,Won
2023-01-07,CB-1002013,158.55,Consumer,Mobile Plans,4837,Won
2023-01-08,CB-1002038,105.64,Consumer,Streaming Add-on,4855,Lost
2023-01-08,CB-1002063,275.42,Wholesale,Bulk Voice,4871,Won
2023-01-08,CB-1002074,446.41,Wholesale,Partner Resale,7030,Lost
2023-01-09,CB-1001998,419.35,Enterprise,Platform API,4863,Lost
2023-01-09,CB-1002015,228.83,Consumer,Mobile Plans,7030,Won
2023-01-09,CB-1002034,132.60,Consumer,Streaming Add-on,4871,Pending
2023-01-09,CB-1002048,192.79,Consumer,Device Protection,4855,Lost
2023-01-09,CB-1002080,463.19,Wholesale,IoT SIM,7030,Pending
2023-01-10,CB-1001970,549.61,Enterprise,Cloud Services,4863,Won
2023-01-10,CB-1001987,786.52,Enterprise,Managed Support,4870,Lost
2023-01-10,CB-1002006,407.36,Enterprise,Platform API,4870,Lost
2023-01-10,CB-1002019,117.00,Consumer,Mobile Plans,4871,Open
2023-01-10,CB-1002026,206.43,Consumer,Mobile Plans,4837,Won
2023-01-10,CB-1002050,300.91,Consumer,Device Protection,4863,Won
2023-01-10,CB-1002075,446.43,Wholesale,Partner Resale,4837,Won
2023-01-10,CB-1002078,411.87,Wholesale,Partner Resale,4870,Won
2023-01-11,CB-1001968,830.20,Enterprise,Cloud Services,4870,Lost
2023-01-11,CB-1002003,597.34,Enterprise,Platform API,4837,Open
2023-01-12,CB-1001982,302.10,Enterprise,Managed Support,4837,Won
2023-01-12,CB-1001986,305.25,Enterprise,Managed Support,4871,Open
2023-01-12,CB-1002014,231.48,Consumer,Mobile Plans,4863,Lost
2023-01-12,CB-1002016,297.87,Consumer,Mobile Plans,4837,Pending
2023-01-12,CB-1002059,713.65,Wholesale,Bulk Voice,7030,Pending
2023-01-13,CB-1001967,612.35,Enterprise,Cloud Services,7030,Won
2023-01-13,CB-1002010,407.36,Consumer,Mobile Plans,7030,Lost
2023-01-13,CB-1002018,210.69,Consumer,Mobile Plans,4837,Won
2023-01-13,CB-1002070,409.08,Wholesale,Partner Resale,4855,Lost
2023-01-14,CB-1001957,255.83,Enterprise,Cloud Services,4855,Won
2023-01-14,CB-1001960,446.45,Enterprise,Cloud Services,7030,Open
2023-01-14,CB-1001978,341.02,Enterprise,Cloud Services,4837,Lost
2023-01-14,CB-1001985,618.59,Enterprise,Managed Support,4837,Lost
2023-01-14,CB-1002066,627.12,Wholesale,Bulk Voice,4870,Won
2023-01-15,CB-1001964,796.27,Enterprise,Cloud Services,7030,Pending
2023-01-15,CB-1001973,865.04,Enterprise,Cloud Services,4870,Pending
2023-01-15,CB-1001994,455.85,Enterprise,Managed Support,4871,Pending
2023-01-15,CB-1002072,188.58,Wholesale,Partner Resale,4863,Pending
2023-01-16,CB-1001976,528.67,Enterprise,Cloud Services,4855,Lost
2023-01-16,CB-1001990,375.41,Enterprise,Managed Support,4855,Open
2023-01-16,CB-1001997,368.86,Enterprise,Platform API,4855,Pending
2023-01-16,CB-1002060,394.37,Wholesale,Bulk Voice,4855,Won
2023-01-17,CB-1002004,594.70,Enterprise,Platform API,4837,Pending
2023-01-17,CB-1002021,286.44,Consumer,Mobile Plans,4870,Open
2023-01-17,CB-1002029,372.85,Consumer,Streaming Add-on,4870,Lost
2023-01-18,CB-1002023,375.29,Consumer,Mobile Plans,7030,Lost
2023-01-18,CB-1002024,366.17,Consumer,Mobile Plans,4870,Won
2023-01-18,CB-1002040,104.54,Consumer,Device Protection,4871,Lost
2023-01-18,CB-1002062,259.26,Wholesale,Bulk Voice,7030,Won
2023-01-18,CB-1002069,208.28,Wholesale,Partner Resale,4855,Lost
2023-01-18,CB-1002076,405.90,Wholesale,Partner Resale,4871,Won
2023-01-18,CB-1002081,428.05,Wholesale,IoT SIM,4863,Open
2023-01-19,CB-1002025,290.81,Consumer,Mobile Plans,4870,Lost
2023-01-19,CB-1002045,289.86,Consumer,Device Protection,4863,Won
2023-01-19,CB-1002053,303.22,Wholesale,Bulk Voice,4870,Open
2023-01-19,CB-1002064,297.58,Wholesale,Bulk Voice,4863,Pending
2023-01-20,CB-1001969,312.02,Enterprise,Cloud Services,4871,Lost
2023-01-20,CB-1002001,523.74,Enterprise,Platform API,4863,Lost
2023-01-20,CB-1002005,350.55,Enterprise,Platform API,4855,Won
2023-01-20,CB-1002012,127.34,Consumer,Mobile Plans,4863,Lost
2023-01-20,CB-1002079,512.77,Wholesale,IoT SIM,4837,Won
2023-01-21,CB-1001971,533.93,Enterprise,Cloud Services,4855,Won
2023-01-21,CB-1002036,169.19,Consumer,Streaming Add-on,4870,Lost
2023-01-21,CB-1002046,151.37,Consumer,Device Protection,4863,Lost
2023-01-22,CB-1001989,702.48,Enterprise,Managed Support,4837,Won
2023-01-22,CB-1001991,487.65,Enterprise,Managed Support,4870,Open
2023-01-22,CB-1002032,310.04,Consumer,Streaming Add-on,4863,Pending
2023-01-22,CB-1002047,131.66,Consumer,Device Protection,4855,Won
2023-01-22,CB-1002082,393.11,Wholesale,IoT SIM,4870,Lost
2023-01-22,CB-1002086,418.84,Wholesale,IoT SIM,7030,Pending
2023-01-23,CB-1001975,524.22,Enterprise,Cloud Services,7030,Lost
2023-01-23,CB-1001988,695.63,Enterprise,Managed Support,4863,Lost
2023-01-23,CB-1002008,422.62,Enterprise,Platform API,4863,Won
2023-01-23,CB-1002017,190.34,Consumer,Mobile Plans,4871,Lost
2023-01-23,CB-1002044,178.23,Consumer,Device Protection,4837,Lost
2023-01-23,CB-1002049,241.32,Consumer,Device Protection,4871,Lost
2023-01-23,CB-1002077,405.84,Wholesale,Partner Resale,4837,Pending
2023-01-24,CB-1002000,428.41,Enterprise,Platform API,4871,Lost
2023-01-25,CB-1001977,387.48,Enterprise,Cloud Services,4870,Lost
2023-01-25,CB-1001983,763.58,Enterprise,Managed Support,4837,Won
2023-01-25,CB-1002009,331.46,Enterprise,Platform API,4870,Pending
2023-01-25,CB-1002068,529.29,Wholesale,Partner Resale,4870,Pending
2023-01-26,CB-1001959,413.15,Enterprise,Cloud Services,4863,Won
2023-01-26,CB-1001980,644.04,Enterprise,Managed Support,4855,Won
2023-01-26,CB-1002041,321.70,Consumer,Device Protection,4837,Lost
2023-01-26,CB-1002043,149.27,Consumer,Device Protection,4863,Lost
2023-01-26,CB-1002051,159.39,Consumer,Device Protection,4871,Lost
2023-01-26,CB-1002057,286.92,Wholesale,Bulk Voice,7030,Won
2023-01-26,CB-1002065,350.40,Wholesale,Bulk Voice,4837,Won
2023-01-26,CB-1002084,263.41,Wholesale,IoT SIM,4871,Open
2023-01-27,CB-1001961,265.64,Enterprise,Cloud Services,4855,Lost
2023-01-27,CB-1002028,173.17,Consumer,Mobile Plans,4870,Lost
2023-01-28,CB-1002002,538.28,Enterprise,Platform API,4855,Won
2023-01-29,CB-1002031,235.84,Consumer,Streaming Add-on,4837,Open
2023-01-29,CB-1002056,384.95,Wholesale,Bulk Voice,4871,Open
2023-01-30,CB-1001979,446.54,Enterprise,Cloud Services,4871,Won
2023-01-30,CB-1001992,290.87,Enterprise,Managed Support,4837,Open
2023-01-31,CB-1001981,434.00,Enterprise,Managed Support,4871,Won
2023-01-31,CB-1001984,384.51,Enterprise,Managed Support,4837,Won
2023-01-31,CB-1002020,143.88,Consumer,Mobile Plans,7030,Lost
2023-01-31,CB-1002042,372.22,Consumer,Device Protection,7030,Lost
2023-01-31,CB-1002052,347.05,Wholesale,Bulk Voice,7030,Open
2023-01-31,CB-1002061,210.73,Wholesale,Bulk Voice,4855,Lost
2023-01-31,CB-1002083,432.20,Wholesale,IoT SIM,4871,Open
2023-02-01,CB-1002109,355.00,Enterprise,Cloud Services,4863,Won
2023-02-01,CB-1002111,819.96,Enterprise,Cloud Services,4870,Lost
2023-02-01,CB-1002115,620.29,Enterprise,Managed Support,4863,Won
2023-02-01,CB-1002141,626.19,Enterprise,Platform API,4863,Lost
2023-02-01,CB-1002174,263.76,Consumer,Streaming Add-on,7030,Won
2023-02-01,CB-1002210,253.72,Wholesale,Bulk Voice,4837,Won
2023-02-02,CB-1002106,771.85,Enterprise,Cloud Services,4870,Won
2023-02-02,CB-1002131,674.25,Enterprise,Platform API,4863,Pending
2023-02-02,CB-1002134,586.13,Enterprise,Platform API,7030,Lost
2023-02-02,CB-1002150,339.13,Consumer,Mobile Plans,4837,Won
2023-02-02,CB-1002152,185.85,Consumer,Mobile Plans,4871,Open
2023-02-02,CB-1002164,231.72,Consumer,Mobile Plans,4871,Open
2023-02-02,CB-1002165,217.50,Consumer,Mobile Plans,4871,Lost
2023-02-02,CB-1002184,314.71,Consumer,Device Protection,4837,Lost
2023-02-02,CB-1002186,156.03,Consumer,Device Protection,7030,Open
2023-02-02,CB-1002188,259.24,Consumer,Device Protection,4870,Lost
2023-02-02,CB-1002190,181.33,Consumer,Device Protection,4870,Lost
2023-02-02,CB-1002228,242.74,Wholesale,IoT SIM,4863,Won
2023-02-03,CB-1002090,463.81,Enterprise,Cloud Services,4870,Open
2023-02-03,CB-1002098,838.14,Enterprise,Cloud Services,7030,Lost
2023-02-03,CB-1002101,592.68,Enterprise,Cloud Services,4855,Pending
2023-02-03,CB-1002148,225.56,Consumer,Mobile Plans,4837,Pending
2023-02-03,CB-1002161,127.72,Consumer,Mobile Plans,4855,Lost
2023-02-03,CB-1002236,282.19,Wholesale,IoT SIM,4871,Open
2023-02-04,CB-1002102,803.34,Enterprise,Cloud Services,4870,Lost
2023-02-04,CB-1002117,751.85,Enterprise,Managed Support,4870,Pending
2023-02-04,CB-1002127,481.33,Enterprise,Managed Support,4837,Won
2023-02-04,CB-1002128,483.26,Enterprise,Platform API,4863,Lost
2023-02-04,CB-1002144,227.96,Consumer,Mobile Plans,4837,Pending
2023-02-04,CB-1002166,200.65,Consumer,Mobile Plans,4871,Open
2023-02-04,CB-1002181,295.30,Consumer,Device Protection,7030,Lost
2023-02-05,CB-1002095,691.58,Enterprise,Cloud Services,4870,Open
2023-02-05,CB-1002105,283.24,Enterprise,Cloud Services,4863,Lost
2023-02-05,CB-1002163,251.31,Consumer,Mobile Plans,4870,Lost
2023-02-05,CB-1002205,244.09,Wholesale,Bulk Voice,4837,Won
2023-02-06,CB-1002089,370.05,Enterprise,Cloud Services,7030,Pending
2023-02-06,CB-1002142,271.59,Enterprise,Platform API,4837,Won
2023-02-06,CB-1002149,198.35,Consumer,Mobile Plans,4837,Lost
2023-02-06,CB-1002203,262.24,Wholesale,Bulk Voice,4837,Pending
2023-02-06,CB-1002208,343.46,Wholesale,Bulk Voice,4863,Open
2023-02-07,CB-1002093,294.92,Enterprise,Cloud Services,4837,Lost
2023-02-07,CB-1002119,317.31,Enterprise,Managed Support,4871,Pending
2023-02-07,CB-1002139,511.83,Enterprise,Platform API,4870,Won
2023-02-08,CB-1002100,501.28,Enterprise,Cloud Services,4837,Lost
2023-02-08,CB-1002108,675.23,Enterprise,Cloud Services,4837,Open
2023-02-08,CB-1002124,795.48,Enterprise,Managed Support,4870,Lost
2023-02-08,CB-1002227,249.51,Wholesale,IoT SIM,4871,Lost
2023-02-09,CB-1002154,212.97,Consumer,Mobile Plans,7030,Open
2023-02-09,CB-1002175,142.38,Consumer,Streaming Add-on,4855,Won
2023-02-09,CB-1002197,180.56,Wholesale,Bulk Voice,4871,Pending
2023-02-09,CB-1002209,307.44,Wholesale,Bulk Voice,4863,Open
2023-02-09,CB-1002219,223.61,Wholesale,Partner Resale,4870,Pending
2023-02-09,CB-1002234,449.67,Wholesale,IoT SIM,4863,Won
2023-02-10,CB-1002135,316.92,Enterprise,Platform API,4871,Lost
2023-02-10,CB-1002146,311.47,Consumer,Mobile Plans,7030,Lost
2023-02-10,CB-1002170,229.96,Consumer,Streaming Add-on,4863,Won
2023-02-10,CB-1002213,513.74,Wholesale,Bulk Voice,4870,Won
2023-02-11,CB-1002129,519.21,Enterprise,Platform API,4855,Pending
2023-02-11,CB-1002155,203.25,Consumer,Mobile Plans,4855,Won
2023-02-11,CB-1002171,155.59,Consumer,Streaming Add-on,4863,Lost
2023-02-11,CB-1002192,168.15,Consumer,Device Protection,4870,Pending
2023-02-12,CB-1002138,329.18,Enterprise,Platform API,4871,Open
2023-02-12,CB-1002178,334.11,Consumer,Streaming Add-on,4837,Pending
2023-02-12,CB-1002185,223.16,Consumer,Device Protection,7030,Pending
2023-02-13,CB-1002110,327.41,Enterprise,Cloud Services,4855,Won
2023-02-13,CB-1002113,329.92,Enterprise,Managed Support,4871,Won
2023-02-13,CB-1002132,606.94,Enterprise,Platform API,4871,Lost
2023-02-13,CB-1002157,185.48,Consumer,Mobile Plans,4863,Pending
2023-02-13,CB-1002162,396.46,Consumer,Mobile Plans,7030,Open
2023-02-13,CB-1002167,248.99,Consumer,Streaming Add-on,4870,Pending
2023-02-13,CB-1002168,271.85,Consumer,Streaming Add-on,4837,Pending
2023-02-14,CB-1002112,451.70,Enterprise,Managed Support,4855,Lost
2023-02-14,CB-1002133,273.33,Enterprise,Platform API,4871,Lost
2023-02-14,CB-1002153,162.23,Consumer,Mobile Plans,4863,Won
2023-02-14,CB-1002179,400.01,Consumer,Device Protection,7030,Won
2023-02-14,CB-1002212,412.61,Wholesale,Bulk Voice,4837,Lost
2023-02-14,CB-1002218,168.35,Wholesale,Partner Resale,4855,Lost
2023-02-14,CB-1002223,408.67,Wholesale,Partner Resale,4863,Won
2023-02-14,CB-1002225,492.35,Wholesale,Partner Resale,7030,Won
2023-02-15,CB-1002094,483.16,Enterprise,Cloud Services,4863,Won
2023-02-15,CB-1002122,456.30,Enterprise,Managed Support,4863,Lost
2023-02-15,CB-1002137,581.53,Enterprise,Platform API,4863,Lost
2023-02-15,CB-1002180,210.36,Consumer,Device Protection,4863,Won
2023-02-15,CB-1002195,377.03,Wholesale,Bulk Voice,4855,Won
2023-02-15,CB-1002198,372.77,Wholesale,Bulk Voice,4855,Lost
2023-02-15,CB-1002235,288.07,Wholesale,IoT SIM,4855,Lost
2023-02-16,CB-1002097,391.71,Enterprise,Cloud Services,4855,Open
2023-02-16,CB-1002103,784.67,Enterprise,Cloud Services,4837,Lost
2023-02-16,CB-1002226,428.06,Wholesale,IoT SIM,4871,Open
2023-02-17,CB-1002121,317.16,Enterprise,Managed Support,4855,Lost
2023-02-17,CB-1002151,286.75,Consumer,Mobile Plans,4870,Pending
2023-02-17,CB-1002159,364.48,Consumer,Mobile Plans,7030,Pending
2023-02-17,CB-1002183,136.43,Consumer,Device Protection,4863,Won
2023-02-18,CB-1002125,840.59,Enterprise,Managed Support,4870,Won
2023-02-18,CB-1002145,230.66,Consumer,Mobile Plans,4870,Lost
2023-02-19,CB-1002091,464.91,Enterprise,Cloud Services,4870,Lost
2023-02-19,CB-1002126,348.11,Enterprise,Managed Support,4837,Lost
2023-02-19,CB-1002136,693.38,Enterprise,Platform API,4870,Lost
2023-02-19,CB-1002176,209.20,Consumer,Streaming Add-on,7030,Lost
2023-02-19,CB-1002200,547.38,Wholesale,Bulk Voice,4870,Won
2023-02-19,CB-1002206,417.33,Wholesale,Bulk Voice,4871,Won
2023-02-20,CB-1002116,405.07,Enterprise,Managed Support,4855,Open
2023-02-20,CB-1002123,571.24,Enterprise,Managed Support,4855,Open
2023-02-20,CB-1002193,358.44,Consumer,Device Protection,4870,Won
2023-02-20,CB-1002204,289.60,Wholesale,Bulk Voice,4870,Lost
2023-02-20,CB-1002217,442.57,Wholesale,Partner Resale,4870,Won
2023-02-20,CB-1002220,332.90,Wholesale,Partner Resale,4871,Won
2023-02-20,CB-1002233,433.06,Wholesale,IoT SIM,4855,Lost
2023-02-21,CB-1002099,585.18,Enterprise,Cloud Services,4871,Lost
2023-02-21,CB-1002107,510.96,Enterprise,Cloud Services,7030,Lost
2023-02-21,CB-1002118,675.64,Enterprise,Managed Support,4863,Lost
2023-02-21,CB-1002130,559.48,Enterprise,Platform API,4837,Won
2023-02-21,CB-1002156,226.78,Consumer,Mobile Plans,4863,Open
2023-02-21,CB-1002160,219.36,Consumer,Mobile Plans,4837,Pending
2023-02-21,CB-1002172,258.49,Consumer,Streaming Add-on,4871,Won
2023-02-21,CB-1002191,226.50,Consumer,Device Protection,7030,Lost
2023-02-21,CB-1002216,323.75,Wholesale,Partner Resale,4863,Lost
2023-02-22,CB-1002140,578.75,Enterprise,Platform API,4870,Lost
2023-02-22,CB-1002169,174.04,Consumer,Streaming Add-on,4855,Lost
2023-02-22,CB-1002215,228.32,Wholesale,Partner Resale,4863,Pending
2023-02-22,CB-1002221,245.43,Wholesale,Partner Resale,4855,Pending
2023-02-23,CB-1002104,450.75,Enterprise,Cloud Services,4871,Won
2023-02-23,CB-1002158,309.18,Consumer,Mobile Plans,4837,Won
2023-02-23,CB-1002189,177.37,Consumer,Device Protection,4863,Lost
2023-02-23,CB-1002201,444.44,Wholesale,Bulk Voice,4837,Won
2023-02-24,CB-1002120,336.61,Enterprise,Managed Support,4871,Lost
2023-02-24,CB-1002143,583.89,Enterprise,Platform API,7030,Lost
2023-02-24,CB-1002199,299.97,Wholesale,Bulk Voice,4871,Won
2023-02-24,CB-1002202,291.24,Wholesale,Bulk Voice,7030,Pending
2023-02-24,CB-1002224,222.39,Wholesale,Partner Resale,4870,Pending
2023-02-24,CB-1002229,392.23,Wholesale,IoT SIM,4870,Won
2023-02-25,CB-1002088,793.44,Enterprise,Cloud Services,4870,Pending
2023-02-25,CB-1002092,502.73,Enterprise,Cloud Services,4855,Won
2023-02-25,CB-1002173,342.04,Consumer,Streaming Add-on,4870,Lost
2023-02-25,CB-1002182,281.35,Consumer,Device Protection,4863,Won
2023-02-25,CB-1002187,107.05,Consumer,Device Protection,4871,Lost
2023-02-25,CB-1002194,652.24,Wholesale,Bulk Voice,7030,Pending
2023-02-25,CB-1002211,269.67,Wholesale,Bulk Voice,7030,Open
2023-02-26,CB-1002147,151.22,Consumer,Mobile Plans,4837,Pending
2023-02-26,CB-1002196,208.76,Wholesale,Bulk Voice,4871,Lost
2023-02-26,CB-1002207,453.66,Wholesale,Bulk Voice,4855,Lost
2023-02-26,CB-1002230,382.40,Wholesale,IoT SIM,7030,Pending
2023-02-26,CB-1002232,178.42,Wholesale,IoT SIM,4871,Pending
2023-02-27,CB-1002114,378.35,Enterprise,Managed Support,4837,Lost
2023-02-27,CB-1002177,307.26,Consumer,Streaming Add-on,4837,Open
2023-02-27,CB-1002214,231.29,Wholesale,Partner Resale,4863,Pending
2023-02-27,CB-1002222,201.04,Wholesale,Partner Resale,4871,Pending
2023-02-28,CB-1002096,464.19,Enterprise,Cloud Services,4855,Won
2023-02-28,CB-1002231,252.63,Wholesale,IoT SIM,4837,Lost
2023-03-01,CB-1002253,442.20,Enterprise,Cloud Services,4870,Won
2023-03-01,CB-1002284,275.82,Enterprise,Platform API,4863,Won
2023-03-01,CB-1002286,843.93,Enterprise,Platform API,4870,Won
2023-03-01,CB-1002306,297.49,Consumer,Mobile Plans,4837,Won
2023-03-01,CB-1002326,279.16,Consumer,Streaming Add-on,4837,Won
2023-03-01,CB-1002344,111.81,Consumer,Device Protection,4863,Won
2023-03-01,CB-1002357,647.02,Wholesale,Bulk Voice,7030,Lost
2023-03-02,CB-1002263,347.69,Enterprise,Cloud Services,4871,Lost
2023-03-02,CB-1002264,579.49,Enterprise,Managed Support,4871,Won
2023-03-02,CB-1002289,406.34,Enterprise,Platform API,4855,Won
2023-03-02,CB-1002290,518.15,Enterprise,Platform API,4855,Lost
2023-03-02,CB-1002297,611.34,Enterprise,Platform API,4855,Won
2023-03-02,CB-1002327,321.85,Consumer,Streaming Add-on,4870,Won
2023-03-02,CB-1002339,245.91,Consumer,Device Protection,7030,Won
2023-03-02,CB-1002363,296.54,Wholesale,Bulk Voice,4855,Pending
2023-03-03,CB-1002247,656.14,Enterprise,Cloud Services,4870,Lost
2023-03-03,CB-1002251,951.39,Enterprise,Cloud Services,7030,Won
2023-03-03,CB-1002331,343.70,Consumer,Streaming Add-on,4870,Open
2023-03-03,CB-1002354,435.99,Wholesale,Bulk Voice,4837,Lost
2023-03-03,CB-1002375,260.37,Wholesale,Partner Resale,4837,Won
2023-03-04,CB-1002287,512.13,Enterprise,Platform API,4870,Lost
2023-03-04,CB-1002343,123.37,Consumer,Device Protection,4871,Lost
2023-03-04,CB-1002367,457.43,Wholesale,Bulk Voice,4863,Lost
2023-03-05,CB-1002272,447.98,Enterprise,Managed Support,4863,Lost
2023-03-05,CB-1002278,746.53,Enterprise,Managed Support,4870,Won
2023-03-05,CB-1002281,772.36,Enterprise,Managed Support,7030,Pending
2023-03-05,CB-1002332,288.95,Consumer,Streaming Add-on,4855,Pending
2023-03-05,CB-1002338,299.17,Consumer,Device Protection,4837,Won
2023-03-05,CB-1002345,134.33,Consumer,Device Protection,4837,Open
2023-03-05,CB-1002380,300.52,Wholesale,Partner Resale,4863,Won
2023-03-05,CB-1002399,212.83,Wholesale,IoT SIM,4871,Lost
2023-03-06,CB-1002254,763.41,Enterprise,Cloud Services,4837,Lost
2023-03-06,CB-1002369,187.76,Wholesale,Bulk Voice,4863,Lost
2023-03-06,CB-1002372,291.06,Wholesale,Partner Resale,4855,Won
2023-03-06,CB-1002373,579.50,Wholesale,Partner Resale,4837,Won
2023-03-06,CB-1002392,220.01,Wholesale,IoT SIM,4863,Lost
2023-03-06,CB-1002398,235.95,Wholesale,IoT SIM,4837,Pending
2023-03-07,CB-1002259,314.34,Enterprise,Cloud Services,4863,Pending
2023-03-07,CB-1002270,462.70,Enterprise,Managed Support,4855,Lost
2023-03-07,CB-1002292,781.19,Enterprise,Platform API,7030,Lost
2023-03-07,CB-1002304,136.04,Consumer,Mobile Plans,4863,Won
2023-03-07,CB-1002315,253.54,Consumer,Mobile Plans,4863,Lost
2023-03-07,CB-1002316,354.63,Consumer,Mobile Plans,7030,Lost
2023-03-08,CB-1002249,369.95,Enterprise,Cloud Services,7030,Pending
2023-03-08,CB-1002268,293.30,Enterprise,Managed Support,4855,Won
2023-03-08,CB-1002376,369.67,Wholesale,Partner Resale,4871,Open
2023-03-08,CB-1002387,384.82,Wholesale,IoT SIM,4871,Lost
2023-03-09,CB-1002243,336.63,Enterprise,Cloud Services,4863,Pending
2023-03-09,CB-1002282,311.87,Enterprise,Managed Support,4871,Won
2023-03-09,CB-1002360,561.05,Wholesale,Bulk Voice,7030,Lost
2023-03-09,CB-1002364,531.55,Wholesale,Bulk Voice,4863,Won
2023-03-09,CB-1002371,459.96,Wholesale,Partner Resale,4870,Open
2023-03-10,CB-1002269,309.14,Enterprise,Managed Support,4871,Won
2023-03-10,CB-1002280,444.26,Enterprise,Managed Support,4855,Lost
2023-03-10,CB-1002285,899.56,Enterprise,Platform API,7030,Won
2023-03-10,CB-1002307,231.88,Consumer,Mobile Plans,4855,Won
2023-03-10,CB-1002333,178.49,Consumer,Device Protection,4863,Won
2023-03-10,CB-1002352,569.11,Wholesale,Bulk Voice,7030,Lost
2023-03-10,CB-1002358,266.42,Wholesale,Bulk Voice,4863,Lost
2023-03-10,CB-1002384,373.79,Wholesale,Partner Resale,4871,Won
2023-03-10,CB-1002394,409.64,Wholesale,IoT SIM,4837,Open
2023-03-11,CB-1002293,639.98,Enterprise,Platform API,7030,Lost
2023-03-11,CB-1002296,455.51,Enterprise,Platform API,4855,Lost
2023-03-11,CB-1002310,414.71,Consumer,Mobile Plans,7030,Won
2023-03-11,CB-1002314,271.37,Consumer,Mobile Plans,4855,Pending
2023-03-11,CB-1002347,369.72,Consumer,Device Protection,7030,Pending
2023-03-11,CB-1002377,649.65,Wholesale,Partner Resale,7030,Won
2023-03-11,CB-1002385,375.14,Wholesale,Partner Resale,4871,Pending
2023-03-12,CB-1002242,328.18,Enterprise,Cloud Services,7030,Open
2023-03-12,CB-1002262,630.21,Enterprise,Cloud Services,4870,Lost
2023-03-12,CB-1002303,181.60,Consumer,Mobile Plans,4863,Lost
2023-03-12,CB-1002313,183.56,Consumer,Mobile Plans,4863,Won
2023-03-12,CB-1002368,350.70,Wholesale,Bulk Voice,4871,Won
2023-03-13,CB-1002239,340.46,Enterprise,Cloud Services,4871,Won
2023-03-13,CB-1002273,604.56,Enterprise,Managed Support,4837,Pending
2023-03-13,CB-1002277,733.92,Enterprise,Managed Support,4837,Pending
2023-03-13,CB-1002308,291.53,Consumer,Mobile Plans,4870,Won
2023-03-13,CB-1002323,389.57,Consumer,Streaming Add-on,7030,Lost
2023-03-13,CB-1002329,131.77,Consumer,Streaming Add-on,4871,Lost
2023-03-13,CB-1002359,555.86,Wholesale,Bulk Voice,4837,Won
2023-03-13,CB-1002383,273.15,Wholesale,Partner Resale,7030,Lost
2023-03-13,CB-1002388,349.33,Wholesale,IoT SIM,7030,Pending
2023-03-14,CB-1002261,626.82,Enterprise,Cloud Services,4863,Lost
2023-03-14,CB-1002266,563.01,Enterprise,Managed Support,4855,Lost
2023-03-14,CB-1002298,176.09,Consumer,Mobile Plans,4837,Lost
2023-03-14,CB-1002350,289.44,Wholesale,Bulk Voice,4863,Pending
2023-03-14,CB-1002390,379.50,Wholesale,IoT SIM,4837,Won
2023-03-15,CB-1002250,475.80,Enterprise,Cloud Services,4863,Won
2023-03-15,CB-1002349,463.39,Wholesale,Bulk Voice,7030,Pending
2023-03-16,CB-1002291,555.87,Enterprise,Platform API,4837,Won
2023-03-16,CB-1002319,127.23,Consumer,Streaming Add-on,4863,Pending
2023-03-16,CB-1002370,457.71,Wholesale,Partner Resale,4863,Lost
2023-03-17,CB-1002237,617.29,Enterprise,Cloud Services,7030,Lost
2023-03-17,CB-1002241,621.56,Enterprise,Cloud Services,4837,Pending
2023-03-17,CB-1002301,341.08,Consumer,Mobile Plans,4870,Won
2023-03-17,CB-1002328,202.71,Consumer,Streaming Add-on,4870,Lost
2023-03-17,CB-1002381,475.52,Wholesale,Partner Resale,4855,Lost
2023-03-17,CB-1002389,373.30,Wholesale,IoT SIM,4837,Lost
2023-03-18,CB-1002248,430.93,Enterprise,Cloud Services,7030,Won
2023-03-18,CB-1002257,650.00,Enterprise,Cloud Services,7030,Lost
2023-03-18,CB-1002274,327.08,Enterprise,Managed Support,4855,Pending
2023-03-18,CB-1002302,347.21,Consumer,Mobile Plans,4870,Open
2023-03-18,CB-1002336,145.35,Consumer,Device Protection,4863,Lost
2023-03-18,CB-1002340,147.21,Consumer,Device Protection,4870,Pending
2023-03-18,CB-1002341,268.48,Consumer,Device Protection,4855,Lost
2023-03-18,CB-1002362,243.05,Wholesale,Bulk Voice,4837,Lost
2023-03-18,CB-1002391,302.30,Wholesale,IoT SIM,4855,Open
2023-03-18,CB-1002396,403.81,Wholesale,IoT SIM,7030,Lost
2023-03-19,CB-1002279,389.78,Enterprise,Managed Support,7030,Pending
2023-03-19,CB-1002321,366.74,Consumer,Streaming Add-on,7030,Pending
2023-03-19,CB-1002325,196.39,Consumer,Streaming Add-on,4871,Lost
2023-03-19,CB-1002346,150.28,Consumer,Device Protection,4855,Open
2023-03-19,CB-1002379,706.00,Wholesale,Partner Resale,7030,Pending
2023-03-20,CB-1002244,686.33,Enterprise,Cloud Services,4837,Won
2023-03-20,CB-1002288,790.55,Enterprise,Platform API,7030,Pending
2023-03-20,CB-1002295,397.82,Enterprise,Platform API,4863,Lost
2023-03-20,CB-1002318,142.56,Consumer,Mobile Plans,4863,Won
2023-03-20,CB-1002330,179.01,Consumer,Streaming Add-on,4870,Lost
2023-03-21,CB-1002311,94.87,Consumer,Mobile Plans,4871,Lost
2023-03-21,CB-1002322,159.05,Consumer,Streaming Add-on,4870,Won
2023-03-21,CB-1002342,167.78,Consumer,Device Protection,7030,Won
2023-03-21,CB-1002374,253.53,Wholesale,Partner Resale,7030,Lost
2023-03-21,CB-1002386,464.27,Wholesale,IoT SIM,4863,Pending
2023-03-22,CB-1002283,278.44,Enterprise,Platform API,4855,Won
2023-03-22,CB-1002312,168.01,Consumer,Mobile Plans,4870,Won
2023-03-22,CB-1002335,115.30,Consumer,Device Protection,4855,Lost
2023-03-22,CB-1002382,421.29,Wholesale,Partner Resale,4871,Won
2023-03-23,CB-1002271,766.71,Enterprise,Managed Support,7030,Lost
2023-03-23,CB-1002299,308.94,Consumer,Mobile Plans,7030,Lost
2023-03-23,CB-1002337,200.69,Consumer,Device Protection,4855,Lost
2023-03-23,CB-1002361,412.15,Wholesale,Bulk Voice,7030,Open
2023-03-23,CB-1002397,359.65,Wholesale,IoT SIM,4837,Open
2023-03-24,CB-1002252,673.45,Enterprise,Cloud Services,4863,Pending
2023-03-24,CB-1002256,548.40,Enterprise,Cloud Services,4871,Won
2023-03-24,CB-1002260,748.15,Enterprise,Cloud Services,4837,Lost
2023-03-24,CB-1002309,233.38,Consumer,Mobile Plans,7030,Open
2023-03-24,CB-1002317,135.80,Consumer,Mobile Plans,4837,Open
2023-03-25,CB-1002276,800.12,Enterprise,Managed Support,4870,Won
2023-03-25,CB-1002320,162.22,Consumer,Streaming Add-on,7030,Lost
2023-03-25,CB-1002356,441.55,Wholesale,Bulk Voice,4837,Pending
2023-03-25,CB-1002378,335.96,Wholesale,Partner Resale,7030,Lost
2023-03-25,CB-1002393,417.04,Wholesale,IoT SIM,4871,Won
2023-03-26,CB-1002240,482.62,Enterprise,Cloud Services,4871,Won
2023-03-26,CB-1002267,723.01,Enterprise,Managed Support,7030,Open
2023-03-27,CB-1002255,428.19,Enterprise,Cloud Services,4871,Lost
2023-03-27,CB-1002334,169.67,Consumer,Device Protection,4863,Lost
2023-03-28,CB-1002324,263.01,Consumer,Streaming Add-on,4855,Lost
2023-03-28,CB-1002353,392.14,Wholesale,Bulk Voice,4871,Pending
2023-03-28,CB-1002355,201.81,Wholesale,Bulk Voice,4855,Open
2023-03-29,CB-1002300,250.81,Consumer,Mobile Plans,4855,Lost
2023-03-29,CB-1002351,592.46,Wholesale,Bulk Voice,4870,Won
2023-03-30,CB-1002245,631.08,Enterprise,Cloud Services,7030,Won
2023-03-30,CB-1002258,554.80,Enterprise,Cloud Services,4863,Won
2023-03-30,CB-1002275,746.41,Enterprise,Managed Support,7030,Lost
2023-03-30,CB-1002294,546.57,Enterprise,Platform API,4871,Won
2023-03-30,CB-1002348,229.73,Wholesale,Bulk Voice,4870,Won
2023-03-30,CB-1002365,160.93,Wholesale,Bulk Voice,4871,Lost
2023-03-30,CB-1002395,336.69,Wholesale,IoT SIM,4870,Open
2023-03-31,CB-1002238,289.01,Enterprise,Cloud Services,4863,Won
2023-03-31,CB-1002246,307.69,Enterprise,Cloud Services,4863,Won
2023-03-31,CB-1002265,299.19,Enterprise,Managed Support,4863,Lost
2023-03-31,CB-1002305,242.63,Consumer,Mobile Plans,4855,Lost
2023-03-31,CB-1002366,188.80,Wholesale,Bulk Voice,4871,Pending
2023-04-01,CB-1002530,373.97,Wholesale,Bulk Voice,4863,Won
2023-04-01,CB-1002561,157.73,Wholesale,IoT SIM,4871,Lost
2023-04-02,CB-1002401,358.65,Enterprise,Cloud Services,7030,Pending
2023-04-02,CB-1002407,262.26,Enterprise,Cloud Services,4871,Pending
2023-04-02,CB-1002438,429.71,Enterprise,Managed Support,4871,Pending
2023-04-03,CB-1002420,349.22,Enterprise,Cloud Services,4837,Open
2023-04-03,CB-1002439,598.43,Enterprise,Managed Support,4870,Won
2023-04-03,CB-1002499,195.83,Consumer,Streaming Add-on,4863,Lost
2023-04-03,CB-1002513,321.54,Consumer,Device Protection,4837,Won
2023-04-04,CB-1002404,665.14,Enterprise,Cloud Services,4837,Lost
2023-04-04,CB-1002437,548.97,Enterprise,Managed Support,7030,Won
2023-04-04,CB-1002448,694.12,Enterprise,Managed Support,7030,Lost
2023-04-04,CB-1002452,570.82,Enterprise,Platform API,4837,Won
2023-04-04,CB-1002521,298.68,Wholesale,Bulk Voice,4855,Pending
2023-04-04,CB-1002547,233.32,Wholesale,Partner Resale,4871,Won
2023-04-05,CB-1002477,267.06,Consumer,Mobile Plans,4855,Won
2023-04-05,CB-1002501,140.66,Consumer,Streaming Add-on,4855,Lost
2023-04-05,CB-1002550,657.07,Wholesale,Partner Resale,7030,Won
2023-04-05,CB-1002555,184.63,Wholesale,IoT SIM,4871,Lost
2023-04-06,CB-1002418,366.16,Enterprise,Cloud Services,4855,Lost
2023-04-06,CB-1002435,646.67,Enterprise,Managed Support,7030,Lost
2023-04-06,CB-1002453,306.36,Enterprise,Platform API,4855,Lost
2023-04-06,CB-1002468,250.64,Consumer,Mobile Plans,4870,Won
2023-04-06,CB-1002506,93.97,Consumer,Device Protection,4871,Won
2023-04-07,CB-1002427,304.56,Enterprise,Cloud Services,4863,Won
2023-04-07,CB-1002440,558.39,Enterprise,Managed Support,4863,Open
2023-04-07,CB-1002478,133.60,Consumer,Mobile Plans,4855,Won
2023-04-07,CB-1002507,266.30,Consumer,Device Protection,4837,Won
2023-04-07,CB-1002508,215.77,Consumer,Device Protection,4871,Pending
2023-04-07,CB-1002551,315.11,Wholesale,Partner Resale,4837,Lost
2023-04-08,CB-1002403,565.47,Enterprise,Cloud Services,4871,Lost
2023-04-08,CB-1002419,694.92,Enterprise,Cloud Services,4837,Won
2023-04-08,CB-1002503,380.83,Consumer,Device Protection,4870,Won
2023-04-08,CB-1002525,669.63,Wholesale,Bulk Voice,7030,Pending
2023-04-08,CB-1002539,252.78,Wholesale,Partner Resale,4837,Lost
2023-04-08,CB-1002544,514.48,Wholesale,Partner Resale,4863,Lost
2023-04-08,CB-1002559,276.01,Wholesale,IoT SIM,4870,Lost
2023-04-09,CB-1002424,616.88,Enterprise,Cloud Services,7030,Lost
2023-04-09,CB-1002442,496.86,Enterprise,Managed Support,4837,Pending
2023-04-09,CB-1002491,377.32,Consumer,Streaming Add-on,7030,Won
2023-04-09,CB-1002509,217.15,Consumer,Device Protection,4837,Pending
2023-04-09,CB-1002536,277.67,Wholesale,Partner Resale,4855,Lost
2023-04-09,CB-1002553,576.69,Wholesale,Partner Resale,4870,Won
2023-04-10,CB-1002406,681.30,Enterprise,Cloud Services,4870,Open
2023-04-10,CB-1002410,222.41,Enterprise,Cloud Services,4855,Pending
2023-04-10,CB-1002457,413.22,Enterprise,Platform API,7030,Open
2023-04-10,CB-1002490,337.69,Consumer,Streaming Add-on,4837,Pending
2023-04-10,CB-1002496,290.60,Consumer,Streaming Add-on,7030,Won
2023-04-10,CB-1002533,222.91,Wholesale,Bulk Voice,4855,Won
2023-04-10,CB-1002535,240.17,Wholesale,Bulk Voice,4871,Won
2023-04-11,CB-1002409,467.80,Enterprise,Cloud Services,4855,Won
2023-04-11,CB-1002447,731.77,Enterprise,Managed Support,7030,Lost
2023-04-11,CB-1002459,503.87,Enterprise,Platform API,4837,Won
2023-04-11,CB-1002463,234.42,Enterprise,Platform API,4855,Pending
2023-04-11,CB-1002465,809.37,Enterprise,Platform API,7030,Pending
2023-04-11,CB-1002470,137.25,Consumer,Mobile Plans,4871,Won
2023-04-11,CB-1002479,153.18,Consumer,Mobile Plans,4863,Lost
2023-04-11,CB-1002498,185.63,Consumer,Streaming Add-on,4870,Pending
2023-04-11,CB-1002517,231.98,Consumer,Device Protection,4870,Won
2023-04-11,CB-1002520,388.59,Wholesale,Bulk Voice,4870,Won
2023-04-12,CB-1002433,496.15,Enterprise,Managed Support,4871,Lost
2023-04-12,CB-1002443,500.04,Enterprise,Managed Support,4855,Lost
2023-04-12,CB-1002458,564.76,Enterprise,Platform API,4870,Won
2023-04-12,CB-1002469,142.56,Consumer,Mobile Plans,4870,Won
2023-04-12,CB-1002476,320.35,Consumer,Mobile Plans,4870,Pending
2023-04-12,CB-1002485,129.45,Consumer,Mobile Plans,4837,Lost
2023-04-12,CB-1002554,312.95,Wholesale,IoT SIM,7030,Won
2023-04-13,CB-1002402,562.34,Enterprise,Cloud Services,7030,Won
2023-04-13,CB-1002454,810.69,Enterprise,Platform API,4870,Pending
2023-04-13,CB-1002456,601.85,Enterprise,Platform API,4863,Won
2023-04-13,CB-1002516,263.07,Consumer,Device Protection,4871,Won
2023-04-13,CB-1002519,358.78,Wholesale,Bulk Voice,7030,Lost
2023-04-13,CB-1002523,425.29,Wholesale,Bulk Voice,7030,Won
2023-04-14,CB-1002414,573.56,Enterprise,Cloud Services,4837,Open
2023-04-14,CB-1002494,111.30,Consumer,Streaming Add-on,4863,Won
2023-04-14,CB-1002558,171.24,Wholesale,IoT SIM,4855,Won
2023-04-15,CB-1002430,645.09,Enterprise,Managed Support,4863,Lost
2023-04-15,CB-1002495,125.67,Consumer,Streaming Add-on,4837,Won
2023-04-15,CB-1002502,202.89,Consumer,Streaming Add-on,4863,Won
2023-04-15,CB-1002514,186.44,Consumer,Device Protection,4863,Pending
2023-04-15,CB-1002531,403.80,Wholesale,Bulk Voice,4871,Pending
2023-04-15,CB-1002564,449.83,Wholesale,IoT SIM,4871,Won
2023-04-16,CB-1002449,765.74,Enterprise,Platform API,4870,Lost
2023-04-16,CB-1002461,415.31,Enterprise,Platform API,4837,Lost
2023-04-16,CB-1002489,250.05,Consumer,Streaming Add-on,4837,Open
2023-04-16,CB-1002492,261.29,Consumer,Streaming Add-on,4837,Lost
2023-04-17,CB-1002411,478.07,Enterprise,Cloud Services,7030,Lost
2023-04-17,CB-1002416,617.05,Enterprise,Cloud Services,4863,Won
2023-04-17,CB-1002423,820.10,Enterprise,Cloud Services,4870,Lost
2023-04-17,CB-1002426,705.27,Enterprise,Cloud Services,4837,Pending
2023-04-17,CB-1002428,509.03,Enterprise,Cloud Services,4855,Pending
2023-04-17,CB-1002522,160.28,Wholesale,Bulk Voice,4871,Pending
2023-04-17,CB-1002524,557.23,Wholesale,Bulk Voice,7030,Lost
2023-04-17,CB-1002563,413.96,Wholesale,IoT SIM,4855,Won
2023-04-18,CB-1002446,324.14,Enterprise,Managed Support,4855,Won
2023-04-18,CB-1002504,187.82,Consumer,Device Protection,4871,Won
2023-04-19,CB-1002474,229.35,Consumer,Mobile Plans,4837,Lost
2023-04-19,CB-1002511,176.72,Consumer,Device Protection,4863,Won
2023-04-19,CB-1002541,614.87,Wholesale,Partner Resale,4870,Won
2023-04-20,CB-1002450,372.12,Enterprise,Platform API,4855,Open
2023-04-20,CB-1002472,412.03,Consumer,Mobile Plans,7030,Won
2023-04-20,CB-1002475,253.18,Consumer,Mobile Plans,4871,Won
2023-04-20,CB-1002484,176.52,Consumer,Mobile Plans,4837,Won
2023-04-20,CB-1002505,330.86,Consumer,Device Protection,4837,Lost
2023-04-21,CB-1002405,490.62,Enterprise,Cloud Services,4871,Won
2023-04-21,CB-1002415,453.88,Enterprise,Cloud Services,4837,Open
2023-04-21,CB-1002455,353.07,Enterprise,Platform API,4870,Won
2023-04-21,CB-1002532,333.87,Wholesale,Bulk Voice,4837,Won
2023-04-21,CB-1002557,197.44,Wholesale,IoT SIM,4863,Open
2023-04-22,CB-1002460,419.17,Enterprise,Platform API,7030,Won
2023-04-22,CB-1002467,164.02,Consumer,Mobile Plans,4837,Won
2023-04-22,CB-1002471,405.27,Consumer,Mobile Plans,7030,Open
2023-04-22,CB-1002480,301.04,Consumer,Mobile Plans,7030,Pending
2023-04-22,CB-1002487,187.21,Consumer,Mobile Plans,4855,Won
2023-04-22,CB-1002552,547.76,Wholesale,Partner Resale,4837,Open
2023-04-22,CB-1002560,386.55,Wholesale,IoT SIM,4863,Pending
2023-04-23,CB-1002434,423.17,Enterprise,Managed Support,4871,Won
2023-04-23,CB-1002451,458.43,Enterprise,Platform API,4870,Lost
2023-04-23,CB-1002464,380.39,Enterprise,Platform API,4870,Lost
2023-04-23,CB-1002483,197.60,Consumer,Mobile Plans,4871,Won
2023-04-23,CB-1002510,265.28,Consumer,Device Protection,4871,Won
2023-04-24,CB-1002413,491.49,Enterprise,Cloud Services,4855,Lost
2023-04-24,CB-1002425,557.61,Enterprise,Cloud Services,7030,Lost
2023-04-24,CB-1002441,330.15,Enterprise,Managed Support,4837,Pending
2023-04-24,CB-1002445,493.52,Enterprise,Managed Support,4871,Lost
2023-04-24,CB-1002481,245.56,Consumer,Mobile Plans,4870,Won
2023-04-24,CB-1002486,396.54,Consumer,Mobile Plans,7030,Won
2023-04-24,CB-1002527,457.05,Wholesale,Bulk Voice,7030,Pending
2023-04-24,CB-1002528,354.02,Wholesale,Bulk Voice,4871,Won
2023-04-24,CB-1002540,387.47,Wholesale,Partner Resale,4871,Open
2023-04-24,CB-1002562,437.23,Wholesale,IoT SIM,4870,Pending
2023-04-25,CB-1002417,658.17,Enterprise,Cloud Services,4855,Won
2023-04-25,CB-1002444,588.25,Enterprise,Managed Support,4871,Open
2023-04-25,CB-1002466,655.02,Enterprise,Platform API,4837,Won
2023-04-25,CB-1002488,154.84,Consumer,Mobile Plans,4870,Open
2023-04-25,CB-1002534,192.99,Wholesale,Bulk Voice,4871,Pending
2023-04-25,CB-1002537,266.09,Wholesale,Partner Resale,4871,Won
2023-04-25,CB-1002542,372.20,Wholesale,Partner Resale,4863,Lost
2023-04-26,CB-1002400,549.44,Enterprise,Cloud Services,4871,Won
2023-04-26,CB-1002432,436.76,Enterprise,Managed Support,4837,Pending
2023-04-26,CB-1002482,167.51,Consumer,Mobile Plans,4837,Lost
2023-04-26,CB-1002515,226.24,Consumer,Device Protection,4855,Lost
2023-04-26,CB-1002518,444.90,Wholesale,Bulk Voice,4837,Won
2023-04-26,CB-1002538,648.23,Wholesale,Partner Resale,7030,Pending
2023-04-26,CB-1002556,346.74,Wholesale,IoT SIM,4855,Won
2023-04-27,CB-1002408,718.12,Enterprise,Cloud Services,4870,Pending
2023-04-27,CB-1002422,290.94,Enterprise,Cloud Services,4871,Lost
2023-04-27,CB-1002493,365.34,Consumer,Streaming Add-on,4870,Lost
2023-04-27,CB-1002512,298.63,Consumer,Device Protection,4870,Won
2023-04-27,CB-1002543,199.89,Wholesale,Partner Resale,4871,Won
2023-04-27,CB-1002546,655.69,Wholesale,Partner Resale,7030,Pending
2023-04-27,CB-1002548,320.12,Wholesale,Partner Resale,7030,Won
2023-04-28,CB-1002421,632.11,Enterprise,Cloud Services,4863,Lost
2023-04-28,CB-1002462,424.92,Enterprise,Platform API,4837,Open
2023-04-28,CB-1002473,275.60,Consumer,Mobile Plans,4863,Lost
2023-04-28,CB-1002529,473.71,Wholesale,Bulk Voice,4863,Won
2023-04-29,CB-1002429,650.23,Enterprise,Managed Support,4870,Pending
2023-04-29,CB-1002497,162.32,Consumer,Streaming Add-on,4870,Won
2023-04-29,CB-1002500,98.16,Consumer,Streaming Add-on,4871,Open
2023-04-29,CB-1002545,274.85,Wholesale,Partner Resale,4863,Lost
2023-04-30,CB-1002412,291.40,Enterprise,Cloud Services,4871,Lost
2023-04-30,CB-1002431,531.67,Enterprise,Managed Support,4837,Won
2023-04-30,CB-1002436,387.94,Enterprise,Managed Support,4870,Open
2023-04-30,CB-1002526,421.47,Wholesale,Bulk Voice,4863,Won
2023-04-30,CB-1002549,461.66,Wholesale,Partner Resale,4870,Lost
2023-05-01,CB-1002573,544.50,Enterprise,Cloud Services,4870,Won
2023-05-01,CB-1002619,703.61,Enterprise,Platform API,4837,Won
2023-05-01,CB-1002623,536.01,Enterprise,Platform API,4837,Pending
2023-05-01,CB-1002646,286.88,Consumer,Mobile Plans,4837,Open
2023-05-01,CB-1002728,333.68,Wholesale,IoT SIM,4871,Open
2023-05-02,CB-1002581,607.60,Enterprise,Cloud Services,4870,Pending
2023-05-02,CB-1002599,547.24,Enterprise,Managed Support,4855,Lost
2023-05-02,CB-1002603,591.53,Enterprise,Managed Support,4837,Pending
2023-05-02,CB-1002613,336.93,Enterprise,Platform API,4855,Won
2023-05-02,CB-1002666,118.13,Consumer,Streaming Add-on,4863,Won
2023-05-02,CB-1002676,169.12,Consumer,Device Protection,7030,Lost
2023-05-02,CB-1002699,502.46,Wholesale,Bulk Voice,4870,Lost
2023-05-02,CB-1002708,544.51,Wholesale,Partner Resale,7030,Won
2023-05-03,CB-1002591,745.78,Enterprise,Managed Support,4870,Lost
2023-05-03,CB-1002639,271.36,Consumer,Mobile Plans,7030,Won
2023-05-04,CB-1002566,380.93,Enterprise,Cloud Services,7030,Lost
2023-05-04,CB-1002626,614.85,Enterprise,Platform API,4837,Won
2023-05-04,CB-1002641,151.59,Consumer,Mobile Plans,4871,Pending
2023-05-04,CB-1002724,320.71,Wholesale,IoT SIM,4871,Pending
2023-05-05,CB-1002575,334.41,Enterprise,Cloud Services,4837,Lost
2023-05-05,CB-1002596,840.07,Enterprise,Managed Support,4870,Pending
2023-05-05,CB-1002661,130.19,Consumer,Streaming Add-on,4863,Won
2023-05-05,CB-1002664,159.27,Consumer,Streaming Add-on,4863,Won
2023-05-05,CB-1002680,326.80,Consumer,Device Protection,4870,Lost
2023-05-05,CB-1002691,327.63,Wholesale,Bulk Voice,7030,Open
2023-05-05,CB-1002700,336.82,Wholesale,Bulk Voice,4855,Lost
2023-05-06,CB-1002633,261.86,Consumer,Mobile Plans,7030,Open
2023-05-06,CB-1002689,279.16,Wholesale,Bulk Voice,7030,Won
2023-05-06,CB-1002698,250.32,Wholesale,Bulk Voice,4863,Lost
2023-05-06,CB-1002711,180.53,Wholesale,Partner Resale,4863,Won
2023-05-07,CB-1002567,584.43,Enterprise,Cloud Services,4870,Won
2023-05-07,CB-1002569,825.73,Enterprise,Cloud Services,4870,Lost
2023-05-07,CB-1002572,294.02,Enterprise,Cloud Services,4855,Pending
2023-05-07,CB-1002587,386.55,Enterprise,Cloud Services,4855,Lost
2023-05-07,CB-1002588,455.15,Enterprise,Cloud Services,4855,Won
2023-05-07,CB-1002630,234.59,Consumer,Mobile Plans,4837,Won
2023-05-07,CB-1002709,382.63,Wholesale,Partner Resale,4855,Lost
2023-05-08,CB-1002601,553.97,Enterprise,Managed Support,4863,Won
2023-05-08,CB-1002628,161.46,Consumer,Mobile Plans,4837,Won
2023-05-08,CB-1002652,284.59,Consumer,Mobile Plans,4837,Won
2023-05-08,CB-1002653,242.53,Consumer,Streaming Add-on,4870,Won
2023-05-08,CB-1002684,226.91,Wholesale,Bulk Voice,4871,Lost
2023-05-08,CB-1002726,425.11,Wholesale,IoT SIM,4871,Open
2023-05-09,CB-1002625,273.05,Enterprise,Platform API,4871,Won
2023-05-09,CB-1002640,290.62,Consumer,Mobile Plans,7030,Open
2023-05-09,CB-1002650,342.27,Consumer,Mobile Plans,4837,Won
2023-05-09,CB-1002654,220.38,Consumer,Streaming Add-on,4837,Lost
2023-05-09,CB-1002701,466.98,Wholesale,Bulk Voice,7030,Lost
2023-05-09,CB-1002715,349.04,Wholesale,Partner Resale,4871,Won
2023-05-10,CB-1002574,628.02,Enterprise,Cloud Services,4870,Pending
2023-05-10,CB-1002602,530.63,Enterprise,Managed Support,7030,Won
2023-05-10,CB-1002609,480.95,Enterprise,Platform API,4837,Lost
2023-05-10,CB-1002635,186.30,Consumer,Mobile Plans,4871,Won
2023-05-11,CB-1002627,596.40,Enterprise,Platform API,7030,Pending
2023-05-11,CB-1002647,228.85,Consumer,Mobile Plans,4837,Won
2023-05-12,CB-1002662,298.19,Consumer,Streaming Add-on,4863,Won
2023-05-12,CB-1002705,489.17,Wholesale,Partner Resale,7030,Lost
2023-05-13,CB-1002568,569.57,Enterprise,Cloud Services,4855,Lost
2023-05-13,CB-1002651,249.98,Consumer,Mobile Plans,7030,Won
2023-05-13,CB-1002655,208.53,Consumer,Streaming Add-on,7030,Pending
2023-05-13,CB-1002677,148.34,Consumer,Device Protection,4871,Open
2023-05-13,CB-1002685,294.30,Wholesale,Bulk Voice,4870,Pending
2023-05-13,CB-1002703,497.82,Wholesale,Bulk Voice,7030,Pending
2023-05-14,CB-1002614,276.53,Enterprise,Platform API,4855,Pending
2023-05-14,CB-1002637,348.63,Consumer,Mobile Plans,4870,Won
2023-05-14,CB-1002658,113.54,Consumer,Streaming Add-on,4863,Lost
2023-05-14,CB-1002673,213.09,Consumer,Device Protection,4863,Lost
2023-05-14,CB-1002675,146.99,Consumer,Device Protection,4837,Won
2023-05-14,CB-1002721,314.39,Wholesale,IoT SIM,4863,Open
2023-05-15,CB-1002577,452.24,Enterprise,Cloud Services,4855,Won
2023-05-15,CB-1002578,739.36,Enterprise,Cloud Services,7030,Lost
2023-05-15,CB-1002584,790.21,Enterprise,Cloud Services,4870,Pending
2023-05-15,CB-1002624,604.01,Enterprise,Platform API,4837,Lost
2023-05-15,CB-1002629,250.19,Consumer,Mobile Plans,7030,Lost
2023-05-15,CB-1002648,152.54,Consumer,Mobile Plans,4871,Open
2023-05-15,CB-1002668,238.65,Consumer,Device Protection,4863,Won
2023-05-15,CB-1002683,315.07,Consumer,Device Protection,4870,Lost
2023-05-15,CB-1002716,371.10,Wholesale,Partner Resale,4837,Open
2023-05-15,CB-1002725,220.86,Wholesale,IoT SIM,4871,Lost
2023-05-15,CB-1002729,519.42,Wholesale,IoT SIM,7030,Lost
2023-05-16,CB-1002582,645.19,Enterprise,Cloud Services,4855,Lost
2023-05-16,CB-1002604,505.31,Enterprise,Managed Support,4863,Open
2023-05-16,CB-1002616,521.78,Enterprise,Platform API,4870,Won
2023-05-16,CB-1002617,277.37,Enterprise,Platform API,4863,Lost
2023-05-16,CB-1002622,361.96,Enterprise,Platform API,4870,Won
2023-05-16,CB-1002632,187.01,Consumer,Mobile Plans,4863,Lost
2023-05-16,CB-1002656,259.30,Consumer,Streaming Add-on,4863,Pending
2023-05-16,CB-1002681,201.94,Consumer,Device Protection,4855,Lost
2023-05-16,CB-1002687,248.91,Wholesale,Bulk Voice,4837,Won
2023-05-17,CB-1002615,625.43,Enterprise,Platform API,7030,Open
2023-05-17,CB-1002723,401.63,Wholesale,IoT SIM,4871,Lost
2023-05-18,CB-1002580,517.16,Enterprise,Cloud Services,4871,Open
2023-05-18,CB-1002583,533.21,Enterprise,Cloud Services,4837,Won
2023-05-18,CB-1002590,382.39,Enterprise,Managed Support,4855,Open
2023-05-18,CB-1002611,435.27,Enterprise,Platform API,4837,Lost
2023-05-18,CB-1002631,173.89,Consumer,Mobile Plans,4870,Won
2023-05-18,CB-1002674,214.75,Consumer,Device Protection,4863,Pending
2023-05-18,CB-1002722,315.16,Wholesale,IoT SIM,7030,Won
2023-05-18,CB-1002727,357.50,Wholesale,IoT SIM,4855,Won
2023-05-19,CB-1002576,603.07,Enterprise,Cloud Services,4863,Won
2023-05-19,CB-1002597,324.65,Enterprise,Managed Support,4837,Lost
2023-05-19,CB-1002607,245.11,Enterprise,Managed Support,4871,Lost
2023-05-19,CB-1002608,570.70,Enterprise,Managed Support,4863,Pending
2023-05-19,CB-1002660,308.56,Consumer,Streaming Add-on,7030,Won
2023-05-19,CB-1002663,96.91,Consumer,Streaming Add-on,4855,Lost
2023-05-19,CB-1002696,313.30,Wholesale,Bulk Voice,4837,Pending
2023-05-20,CB-1002571,649.48,Enterprise,Cloud Services,4855,Pending
2023-05-20,CB-1002636,190.32,Consumer,Mobile Plans,7030,Lost
2023-05-20,CB-1002667,107.06,Consumer,Device Protection,4863,Won
2023-05-20,CB-1002670,295.18,Consumer,Device Protection,4870,Lost
2023-05-20,CB-1002672,227.85,Consumer,Device Protection,4837,Won
2023-05-20,CB-1002697,607.86,Wholesale,Bulk Voice,4870,Won
2023-05-20,CB-1002719,400.62,Wholesale,Partner Resale,4871,Won
2023-05-21,CB-1002586,705.69,Enterprise,Cloud Services,7030,Lost
2023-05-21,CB-1002606,637.75,Enterprise,Managed Support,7030,Lost
2023-05-21,CB-1002649,331.83,Consumer,Mobile Plans,4837,Won
2023-05-21,CB-1002671,194.18,Consumer,Device Protection,7030,Lost
2023-05-21,CB-1002695,231.08,Wholesale,Bulk Voice,4870,Won
2023-05-21,CB-1002707,554.70,Wholesale,Partner Resale,7030,Lost
2023-05-22,CB-1002598,364.58,Enterprise,Managed Support,4871,Won
2023-05-22,CB-1002600,344.40,Enterprise,Managed Support,4863,Lost
2023-05-22,CB-1002638,233.43,Consumer,Mobile Plans,4855,Pending
2023-05-22,CB-1002678,191.58,Consumer,Device Protection,4837,Won
2023-05-22,CB-1002679,257.12,Consumer,Device Protection,4871,Open
2023-05-23,CB-1002618,507.81,Enterprise,Platform API,4837,Open
2023-05-23,CB-1002644,133.77,Consumer,Mobile Plans,4855,Won
2023-05-23,CB-1002682,298.22,Consumer,Device Protection,4870,Won
2023-05-23,CB-1002686,294.99,Wholesale,Bulk Voice,4863,Lost
2023-05-23,CB-1002718,410.16,Wholesale,Partner Resale,4863,Open
2023-05-24,CB-1002594,426.37,Enterprise,Managed Support,4871,Won
2023-05-24,CB-1002665,114.46,Consumer,Streaming Add-on,4863,Won
2023-05-24,CB-1002690,528.50,Wholesale,Bulk Voice,7030,Won
2023-05-25,CB-1002565,476.45,Enterprise,Cloud Services,7030,Lost
2023-05-25,CB-1002702,393.17,Wholesale,Bulk Voice,4871,Lost
2023-05-25,CB-1002710,198.84,Wholesale,Partner Resale,4837,Lost
2023-05-25,CB-1002713,313.76,Wholesale,Partner Resale,4871,Lost
2023-05-26,CB-1002570,439.35,Enterprise,Cloud Services,7030,Pending
2023-05-26,CB-1002585,574.66,Enterprise,Cloud Services,7030,Won
2023-05-26,CB-1002589,586.60,Enterprise,Cloud Services,4870,Won
2023-05-26,CB-1002605,565.66,Enterprise,Managed Support,4870,Won
2023-05-26,CB-1002669,292.36,Consumer,Device Protection,4837,Open
2023-05-26,CB-1002694,378.02,Wholesale,Bulk Voice,4855,Lost
2023-05-27,CB-1002595,276.43,Enterprise,Managed Support,4837,Pending
2023-05-27,CB-1002621,574.13,Enterprise,Platform API,4870,Open
2023-05-27,CB-1002634,121.22,Consumer,Mobile Plans,4863,Won
2023-05-27,CB-1002692,506.60,Wholesale,Bulk Voice,4837,Pending
2023-05-27,CB-1002714,417.72,Wholesale,Partner Resale,4863,Won
2023-05-27,CB-1002717,215.12,Wholesale,Partner Resale,4871,Lost
2023-05-28,CB-1002645,314.03,Consumer,Mobile Plans,4863,Open
2023-05-28,CB-1002712,370.93,Wholesale,Partner Resale,4837,Lost
2023-05-29,CB-1002593,346.68,Enterprise,Managed Support,4871,Open
2023-05-29,CB-1002610,393.67,Enterprise,Platform API,4870,Open
2023-05-29,CB-1002612,426.96,Enterprise,Platform API,4837,Lost
2023-05-29,CB-1002642,259.75,Consumer,Mobile Plans,4871,Won
2023-05-29,CB-1002643,168.40,Consumer,Mobile Plans,4855,Pending
2023-05-29,CB-1002659,182.15,Consumer,Streaming Add-on,4871,Won
2023-05-29,CB-1002693,559.34,Wholesale,Bulk Voice,4837,Lost
2023-05-29,CB-1002704,491.68,Wholesale,Bulk Voice,4863,Won
2023-05-29,CB-1002720,566.88,Wholesale,IoT SIM,7030,Won
2023-05-30,CB-1002579,268.58,Enterprise,Cloud Services,4871,Won
2023-05-30,CB-1002592,790.69,Enterprise,Managed Support,4837,Pending
2023-05-30,CB-1002620,273.93,Enterprise,Platform API,4863,Won
2023-05-30,CB-1002706,363.12,Wholesale,Partner Resale,4837,Lost
2023-05-31,CB-1002657,308.38,Consumer,Streaming Add-on,4870,Pending
2023-05-31,CB-1002688,339.96,Wholesale,Bulk Voice,4871,Lost
2023-06-01,CB-1002824,226.67,Consumer,Streaming Add-on,4863,Won
2023-06-01,CB-1002881,321.90,Wholesale,Partner Resale,4871,Open
2023-06-01,CB-1002893,516.72,Wholesale,IoT SIM,7030,Lost
2023-06-02,CB-1002738,448.98,Enterprise,Cloud Services,4855,Open
2023-06-02,CB-1002754,636.00,Enterprise,Cloud Services,4837,Won
2023-06-02,CB-1002798,583.94,Enterprise,Platform API,4871,Won
2023-06-02,CB-1002823,102.08,Consumer,Streaming Add-on,4855,Won
2023-06-02,CB-1002845,117.92,Consumer,Device Protection,4837,Pending
2023-06-02,CB-1002869,165.82,Wholesale,Partner Resale,4855,Lost
2023-06-02,CB-1002888,318.41,Wholesale,IoT SIM,4870,Lost
2023-06-03,CB-1002779,831.08,Enterprise,Managed Support,7030,Pending
2023-06-03,CB-1002792,688.48,Enterprise,Platform API,7030,Won
2023-06-03,CB-1002816,242.21,Consumer,Mobile Plans,4870,Lost
2023-06-03,CB-1002859,246.53,Wholesale,Bulk Voice,4870,Pending
2023-06-03,CB-1002878,228.44,Wholesale,Partner Resale,4863,Open
2023-06-04,CB-1002740,574.21,Enterprise,Cloud Services,4870,Lost
2023-06-04,CB-1002757,249.99,Enterprise,Cloud Services,4871,Open
2023-06-04,CB-1002764,299.54,Enterprise,Managed Support,4837,Pending
2023-06-04,CB-1002767,586.39,Enterprise,Managed Support,4855,Won
2023-06-04,CB-1002770,246.17,Enterprise,Managed Support,4871,Won
2023-06-04,CB-1002796,484.19,Enterprise,Platform API,4837,Won
2023-06-04,CB-1002808,205.13,Consumer,Mobile Plans,4870,Lost
2023-06-04,CB-1002815,381.44,Consumer,Mobile Plans,4870,Pending
2023-06-04,CB-1002826,380.18,Consumer,Streaming Add-on,4870,Pending
2023-06-04,CB-1002890,530.30,Wholesale,IoT SIM,4837,Lost
2023-06-05,CB-1002750,721.38,Enterprise,Cloud Services,7030,Pending
2023-06-05,CB-1002771,387.69,Enterprise,Managed Support,4871,Lost
2023-06-05,CB-1002775,381.89,Enterprise,Managed Support,4870,Pending
2023-06-05,CB-1002782,332.94,Enterprise,Platform API,4837,Pending
2023-06-05,CB-1002797,585.54,Enterprise,Platform API,4855,Won
2023-06-05,CB-1002842,263.06,Consumer,Device Protection,4837,Won
2023-06-05,CB-1002864,416.13,Wholesale,Bulk Voice,4870,Lost
2023-06-05,CB-1002866,422.13,Wholesale,Bulk Voice,4871,Open
2023-06-05,CB-1002879,194.27,Wholesale,Partner Resale,4855,Open
2023-06-05,CB-1002891,173.21,Wholesale,IoT SIM,4871,Pending
2023-06-06,CB-1002817,351.48,Consumer,Mobile Plans,4870,Won
2023-06-06,CB-1002830,203.20,Consumer,Streaming Add-on,4855,Pending
2023-06-07,CB-1002730,397.19,Enterprise,Cloud Services,4855,Won
2023-06-07,CB-1002735,401.44,Enterprise,Cloud Services,4863,Lost
2023-06-07,CB-1002763,657.70,Enterprise,Managed Support,4855,Pending
2023-06-07,CB-1002822,287.79,Consumer,Streaming Add-on,4837,Pending
2023-06-07,CB-1002877,449.88,Wholesale,Partner Resale,7030,Lost
2023-06-07,CB-1002892,188.69,Wholesale,IoT SIM,4871,Lost
2023-06-08,CB-1002753,441.42,Enterprise,Cloud Services,4871,Lost
2023-06-08,CB-1002766,618.07,Enterprise,Managed Support,4870,Pending
2023-06-08,CB-1002784,530.39,Enterprise,Platform API,4863,Pending
2023-06-08,CB-1002795,674.37,Enterprise,Platform API,4863,Won
2023-06-08,CB-1002843,187.28,Consumer,Device Protection,4837,Lost
2023-06-08,CB-1002846,190.77,Consumer,Device Protection,4855,Won
2023-06-08,CB-1002853,318.40,Wholesale,Bulk Voice,7030,Lost
2023-06-08,CB-1002855,527.26,Wholesale,Bulk Voice,7030,Won
2023-06-08,CB-1002872,203.30,Wholesale,Partner Resale,4837,Won
2023-06-08,CB-1002875,304.32,Wholesale,Partner Resale,4863,Open
2023-06-09,CB-1002743,482.02,Enterprise,Cloud Services,4855,Won
2023-06-09,CB-1002765,585.49,Enterprise,Managed Support,4855,Lost
2023-06-09,CB-1002787,554.30,Enterprise,Platform API,4871,Lost
2023-06-09,CB-1002813,156.45,Consumer,Mobile Plans,4863,Won
2023-06-09,CB-1002834,280.26,Consumer,Device Protection,4855,Lost
2023-06-09,CB-1002882,299.10,Wholesale,IoT SIM,7030,Won
2023-06-09,CB-1002889,306.19,Wholesale,IoT SIM,4863,Won
2023-06-10,CB-1002785,497.18,Enterprise,Platform API,4855,Won
2023-06-10,CB-1002840,184.01,Consumer,Device Protection,4863,Pending
2023-06-10,CB-1002863,554.35,Wholesale,Bulk Voice,4837,Lost
2023-06-11,CB-1002756,507.04,Enterprise,Cloud Services,4863,Won
2023-06-11,CB-1002799,706.92,Enterprise,Platform API,4837,Won
2023-06-11,CB-1002825,194.09,Consumer,Streaming Add-on,4870,Open
2023-06-12,CB-1002752,742.98,Enterprise,Cloud Services,4837,Lost
2023-06-12,CB-1002769,757.44,Enterprise,Managed Support,4837,Won
2023-06-12,CB-1002780,606.82,Enterprise,Managed Support,4871,Won
2023-06-12,CB-1002788,711.56,Enterprise,Platform API,4863,Open
2023-06-12,CB-1002803,158.12,Consumer,Mobile Plans,4863,Lost
2023-06-12,CB-1002849,579.01,Wholesale,Bulk Voice,7030,Lost
2023-06-12,CB-1002887,527.13,Wholesale,IoT SIM,4863,Pending
2023-06-13,CB-1002742,604.84,Enterprise,Cloud Services,4863,Pending
2023-06-13,CB-1002745,256.86,Enterprise,Cloud Services,4871,Lost
2023-06-13,CB-1002762,591.54,Enterprise,Managed Support,4863,Won
2023-06-13,CB-1002786,285.79,Enterprise,Platform API,4871,Open
2023-06-13,CB-1002874,475.62,Wholesale,Partner Resale,7030,Pending
2023-06-14,CB-1002773,549.20,Enterprise,Managed Support,4855,Won
2023-06-14,CB-1002848,169.14,Consumer,Device Protection,7030,Lost
2023-06-14,CB-1002860,244.04,Wholesale,Bulk Voice,4855,Won
2023-06-15,CB-1002761,572.33,Enterprise,Managed Support,4870,Won
2023-06-15,CB-1002850,428.23,Wholesale,Bulk Voice,4855,Open
2023-06-16,CB-1002737,574.07,Enterprise,Cloud Services,7030,Won
2023-06-16,CB-1002789,421.97,Enterprise,Platform API,4870,Won
2023-06-16,CB-1002820,266.71,Consumer,Streaming Add-on,4855,Lost
2023-06-17,CB-1002747,609.03,Enterprise,Cloud Services,4837,Lost
2023-06-17,CB-1002832,119.44,Consumer,Device Protection,4871,Won
2023-06-17,CB-1002837,183.96,Consumer,Device Protection,4837,Won
2023-06-18,CB-1002733,382.28,Enterprise,Cloud Services,4855,Lost
2023-06-18,CB-1002734,494.26,Enterprise,Cloud Services,7030,Won
2023-06-18,CB-1002758,460.96,Enterprise,Cloud Services,4863,Won
2023-06-18,CB-1002800,259.91,Consumer,Mobile Plans,4870,Won
2023-06-18,CB-1002802,294.76,Consumer,Mobile Plans,4870,Lost
2023-06-18,CB-1002828,181.45,Consumer,Streaming Add-on,4870,Won
2023-06-18,CB-1002876,487.95,Wholesale,Partner Resale,4863,Won
2023-06-18,CB-1002880,191.34,Wholesale,Partner Resale,4855,Won
2023-06-18,CB-1002885,400.29,Wholesale,IoT SIM,4870,Won
2023-06-19,CB-1002759,277.78,Enterprise,Cloud Services,4837,Won
2023-06-19,CB-1002772,294.18,Enterprise,Managed Support,4837,Open
2023-06-19,CB-1002776,736.84,Enterprise,Managed Support,4870,Lost
2023-06-19,CB-1002777,637.96,Enterprise,Managed Support,7030,Lost
2023-06-19,CB-1002791,475.51,Enterprise,Platform API,4863,Pending
2023-06-19,CB-1002871,330.76,Wholesale,Partner Resale,4871,Won
2023-06-20,CB-1002755,715.52,Enterprise,Cloud Services,4863,Pending
2023-06-20,CB-1002778,389.66,Enterprise,Managed Support,4855,Won
2023-06-20,CB-1002819,120.91,Consumer,Mobile Plans,4837,Won
2023-06-20,CB-1002856,255.35,Wholesale,Bulk Voice,4870,Lost
2023-06-21,CB-1002811,153.54,Consumer,Mobile Plans,4863,Lost
2023-06-21,CB-1002831,292.76,Consumer,Streaming Add-on,4837,Won
2023-06-21,CB-1002835,366.25,Consumer,Device Protection,7030,Lost
2023-06-21,CB-1002884,288.01,Wholesale,IoT SIM,4871,Won
2023-06-22,CB-1002731,637.00,Enterprise,Cloud Services,7030,Lost
2023-06-22,CB-1002736,594.95,Enterprise,Cloud Services,4863,Won
2023-06-22,CB-1002768,498.94,Enterprise,Managed Support,7030,Lost
2023-06-22,CB-1002794,227.72,Enterprise,Platform API,4871,Lost
2023-06-22,CB-1002809,378.95,Consumer,Mobile Plans,7030,Lost
2023-06-22,CB-1002841,242.18,Consumer,Device Protection,7030,Won
2023-06-22,CB-1002854,699.26,Wholesale,Bulk Voice,7030,Lost
2023-06-22,CB-1002883,307.94,Wholesale,IoT SIM,4871,Won
2023-06-23,CB-1002793,275.53,Enterprise,Platform API,4855,Lost
2023-06-23,CB-1002847,232.70,Consumer,Device Protection,4871,Lost
2023-06-24,CB-1002804,176.01,Consumer,Mobile Plans,7030,Lost
2023-06-24,CB-1002821,158.94,Consumer,Streaming Add-on,4855,Lost
2023-06-24,CB-1002852,588.20,Wholesale,Bulk Voice,4837,Won
2023-06-24,CB-1002886,485.88,Wholesale,IoT SIM,7030,Lost
2023-06-25,CB-1002748,540.01,Enterprise,Cloud Services,4863,Won
2023-06-25,CB-1002751,582.97,Enterprise,Cloud Services,4837,Pending
2023-06-25,CB-1002790,406.26,Enterprise,Platform API,7030,Lost
2023-06-25,CB-1002810,380.90,Consumer,Mobile Plans,4870,Lost
2023-06-25,CB-1002827,228.16,Consumer,Streaming Add-on,4855,Pending
2023-06-25,CB-1002833,338.21,Consumer,Device Protection,4837,Won
2023-06-25,CB-1002873,578.12,Wholesale,Partner Resale,4837,Won
2023-06-26,CB-1002741,488.91,Enterprise,Cloud Services,4855,Lost
2023-06-26,CB-1002760,342.30,Enterprise,Managed Support,4837,Pending
2023-06-26,CB-1002818,151.75,Consumer,Mobile Plans,4871,Won
2023-06-26,CB-1002829,162.60,Consumer,Streaming Add-on,4870,Lost
2023-06-26,CB-1002838,197.63,Consumer,Device Protection,4863,Open
2023-06-26,CB-1002861,291.34,Wholesale,Bulk Voice,7030,Won
2023-06-26,CB-1002865,335.26,Wholesale,Bulk Voice,4855,Pending
2023-06-27,CB-1002739,309.60,Enterprise,Cloud Services,4863,Won
2023-06-27,CB-1002744,589.73,Enterprise,Cloud Services,4871,Won
2023-06-27,CB-1002746,574.49,Enterprise,Cloud Services,4855,Lost
2023-06-27,CB-1002783,419.06,Enterprise,Platform API,4863,Won
2023-06-27,CB-1002801,321.68,Consumer,Mobile Plans,4837,Lost
2023-06-27,CB-1002805,237.81,Consumer,Mobile Plans,4870,Lost
2023-06-27,CB-1002806,220.52,Consumer,Mobile Plans,4871,Won
2023-06-27,CB-1002839,377.82,Consumer,Device Protection,7030,Lost
2023-06-27,CB-1002851,466.62,Wholesale,Bulk Voice,7030,Pending
2023-06-27,CB-1002870,433.03,Wholesale,Partner Resale,4837,Pending
2023-06-28,CB-1002732,578.19,Enterprise,Cloud Services,4870,Lost
2023-06-28,CB-1002749,367.79,Enterprise,Cloud Services,4870,Lost
2023-06-28,CB-1002774,714.87,Enterprise,Managed Support,4837,Pending
2023-06-28,CB-1002781,573.15,Enterprise,Managed Support,4837,Won
2023-06-28,CB-1002814,249.95,Consumer,Mobile Plans,4863,Won
2023-06-28,CB-1002858,340.53,Wholesale,Bulk Voice,4855,Pending
2023-06-28,CB-1002868,296.63,Wholesale,Partner Resale,4837,Lost
2023-06-29,CB-1002857,501.41,Wholesale,Bulk Voice,7030,Pending
2023-06-29,CB-1002867,313.81,Wholesale,Bulk Voice,4863,Open
2023-06-30,CB-1002807,250.38,Consumer,Mobile Plans,4871,Open
2023-06-30,CB-1002812,239.98,Consumer,Mobile Plans,4837,Lost
2023-06-30,CB-1002836,335.26,Consumer,Device Protection,4837,Pending
2023-06-30,CB-1002844,250.19,Consumer,Device Protection,4855,Won
2023-06-30,CB-1002862,252.47,Wholesale,Bulk Voice,4855,Lost
2023-07-01,CB-1002966,105.46,Consumer,Mobile Plans,4855,Lost
2023-07-01,CB-1002967,279.17,Consumer,Mobile Plans,4870,Lost
2023-07-01,CB-1003015,580.35,Wholesale,Bulk Voice,4837,Lost
2023-07-01,CB-1003064,270.25,Wholesale,IoT SIM,4855,Lost
2023-07-02,CB-1002905,370.90,Enterprise,Cloud Services,4863,Pending
2023-07-02,CB-1002999,181.98,Consumer,Device Protection,4870,Pending
2023-07-02,CB-1003004,165.45,Consumer,Device Protection,4855,Lost
2023-07-02,CB-1003019,397.78,Wholesale,Bulk Voice,7030,Won
2023-07-02,CB-1003020,548.01,Wholesale,Bulk Voice,7030,Won
2023-07-02,CB-1003021,573.07,Wholesale,Bulk Voice,4870,Pending
2023-07-02,CB-1003033,640.36,Wholesale,Bulk Voice,7030,Lost
2023-07-03,CB-1002901,352.35,Enterprise,Cloud Services,4855,Lost
2023-07-03,CB-1002914,404.44,Enterprise,Cloud Services,4871,Pending
2023-07-03,CB-1002989,237.59,Consumer,Streaming Add-on,4855,Won
2023-07-03,CB-1003050,540.75,Wholesale,Partner Resale,7030,Lost
2023-07-03,CB-1003066,520.78,Wholesale,IoT SIM,7030,Open
2023-07-04,CB-1002910,640.91,Enterprise,Cloud Services,4837,Lost
2023-07-04,CB-1002926,597.32,Enterprise,Managed Support,4870,Lost
2023-07-04,CB-1002951,714.38,Enterprise,Platform API,4870,Pending
2023-07-04,CB-1002994,159.05,Consumer,Streaming Add-on,4863,Won
2023-07-04,CB-1003007,271.79,Consumer,Device Protection,4837,Won
2023-07-04,CB-1003030,551.59,Wholesale,Bulk Voice,4870,Lost
2023-07-04,CB-1003054,290.72,Wholesale,Partner Resale,4870,Lost
2023-07-05,CB-1002918,688.90,Enterprise,Managed Support,4870,Pending
2023-07-05,CB-1002919,420.63,Enterprise,Managed Support,4855,Pending
2023-07-05,CB-1002935,473.43,Enterprise,Managed Support,4871,Lost
2023-07-05,CB-1003037,188.40,Wholesale,Partner Resale,4855,Lost
2023-07-05,CB-1003038,330.67,Wholesale,Partner Resale,4863,Lost
2023-07-06,CB-1002936,373.29,Enterprise,Managed Support,7030,Won
2023-07-06,CB-1002945,298.16,Enterprise,Platform API,4837,Won
2023-07-06,CB-1003013,119.08,Consumer,Device Protection,4871,Open
2023-07-06,CB-1003023,271.27,Wholesale,Bulk Voice,4863,Won
2023-07-06,CB-1003040,438.47,Wholesale,Partner Resale,4837,Won
2023-07-06,CB-1003041,166.68,Wholesale,Partner Resale,4855,Lost
2023-07-06,CB-1003056,431.19,Wholesale,Partner Resale,4863,Lost
2023-07-06,CB-1003059,411.32,Wholesale,IoT SIM,4871,Won
2023-07-06,CB-1003065,381.06,Wholesale,IoT SIM,4870,Lost
2023-07-07,CB-1002894,497.25,Enterprise,Cloud Services,4855,Lost
2023-07-07,CB-1002895,325.40,Enterprise,Cloud Services,7030,Open
2023-07-07,CB-1002899,467.11,Enterprise,Cloud Services,4871,Lost
2023-07-07,CB-1002902,763.50,Enterprise,Cloud Services,4837,Lost
2023-07-07,CB-1002942,329.33,Enterprise,Platform API,4870,Lost
2023-07-07,CB-1002977,236.04,Consumer,Mobile Plans,4837,Open
2023-07-07,CB-1003042,156.76,Wholesale,Partner Resale,4871,Lost
2023-07-07,CB-1003044,174.62,Wholesale,Partner Resale,4855,Lost
2023-07-07,CB-1003045,293.58,Wholesale,Partner Resale,4871,Won
2023-07-07,CB-1003046,395.53,Wholesale,Partner Resale,4855,Pending
2023-07-07,CB-1003068,193.15,Wholesale,IoT SIM,4871,Won
2023-07-08,CB-1002897,574.46,Enterprise,Cloud Services,4855,Won
2023-07-08,CB-1002907,525.23,Enterprise,Cloud Services,4870,Pending
2023-07-08,CB-1002909,552.82,Enterprise,Cloud Services,4871,Open
2023-07-08,CB-1002933,325.45,Enterprise,Managed Support,4863,Open
2023-07-08,CB-1002952,861.38,Enterprise,Platform API,4870,Won
2023-07-08,CB-1002965,170.17,Consumer,Mobile Plans,4855,Won
2023-07-08,CB-1003008,211.67,Consumer,Device Protection,4837,Pending
2023-07-09,CB-1002925,318.32,Enterprise,Managed Support,4870,Won
2023-07-09,CB-1002950,741.95,Enterprise,Platform API,7030,Won
2023-07-09,CB-1002956,207.07,Consumer,Mobile Plans,4871,Won
2023-07-10,CB-1002906,299.00,Enterprise,Cloud Services,4855,Lost
2023-07-10,CB-1003000,163.80,Consumer,Device Protection,4871,Open
2023-07-10,CB-1003001,312.07,Consumer,Device Protection,4863,Lost
2023-07-10,CB-1003017,242.55,Wholesale,Bulk Voice,4870,Lost
2023-07-11,CB-1002930,395.98,Enterprise,Managed Support,4870,Won
2023-07-11,CB-1002931,374.97,Enterprise,Managed Support,4837,Lost
2023-07-11,CB-1002975,242.02,Consumer,Mobile Plans,4863,Lost
2023-07-11,CB-1002976,198.56,Consumer,Mobile Plans,4863,Pending
2023-07-11,CB-1002979,143.07,Consumer,Mobile Plans,4863,Lost
2023-07-11,CB-1002980,345.48,Consumer,Mobile Plans,7030,Lost
2023-07-11,CB-1002990,277.07,Consumer,Streaming Add-on,4863,Won
2023-07-11,CB-1002993,277.41,Consumer,Streaming Add-on,4855,Pending
2023-07-11,CB-1003060,473.21,Wholesale,IoT SIM,4870,Won
2023-07-12,CB-1002917,365.02,Enterprise,Managed Support,4837,Lost
2023-07-12,CB-1002920,664.43,Enterprise,Managed Support,4870,Lost
2023-07-12,CB-1002937,343.84,Enterprise,Managed Support,7030,Won
2023-07-12,CB-1002959,347.92,Consumer,Mobile Plans,4870,Won
2023-07-12,CB-1002961,334.53,Consumer,Mobile Plans,4837,Open
2023-07-13,CB-1002900,382.72,Enterprise,Cloud Services,4870,Won
2023-07-13,CB-1002947,478.36,Enterprise,Platform API,4863,Won
2023-07-13,CB-1002972,420.04,Consumer,Mobile Plans,7030,Lost
2023-07-13,CB-1002985,206.50,Consumer,Streaming Add-on,7030,Lost
2023-07-13,CB-1002986,295.99,Consumer,Streaming Add-on,4863,Lost
2023-07-13,CB-1002991,260.86,Consumer,Streaming Add-on,4863,Lost
2023-07-13,CB-1003002,91.58,Consumer,Device Protection,4871,Pending
2023-07-13,CB-1003024,258.67,Wholesale,Bulk Voice,4863,Lost
2023-07-13,CB-1003032,319.47,Wholesale,Bulk Voice,4871,Lost
2023-07-13,CB-1003063,181.37,Wholesale,IoT SIM,4871,Won
2023-07-14,CB-1002943,735.48,Enterprise,Platform API,7030,Won
2023-07-14,CB-1003011,118.88,Consumer,Device Protection,4871,Won
2023-07-14,CB-1003031,257.74,Wholesale,Bulk Voice,4870,Won
2023-07-15,CB-1002898,501.16,Enterprise,Cloud Services,4870,Won
2023-07-15,CB-1002927,390.33,Enterprise,Managed Support,4871,Lost
2023-07-15,CB-1002949,557.17,Enterprise,Platform API,4871,Open
2023-07-15,CB-1002953,626.30,Enterprise,Platform API,4837,Won
2023-07-15,CB-1002963,139.14,Consumer,Mobile Plans,4837,Won
2023-07-15,CB-1003061,299.97,Wholesale,IoT SIM,4863,Won
2023-07-16,CB-1002924,401.94,Enterprise,Managed Support,4837,Pending
2023-07-16,CB-1002940,458.15,Enterprise,Managed Support,4863,Lost
2023-07-16,CB-1002957,210.01,Consumer,Mobile Plans,4837,Lost
2023-07-16,CB-1002978,272.35,Consumer,Mobile Plans,4855,Won
2023-07-16,CB-1002998,117.30,Consumer,Device Protection,4855,Pending
2023-07-16,CB-1003049,288.51,Wholesale,Partner Resale,4837,Lost
2023-07-16,CB-1003057,414.29,Wholesale,IoT SIM,4871,Won
2023-07-17,CB-1002983,320.46,Consumer,Streaming Add-on,4837,Open
2023-07-17,CB-1002992,278.92,Consumer,Streaming Add-on,4837,Won
2023-07-17,CB-1003028,550.64,Wholesale,Bulk Voice,7030,Pending
2023-07-17,CB-1003048,270.90,Wholesale,Partner Resale,4871,Open
2023-07-17,CB-1003053,436.74,Wholesale,Partner Resale,7030,Won
2023-07-18,CB-1002916,572.31,Enterprise,Cloud Services,4837,Won
2023-07-18,CB-1003055,457.14,Wholesale,Partner Resale,4837,Pending
2023-07-18,CB-1003067,555.02,Wholesale,IoT SIM,7030,Open
2023-07-19,CB-1002929,299.55,Enterprise,Managed Support,4863,Lost
2023-07-19,CB-1002934,786.34,Enterprise,Managed Support,4870,Open
2023-07-19,CB-1002969,156.61,Consumer,Mobile Plans,4855,Won
2023-07-19,CB-1002984,169.28,Consumer,Streaming Add-on,4855,Open
2023-07-19,CB-1003058,240.13,Wholesale,IoT SIM,4837,Pending
2023-07-20,CB-1002913,407.65,Enterprise,Cloud Services,4837,Open
2023-07-20,CB-1002944,859.72,Enterprise,Platform API,4870,Won
2023-07-20,CB-1002964,261.50,Consumer,Mobile Plans,7030,Pending
2023-07-20,CB-1002974,206.18,Consumer,Mobile Plans,4871,Pending
2023-07-20,CB-1003029,225.80,Wholesale,Bulk Voice,4871,Won
2023-07-21,CB-1003003,326.14,Consumer,Device Protection,4870,Open
2023-07-21,CB-1003069,301.93,Wholesale,IoT SIM,4863,Lost
2023-07-22,CB-1002968,342.44,Consumer,Mobile Plans,4837,Open
2023-07-22,CB-1002997,235.07,Consumer,Streaming Add-on,4855,Lost
2023-07-22,CB-1003027,357.00,Wholesale,Bulk Voice,4837,Won
2023-07-23,CB-1002903,560.26,Enterprise,Cloud Services,4855,Pending
2023-07-23,CB-1002911,586.35,Enterprise,Cloud Services,4837,Pending
2023-07-23,CB-1002938,789.84,Enterprise,Managed Support,4870,Won
2023-07-23,CB-1002970,246.18,Consumer,Mobile Plans,4855,Won
2023-07-23,CB-1003022,515.87,Wholesale,Bulk Voice,7030,Won
2023-07-23,CB-1003026,374.61,Wholesale,Bulk Voice,4863,Won
2023-07-23,CB-1003051,200.32,Wholesale,Partner Resale,4855,Open
2023-07-24,CB-1002904,728.40,Enterprise,Cloud Services,4870,Lost
2023-07-24,CB-1002922,656.81,Enterprise,Managed Support,7030,Lost
2023-07-24,CB-1002995,312.19,Consumer,Streaming Add-on,4863,Pending
2023-07-24,CB-1003018,188.25,Wholesale,Bulk Voice,4871,Pending
2023-07-24,CB-1003070,676.95,Wholesale,IoT SIM,7030,Pending
2023-07-25,CB-1002941,393.09,Enterprise,Platform API,4863,Won
2023-07-25,CB-1002946,478.18,Enterprise,Platform API,4855,Lost
2023-07-25,CB-1002973,277.07,Consumer,Mobile Plans,4855,Lost
2023-07-25,CB-1002988,310.15,Consumer,Streaming Add-on,4837,Lost
2023-07-25,CB-1003012,110.45,Consumer,Device Protection,4863,Won
2023-07-25,CB-1003034,392.92,Wholesale,Bulk Voice,4855,Pending
2023-07-25,CB-1003062,441.80,Wholesale,IoT SIM,4837,Open
2023-07-26,CB-1002912,226.15,Enterprise,Cloud Services,4871,Open
2023-07-26,CB-1002923,491.98,Enterprise,Managed Support,4871,Lost
2023-07-26,CB-1002932,536.43,Enterprise,Managed Support,4855,Won
2023-07-26,CB-1002960,298.64,Consumer,Mobile Plans,4863,Lost
2023-07-26,CB-1003005,119.74,Consumer,Device Protection,4863,Won
2023-07-26,CB-1003010,178.88,Consumer,Device Protection,4855,Lost
2023-07-26,CB-1003014,265.99,Wholesale,Bulk Voice,4855,Open
2023-07-27,CB-1002896,521.82,Enterprise,Cloud Services,4871,Pending
2023-07-27,CB-1002982,341.08,Consumer,Streaming Add-on,4837,Won
2023-07-27,CB-1002996,146.13,Consumer,Streaming Add-on,4863,Lost
2023-07-27,CB-1003006,210.03,Consumer,Device Protection,4837,Open
2023-07-27,CB-1003036,310.18,Wholesale,Bulk Voice,7030,Pending
2023-07-28,CB-1002908,591.88,Enterprise,Cloud Services,4855,Won
2023-07-28,CB-1002939,833.89,Enterprise,Managed Support,4870,Pending
2023-07-28,CB-1002948,558.11,Enterprise,Platform API,7030,Lost
2023-07-28,CB-1002962,146.34,Consumer,Mobile Plans,7030,Won
2023-07-28,CB-1003009,227.04,Consumer,Device Protection,4871,Won
2023-07-29,CB-1002915,703.81,Enterprise,Cloud Services,4870,Won
2023-07-29,CB-1002928,410.54,Enterprise,Managed Support,4837,Lost
2023-07-29,CB-1002981,277.44,Consumer,Streaming Add-on,4837,Lost
2023-07-29,CB-1003016,160.21,Wholesale,Bulk Voice,4871,Lost
2023-07-29,CB-1003025,457.77,Wholesale,Bulk Voice,7030,Pending
2023-07-29,CB-1003035,211.70,Wholesale,Bulk Voice,4855,Won
2023-07-29,CB-1003043,603.66,Wholesale,Partner Resale,4870,Open
2023-07-29,CB-1003071,465.42,Wholesale,IoT SIM,4855,Lost
2023-07-30,CB-1002958,167.35,Consumer,Mobile Plans,4855,Won
2023-07-30,CB-1002971,320.87,Consumer,Mobile Plans,7030,Won
2023-07-30,CB-1002987,155.45,Consumer,Streaming Add-on,7030,Lost
2023-07-30,CB-1003052,330.88,Wholesale,Partner Resale,7030,Pending
2023-07-31,CB-1002921,414.66,Enterprise,Managed Support,4863,Won
2023-07-31,CB-1002954,532.01,Enterprise,Platform API,4863,Pending
2023-07-31,CB-1002955,568.31,Enterprise,Platform API,4863,Won
2023-07-31,CB-1003039,495.81,Wholesale,Partner Resale,7030,Pending
2023-07-31,CB-1003047,335.54,Wholesale,Partner Resale,7030,Pending
2023-08-01,CB-1003085,444.31,Enterprise,Cloud Services,4863,Pending
2023-08-01,CB-1003100,512.31,Enterprise,Cloud Services,4863,Pending
2023-08-01,CB-1003101,470.35,Enterprise,Cloud Services,4870,Pending
2023-08-01,CB-1003110,516.28,Enterprise,Managed Support,4871,Lost
2023-08-01,CB-1003154,273.10,Consumer,Mobile Plans,4855,Won
2023-08-01,CB-1003158,204.55,Consumer,Mobile Plans,4837,Lost
2023-08-01,CB-1003175,114.03,Consumer,Streaming Add-on,4855,Won
2023-08-01,CB-1003197,194.63,Consumer,Device Protection,4837,Open
2023-08-01,CB-1003201,710.56,Wholesale,Bulk Voice,7030,Lost
2023-08-01,CB-1003217,472.37,Wholesale,Bulk Voice,4863,Pending
2023-08-02,CB-1003129,602.61,Enterprise,Platform API,7030,Lost
2023-08-02,CB-1003174,319.10,Consumer,Streaming Add-on,4870,Lost
2023-08-02,CB-1003183,273.06,Consumer,Device Protection,4870,Lost
2023-08-02,CB-1003232,436.01,Wholesale,Partner Resale,4863,Lost
2023-08-03,CB-1003076,701.21,Enterprise,Cloud Services,7030,Lost
2023-08-03,CB-1003104,357.99,Enterprise,Managed Support,4855,Lost
2023-08-03,CB-1003109,529.13,Enterprise,Managed Support,4870,Pending
2023-08-03,CB-1003118,207.28,Enterprise,Managed Support,4871,Lost
2023-08-03,CB-1003139,267.54,Consumer,Mobile Plans,7030,Open
2023-08-03,CB-1003172,208.16,Consumer,Streaming Add-on,4871,Won
2023-08-03,CB-1003180,240.79,Consumer,Device Protection,4863,Won
2023-08-03,CB-1003185,250.41,Consumer,Device Protection,4871,Lost
2023-08-03,CB-1003229,318.76,Wholesale,Partner Resale,7030,Lost
2023-08-04,CB-1003077,577.36,Enterprise,Cloud Services,4863,Open
2023-08-04,CB-1003124,347.85,Enterprise,Platform API,4863,Lost
2023-08-04,CB-1003134,340.64,Enterprise,Platform API,4871,Lost
2023-08-04,CB-1003179,128.04,Consumer,Device Protection,4870,Won
2023-08-04,CB-1003228,596.82,Wholesale,Partner Resale,7030,Won
2023-08-05,CB-1003083,438.80,Enterprise,Cloud Services,4871,Won
2023-08-05,CB-1003098,677.02,Enterprise,Cloud Services,4870,Won
2023-08-05,CB-1003103,568.50,Enterprise,Managed Support,7030,Pending
2023-08-05,CB-1003161,294.56,Consumer,Mobile Plans,4837,Open
2023-08-05,CB-1003190,266.87,Consumer,Device Protection,4837,Won
2023-08-05,CB-1003218,207.29,Wholesale,Bulk Voice,4855,Won
2023-08-06,CB-1003084,241.73,Enterprise,Cloud Services,4855,Lost
2023-08-06,CB-1003136,595.18,Enterprise,Platform API,4863,Lost
2023-08-06,CB-1003231,504.40,Wholesale,Partner Resale,4870,Lost
2023-08-07,CB-1003113,217.68,Enterprise,Managed Support,4871,Open
2023-08-07,CB-1003156,312.94,Consumer,Mobile Plans,4870,Lost
2023-08-07,CB-1003204,513.81,Wholesale,Bulk Voice,4870,Won
2023-08-07,CB-1003230,547.30,Wholesale,Partner Resale,4837,Pending
2023-08-08,CB-1003080,641.85,Enterprise,Cloud Services,4863,Open
2023-08-08,CB-1003082,653.71,Enterprise,Cloud Services,4837,Won
2023-08-08,CB-1003150,210.12,Consumer,Mobile Plans,4871,Lost
2023-08-08,CB-1003160,199.19,Consumer,Mobile Plans,4870,Open
2023-08-08,CB-1003210,234.34,Wholesale,Bulk Voice,4871,Pending
2023-08-08,CB-1003216,385.66,Wholesale,Bulk Voice,4855,Lost
2023-08-08,CB-1003224,354.12,Wholesale,Partner Resale,4863,Pending
2023-08-08,CB-1003225,482.48,Wholesale,Partner Resale,4870,Pending
2023-08-08,CB-1003246,697.86,Wholesale,IoT SIM,7030,Lost
2023-08-09,CB-1003114,459.63,Enterprise,Managed Support,4855,Won
2023-08-09,CB-1003137,139.85,Consumer,Mobile Plans,4871,Lost
2023-08-09,CB-1003140,282.13,Consumer,Mobile Plans,4837,Lost
2023-08-10,CB-1003086,244.10,Enterprise,Cloud Services,4855,Pending
2023-08-10,CB-1003095,629.85,Enterprise,Cloud Services,4863,Lost
2023-08-10,CB-1003146,349.46,Consumer,Mobile Plans,4837,Won
2023-08-10,CB-1003184,258.32,Consumer,Device Protection,4870,Won
2023-08-10,CB-1003198,232.37,Wholesale,Bulk Voice,4863,Lost
2023-08-10,CB-1003223,191.01,Wholesale,Partner Resale,4863,Open
2023-08-10,CB-1003227,406.00,Wholesale,Partner Resale,4871,Won
2023-08-10,CB-1003233,360.07,Wholesale,Partner Resale,4870,Won
2023-08-10,CB-1003248,209.88,Wholesale,IoT SIM,4837,Lost
2023-08-11,CB-1003099,551.21,Enterprise,Cloud Services,4855,Pending
2023-08-11,CB-1003177,204.59,Consumer,Streaming Add-on,4870,Won
2023-08-11,CB-1003193,279.34,Consumer,Device Protection,7030,Lost
2023-08-12,CB-1003169,239.04,Consumer,Streaming Add-on,4871,Open
2023-08-12,CB-1003188,331.37,Consumer,Device Protection,4870,Won
2023-08-12,CB-1003215,211.16,Wholesale,Bulk Voice,4863,Lost
2023-08-12,CB-1003239,330.64,Wholesale,IoT SIM,7030,Lost
2023-08-12,CB-1003241,378.93,Wholesale,IoT SIM,4863,Won
2023-08-12,CB-1003247,414.32,Wholesale,IoT SIM,4871,Open
2023-08-13,CB-1003117,303.39,Enterprise,Managed Support,4870,Lost
2023-08-13,CB-1003135,774.57,Enterprise,Platform API,4837,Lost
2023-08-13,CB-1003159,161.02,Consumer,Mobile Plans,4837,Pending
2023-08-13,CB-1003166,141.08,Consumer,Streaming Add-on,4870,Lost
2023-08-13,CB-1003212,259.27,Wholesale,Bulk Voice,4863,Open
2023-08-13,CB-1003213,375.27,Wholesale,Bulk Voice,4870,Open
2023-08-13,CB-1003214,421.25,Wholesale,Bulk Voice,4870,Pending
2023-08-13,CB-1003238,494.41,Wholesale,IoT SIM,7030,Open
2023-08-14,CB-1003089,658.50,Enterprise,Cloud Services,4837,Lost
2023-08-14,CB-1003096,418.61,Enterprise,Cloud Services,4837,Pending
2023-08-14,CB-1003097,622.15,Enterprise,Cloud Services,7030,Won
2023-08-14,CB-1003130,452.53,Enterprise,Platform API,7030,Won
2023-08-14,CB-1003203,391.43,Wholesale,Bulk Voice,4871,Won
2023-08-15,CB-1003079,393.65,Enterprise,Cloud Services,4855,Pending
2023-08-15,CB-1003143,109.95,Consumer,Mobile Plans,4871,Won
2023-08-15,CB-1003167,178.46,Consumer,Streaming Add-on,4855,Lost
2023-08-15,CB-1003192,311.36,Consumer,Device Protection,4863,Open
2023-08-15,CB-1003199,555.72,Wholesale,Bulk Voice,4870,Lost
2023-08-15,CB-1003211,450.50,Wholesale,Bulk Voice,4863,Open
2023-08-16,CB-1003115,343.75,Enterprise,Managed Support,7030,Lost
2023-08-16,CB-1003119,406.99,Enterprise,Managed Support,4871,Won
2023-08-16,CB-1003126,335.13,Enterprise,Platform API,7030,Lost
2023-08-16,CB-1003148,279.55,Consumer,Mobile Plans,4837,Pending
2023-08-16,CB-1003164,129.27,Consumer,Streaming Add-on,4863,Lost
2023-08-16,CB-1003178,297.78,Consumer,Streaming Add-on,4837,Lost
2023-08-16,CB-1003196,211.20,Consumer,Device Protection,4855,Won
2023-08-16,CB-1003235,441.68,Wholesale,IoT SIM,4871,Lost
2023-08-17,CB-1003094,318.14,Enterprise,Cloud Services,4837,Open
2023-08-17,CB-1003121,861.95,Enterprise,Managed Support,7030,Open
2023-08-17,CB-1003138,177.78,Consumer,Mobile Plans,4871,Open
2023-08-17,CB-1003171,208.80,Consumer,Streaming Add-on,4837,Lost
2023-08-17,CB-1003200,324.23,Wholesale,Bulk Voice,4855,Open
2023-08-17,CB-1003206,429.35,Wholesale,Bulk Voice,4870,Lost
2023-08-17,CB-1003222,263.33,Wholesale,Partner Resale,4863,Won
2023-08-17,CB-1003226,383.16,Wholesale,Partner Resale,7030,Won
2023-08-17,CB-1003242,486.09,Wholesale,IoT SIM,4863,Won
2023-08-18,CB-1003072,442.40,Enterprise,Cloud Services,4870,Won
2023-08-18,CB-1003102,771.75,Enterprise,Managed Support,4837,Won
2023-08-18,CB-1003107,480.50,Enterprise,Managed Support,4870,Won
2023-08-18,CB-1003108,506.10,Enterprise,Managed Support,7030,Pending
2023-08-18,CB-1003237,480.64,Wholesale,IoT SIM,4863,Won
2023-08-19,CB-1003152,208.58,Consumer,Mobile Plans,7030,Lost
2023-08-19,CB-1003182,118.02,Consumer,Device Protection,4863,Won
2023-08-20,CB-1003087,537.80,Enterprise,Cloud Services,4837,Pending
2023-08-20,CB-1003122,540.06,Enterprise,Platform API,4863,Lost
2023-08-20,CB-1003162,143.87,Consumer,Mobile Plans,4871,Open
2023-08-20,CB-1003165,129.57,Consumer,Streaming Add-on,4863,Open
2023-08-20,CB-1003170,100.50,Consumer,Streaming Add-on,4871,Lost
2023-08-20,CB-1003195,119.58,Consumer,Device Protection,4855,Pending
2023-08-20,CB-1003219,691.03,Wholesale,Bulk Voice,7030,Pending
2023-08-20,CB-1003236,207.92,Wholesale,IoT SIM,4855,Pending
2023-08-21,CB-1003128,551.43,Enterprise,Platform API,4855,Open
2023-08-21,CB-1003157,248.07,Consumer,Mobile Plans,4837,Pending
2023-08-21,CB-1003189,191.23,Consumer,Device Protection,4837,Lost
2023-08-22,CB-1003092,321.76,Enterprise,Cloud Services,4837,Won
2023-08-22,CB-1003116,825.29,Enterprise,Managed Support,4870,Lost
2023-08-22,CB-1003147,215.80,Consumer,Mobile Plans,4871,Won
2023-08-22,CB-1003153,302.27,Consumer,Mobile Plans,4837,Lost
2023-08-22,CB-1003221,327.34,Wholesale,Partner Resale,7030,Open
2023-08-23,CB-1003075,556.60,Enterprise,Cloud Services,4871,Pending
2023-08-23,CB-1003091,352.44,Enterprise,Cloud Services,4837,Lost
2023-08-23,CB-1003207,293.13,Wholesale,Bulk Voice,4855,Pending
2023-08-24,CB-1003106,377.99,Enterprise,Managed Support,4870,Won
2023-08-24,CB-1003120,723.84,Enterprise,Managed Support,4870,Pending
2023-08-24,CB-1003155,303.93,Consumer,Mobile Plans,4863,Lost
2023-08-25,CB-1003073,297.06,Enterprise,Cloud Services,4863,Open
2023-08-25,CB-1003078,966.41,Enterprise,Cloud Services,7030,Won
2023-08-25,CB-1003142,241.61,Consumer,Mobile Plans,4837,Lost
2023-08-25,CB-1003163,197.97,Consumer,Mobile Plans,4871,Won
2023-08-25,CB-1003173,197.75,Consumer,Streaming Add-on,4863,Lost
2023-08-25,CB-1003191,166.86,Consumer,Device Protection,4855,Lost
2023-08-25,CB-1003194,157.45,Consumer,Device Protection,4863,Won
2023-08-25,CB-1003205,445.98,Wholesale,Bulk Voice,4870,Won
2023-08-26,CB-1003123,675.68,Enterprise,Platform API,4863,Open
2023-08-26,CB-1003127,440.70,Enterprise,Platform API,7030,Won
2023-08-26,CB-1003131,374.88,Enterprise,Platform API,4837,Pending
2023-08-26,CB-1003133,469.09,Enterprise,Platform API,4871,Won
2023-08-26,CB-1003144,174.25,Consumer,Mobile Plans,4871,Won
2023-08-26,CB-1003151,237.34,Consumer,Mobile Plans,4871,Won
2023-08-26,CB-1003176,135.35,Consumer,Streaming Add-on,4871,Pending
2023-08-26,CB-1003240,409.76,Wholesale,IoT SIM,4863,Lost
2023-08-26,CB-1003244,619.28,Wholesale,IoT SIM,4870,Won
2023-08-27,CB-1003074,385.30,Enterprise,Cloud Services,4863,Lost
2023-08-27,CB-1003105,447.71,Enterprise,Managed Support,4837,Won
2023-08-27,CB-1003149,220.44,Consumer,Mobile Plans,4863,Pending
2023-08-27,CB-1003181,314.27,Consumer,Device Protection,7030,Won
2023-08-27,CB-1003187,155.44,Consumer,Device Protection,4863,Pending
2023-08-27,CB-1003220,602.93,Wholesale,Partner Resale,7030,Pending
2023-08-27,CB-1003245,552.68,Wholesale,IoT SIM,4837,Won
2023-08-28,CB-1003093,849.58,Enterprise,Cloud Services,7030,Lost
2023-08-28,CB-1003132,597.31,Enterprise,Platform API,7030,Open
2023-08-29,CB-1003081,736.99,Enterprise,Cloud Services,4837,Lost
2023-08-29,CB-1003125,317.46,Enterprise,Platform API,4837,Won
2023-08-29,CB-1003208,317.55,Wholesale,Bulk Voice,4855,Won
2023-08-29,CB-1003243,625.60,Wholesale,IoT SIM,7030,Pending
2023-08-30,CB-1003088,875.16,Enterprise,Cloud Services,7030,Lost
2023-08-30,CB-1003111,286.38,Enterprise,Managed Support,4837,Lost
2023-08-30,CB-1003112,555.15,Enterprise,Managed Support,4871,Pending
2023-08-30,CB-1003141,127.31,Consumer,Mobile Plans,4863,Pending
2023-08-30,CB-1003186,174.87,Consumer,Device Protection,4837,Lost
2023-08-30,CB-1003209,423.62,Wholesale,Bulk Voice,4871,Pending
2023-08-31,CB-1003090,967.47,Enterprise,Cloud Services,7030,Lost
2023-08-31,CB-1003145,241.58,Consumer,Mobile Plans,7030,Lost
2023-08-31,CB-1003168,132.27,Consumer,Streaming Add-on,4870,Lost
2023-08-31,CB-1003202,499.92,Wholesale,Bulk Voice,7030,Lost
2023-08-31,CB-1003234,600.41,Wholesale,IoT SIM,4870,Won
2023-09-01,CB-1003366,340.63,Consumer,Device Protection,4837,Lost
2023-09-01,CB-1003377,526.11,Wholesale,Bulk Voice,4837,Won
2023-09-01,CB-1003384,533.76,Wholesale,Bulk Voice,4870,Lost
2023-09-01,CB-1003390,269.21,Wholesale,Partner Resale,4871,Won
2023-09-01,CB-1003402,440.66,Wholesale,Partner Resale,4855,Lost
2023-09-02,CB-1003251,311.67,Enterprise,Cloud Services,4837,Open
2023-09-02,CB-1003337,203.02,Consumer,Streaming Add-on,4837,Lost
2023-09-02,CB-1003389,357.76,Wholesale,Bulk Voice,4871,Lost
2023-09-03,CB-1003258,738.76,Enterprise,Cloud Services,4870,Lost
2023-09-03,CB-1003300,523.04,Enterprise,Platform API,4855,Pending
2023-09-03,CB-1003320,215.19,Consumer,Mobile Plans,4837,Open
2023-09-03,CB-1003356,260.80,Consumer,Device Protection,4855,Won
2023-09-04,CB-1003412,379.86,Wholesale,IoT SIM,4855,Won
2023-09-05,CB-1003286,368.79,Enterprise,Managed Support,4863,Pending
2023-09-05,CB-1003316,141.61,Consumer,Mobile Plans,4837,Pending
2023-09-05,CB-1003338,285.88,Consumer,Streaming Add-on,4855,Lost
2023-09-05,CB-1003347,229.97,Consumer,Streaming Add-on,4870,Lost
2023-09-05,CB-1003372,612.20,Wholesale,Bulk Voice,7030,Won
2023-09-05,CB-1003373,264.52,Wholesale,Bulk Voice,4863,Won
2023-09-05,CB-1003411,604.43,Wholesale,IoT SIM,4870,Pending
2023-09-06,CB-1003261,267.37,Enterprise,Cloud Services,4855,Won
2023-09-06,CB-1003276,523.31,Enterprise,Managed Support,4863,Won
2023-09-06,CB-1003351,124.53,Consumer,Device Protection,4837,Won
2023-09-06,CB-1003417,686.41,Wholesale,IoT SIM,7030,Open
2023-09-06,CB-1003420,400.82,Wholesale,IoT SIM,4871,Open
2023-09-07,CB-1003249,394.35,Enterprise,Cloud Services,7030,Won
2023-09-07,CB-1003264,841.01,Enterprise,Cloud Services,7030,Won
2023-09-07,CB-1003269,331.02,Enterprise,Cloud Services,7030,Won
2023-09-07,CB-1003283,411.73,Enterprise,Managed Support,4855,Pending
2023-09-07,CB-1003321,405.12,Consumer,Mobile Plans,7030,Won
2023-09-07,CB-1003374,226.88,Wholesale,Bulk Voice,4870,Lost
2023-09-07,CB-1003405,163.22,Wholesale,Partner Resale,4871,Won
2023-09-07,CB-1003416,515.21,Wholesale,IoT SIM,4837,Won
2023-09-08,CB-1003262,556.95,Enterprise,Cloud Services,4871,Lost
2023-09-08,CB-1003313,534.46,Enterprise,Platform API,4855,Won
2023-09-08,CB-1003319,180.43,Consumer,Mobile Plans,4837,Lost
2023-09-08,CB-1003340,189.91,Consumer,Streaming Add-on,7030,Lost
2023-09-08,CB-1003352,293.87,Consumer,Device Protection,7030,Lost
2023-09-08,CB-1003355,364.98,Consumer,Device Protection,4870,Won
2023-09-08,CB-1003376,655.42,Wholesale,Bulk Voice,7030,Lost
2023-09-08,CB-1003394,389.72,Wholesale,Partner Resale,4871,Pending
2023-09-08,CB-1003406,368.60,Wholesale,Partner Resale,7030,Lost
2023-09-09,CB-1003256,362.20,Enterprise,Cloud Services,4837,Pending
2023-09-09,CB-1003282,506.03,Enterprise,Managed Support,4837,Won
2023-09-09,CB-1003288,274.73,Enterprise,Managed Support,4863,Won
2023-09-09,CB-1003317,405.74,Consumer,Mobile Plans,7030,Pending
2023-09-09,CB-1003323,218.91,Consumer,Mobile Plans,4855,Open
2023-09-09,CB-1003370,405.21,Wholesale,Bulk Voice,4870,Lost
2023-09-09,CB-1003380,176.62,Wholesale,Bulk Voice,4855,Pending
2023-09-09,CB-1003409,305.16,Wholesale,IoT SIM,7030,Lost
2023-09-10,CB-1003274,259.93,Enterprise,Cloud Services,4863,Won
2023-09-10,CB-1003326,250.10,Consumer,Mobile Plans,4855,Pending
2023-09-10,CB-1003339,126.36,Consumer,Streaming Add-on,4871,Lost
2023-09-10,CB-1003349,282.32,Consumer,Streaming Add-on,4855,Lost
2023-09-10,CB-1003368,240.17,Consumer,Device Protection,7030,Open
2023-09-10,CB-1003387,325.81,Wholesale,Bulk Voice,4855,Open
2023-09-11,CB-1003253,451.61,Enterprise,Cloud Services,7030,Won
2023-09-11,CB-1003298,819.12,Enterprise,Platform API,4870,Lost
2023-09-11,CB-1003306,617.13,Enterprise,Platform API,4855,Lost
2023-09-11,CB-1003311,577.19,Enterprise,Platform API,4871,Lost
2023-09-11,CB-1003331,254.47,Consumer,Mobile Plans,4837,Open
2023-09-11,CB-1003344,342.64,Consumer,Streaming Add-on,4870,Pending
2023-09-11,CB-1003350,241.51,Consumer,Streaming Add-on,4837,Won
2023-09-11,CB-1003379,557.85,Wholesale,Bulk Voice,4870,Won
2023-09-11,CB-1003404,169.08,Wholesale,Partner Resale,4871,Won
2023-09-11,CB-1003410,307.83,Wholesale,IoT SIM,4855,Lost
2023-09-12,CB-1003273,775.91,Enterprise,Cloud Services,4870,Pending
2023-09-12,CB-1003289,348.87,Enterprise,Managed Support,7030,Lost
2023-09-12,CB-1003301,635.33,Enterprise,Platform API,4870,Pending
2023-09-12,CB-1003329,215.28,Consumer,Mobile Plans,4855,Open
2023-09-12,CB-1003334,202.40,Consumer,Mobile Plans,4870,Pending
2023-09-13,CB-1003292,575.14,Enterprise,Managed Support,4855,Open
2023-09-13,CB-1003364,204.68,Consumer,Device Protection,4863,Lost
2023-09-13,CB-1003365,255.35,Consumer,Device Protection,4870,Pending
2023-09-13,CB-1003399,313.24,Wholesale,Partner Resale,4855,Lost
2023-09-14,CB-1003310,296.23,Enterprise,Platform API,4871,Open
2023-09-14,CB-1003358,177.92,Consumer,Device Protection,4871,Lost
2023-09-14,CB-1003382,335.37,Wholesale,Bulk Voice,4863,Won
2023-09-14,CB-1003397,356.28,Wholesale,Partner Resale,4871,Open
2023-09-14,CB-1003403,424.87,Wholesale,Partner Resale,4871,Pending
2023-09-15,CB-1003287,406.22,Enterprise,Managed Support,7030,Lost
2023-09-15,CB-1003327,137.71,Consumer,Mobile Plans,4870,Open
2023-09-15,CB-1003346,149.79,Consumer,Streaming Add-on,4863,Won
2023-09-15,CB-1003360,173.29,Consumer,Device Protection,4870,Won
2023-09-15,CB-1003395,417.74,Wholesale,Partner Resale,4855,Lost
2023-09-15,CB-1003401,349.27,Wholesale,Partner Resale,4837,Won
2023-09-16,CB-1003257,408.30,Enterprise,Cloud Services,4870,Lost
2023-09-16,CB-1003278,726.07,Enterprise,Managed Support,4863,Won
2023-09-16,CB-1003295,479.69,Enterprise,Managed Support,4855,Lost
2023-09-16,CB-1003303,339.98,Enterprise,Platform API,4870,Won
2023-09-16,CB-1003318,238.39,Consumer,Mobile Plans,7030,Pending
2023-09-16,CB-1003335,144.70,Consumer,Mobile Plans,7030,Won
2023-09-16,CB-1003367,268.22,Consumer,Device Protection,4871,Lost
2023-09-16,CB-1003371,199.09,Wholesale,Bulk Voice,4855,Lost
2023-09-16,CB-1003385,399.83,Wholesale,Bulk Voice,4870,Won
2023-09-16,CB-1003388,596.70,Wholesale,Bulk Voice,7030,Pending
2023-09-16,CB-1003391,632.25,Wholesale,Partner Resale,4870,Lost
2023-09-16,CB-1003415,358.41,Wholesale,IoT SIM,4855,Open
2023-09-17,CB-1003312,508.05,Enterprise,Platform API,7030,Won
2023-09-17,CB-1003348,277.20,Consumer,Streaming Add-on,4863,Won
2023-09-17,CB-1003359,157.17,Consumer,Device Protection,4855,Lost
2023-09-17,CB-1003392,257.06,Wholesale,Partner Resale,4855,Won
2023-09-17,CB-1003419,291.32,Wholesale,IoT SIM,4871,Won
2023-09-18,CB-1003281,673.48,Enterprise,Managed Support,4837,Lost
2023-09-18,CB-1003293,359.23,Enterprise,Managed Support,4837,Pending
2023-09-18,CB-1003309,730.01,Enterprise,Platform API,4870,Pending
2023-09-18,CB-1003314,205.84,Consumer,Mobile Plans,4863,Lost
2023-09-18,CB-1003332,323.98,Consumer,Mobile Plans,4837,Won
2023-09-18,CB-1003342,224.11,Consumer,Streaming Add-on,7030,Lost
2023-09-18,CB-1003383,490.26,Wholesale,Bulk Voice,4863,Won
2023-09-18,CB-1003400,247.84,Wholesale,Partner Resale,4871,Pending
2023-09-19,CB-1003268,623.69,Enterprise,Cloud Services,4863,Lost
2023-09-19,CB-1003308,755.11,Enterprise,Platform API,4870,Open
2023-09-19,CB-1003336,232.13,Consumer,Mobile Plans,4855,Lost
2023-09-19,CB-1003345,123.62,Consumer,Streaming Add-on,4837,Lost
2023-09-19,CB-1003418,301.32,Wholesale,IoT SIM,7030,Lost
2023-09-20,CB-1003252,257.15,Enterprise,Cloud Services,4871,Won
2023-09-20,CB-1003277,884.91,Enterprise,Managed Support,7030,Pending
2023-09-20,CB-1003305,376.92,Enterprise,Platform API,4855,Lost
2023-09-20,CB-1003307,409.39,Enterprise,Platform API,4855,Lost
2023-09-20,CB-1003398,275.87,Wholesale,Partner Resale,4855,Pending
2023-09-20,CB-1003408,417.69,Wholesale,IoT SIM,4837,Lost
2023-09-20,CB-1003414,362.52,Wholesale,IoT SIM,4837,Open
2023-09-21,CB-1003302,354.22,Enterprise,Platform API,4863,Open
2023-09-21,CB-1003322,214.71,Consumer,Mobile Plans,4870,Won
2023-09-21,CB-1003325,424.47,Consumer,Mobile Plans,7030,Won
2023-09-21,CB-1003362,314.22,Consumer,Device Protection,4863,Won
2023-09-22,CB-1003255,470.66,Enterprise,Cloud Services,4855,Pending
2023-09-22,CB-1003270,275.74,Enterprise,Cloud Services,4863,Lost
2023-09-22,CB-1003285,528.63,Enterprise,Managed Support,4871,Open
2023-09-22,CB-1003291,526.42,Enterprise,Managed Support,4871,Open
2023-09-22,CB-1003304,383.68,Enterprise,Platform API,4837,Pending
2023-09-22,CB-1003378,296.23,Wholesale,Bulk Voice,7030,Won
2023-09-22,CB-1003396,507.73,Wholesale,Partner Resale,4863,Lost
2023-09-23,CB-1003266,469.16,Enterprise,Cloud Services,4871,Pending
2023-09-23,CB-1003271,418.48,Enterprise,Cloud Services,4837,Lost
2023-09-23,CB-1003279,621.77,Enterprise,Managed Support,7030,Won
2023-09-24,CB-1003330,331.44,Consumer,Mobile Plans,7030,Lost
2023-09-24,CB-1003407,336.83,Wholesale,IoT SIM,4870,Won
2023-09-24,CB-1003413,467.95,Wholesale,IoT SIM,4837,Won
2023-09-25,CB-1003260,269.41,Enterprise,Cloud Services,4837,Lost
2023-09-25,CB-1003280,391.24,Enterprise,Managed Support,4855,Lost
2023-09-25,CB-1003296,386.91,Enterprise,Managed Support,4870,Won
2023-09-25,CB-1003354,255.79,Consumer,Device Protection,4855,Won
2023-09-25,CB-1003375,496.44,Wholesale,Bulk Voice,7030,Lost
2023-09-25,CB-1003393,247.24,Wholesale,Partner Resale,4863,Pending
2023-09-26,CB-1003250,500.59,Enterprise,Cloud Services,4855,Open
2023-09-26,CB-1003290,232.58,Enterprise,Managed Support,4855,Lost
2023-09-26,CB-1003297,323.53,Enterprise,Managed Support,4837,Open
2023-09-26,CB-1003333,162.81,Consumer,Mobile Plans,4870,Won
2023-09-26,CB-1003361,395.69,Consumer,Device Protection,7030,Pending
2023-09-26,CB-1003381,280.80,Wholesale,Bulk Voice,4871,Won
2023-09-27,CB-1003263,475.07,Enterprise,Cloud Services,4871,Won
2023-09-27,CB-1003265,817.97,Enterprise,Cloud Services,7030,Lost
2023-09-27,CB-1003294,664.96,Enterprise,Managed Support,4870,Pending
2023-09-27,CB-1003315,323.97,Consumer,Mobile Plans,4837,Open
2023-09-27,CB-1003343,394.37,Consumer,Streaming Add-on,7030,Lost
2023-09-27,CB-1003353,212.24,Consumer,Device Protection,4871,Won
2023-09-27,CB-1003357,251.41,Consumer,Device Protection,4870,Lost
2023-09-27,CB-1003363,342.28,Consumer,Device Protection,7030,Open
2023-09-27,CB-1003369,145.31,Consumer,Device Protection,4863,Lost
2023-09-28,CB-1003254,396.13,Enterprise,Cloud Services,7030,Lost
2023-09-28,CB-1003386,561.53,Wholesale,Bulk Voice,7030,Won
2023-09-29,CB-1003299,274.02,Enterprise,Platform API,4863,Open
2023-09-29,CB-1003324,92.91,Consumer,Mobile Plans,4871,Lost
2023-09-29,CB-1003328,266.09,Consumer,Mobile Plans,4855,Won
2023-09-29,CB-1003341,103.71,Consumer,Streaming Add-on,4855,Pending
2023-09-30,CB-1003259,788.58,Enterprise,Cloud Services,4870,Lost
2023-09-30,CB-1003267,521.97,Enterprise,Cloud Services,4837,Won
2023-09-30,CB-1003272,673.30,Enterprise,Cloud Services,4837,Pending
2023-09-30,CB-1003275,641.06,Enterprise,Managed Support,4837,Open
2023-09-30,CB-1003284,376.53,Enterprise,Managed Support,4871,Won
2023-10-01,CB-1003425,479.58,Enterprise,Cloud Services,4863,Won
2023-10-01,CB-1003428,317.99,Enterprise,Cloud Services,4863,Won
2023-10-01,CB-1003438,492.37,Enterprise,Cloud Services,4855,Pending
2023-10-01,CB-1003473,475.96,Enterprise,Platform API,4855,Lost
2023-10-01,CB-1003474,734.38,Enterprise,Platform API,4837,Won
2023-10-01,CB-1003482,288.88,Enterprise,Platform API,4870,Won
2023-10-01,CB-1003490,260.95,Consumer,Mobile Plans,4855,Lost
2023-10-01,CB-1003505,134.67,Consumer,Mobile Plans,4870,Pending
2023-10-01,CB-1003508,318.24,Consumer,Mobile Plans,4870,Won
2023-10-01,CB-1003538,246.01,Consumer,Device Protection,4855,Lost
2023-10-01,CB-1003550,100.58,Consumer,Device Protection,4871,Open
2023-10-02,CB-1003427,373.95,Enterprise,Cloud Services,4837,Won
2023-10-02,CB-1003586,257.39,Wholesale,Partner Resale,4871,Lost
2023-10-02,CB-1003600,600.21,Wholesale,IoT SIM,7030,Pending
2023-10-03,CB-1003431,692.86,Enterprise,Cloud Services,4870,Pending
2023-10-03,CB-1003439,690.64,Enterprise,Cloud Services,4863,Open
2023-10-03,CB-1003509,207.44,Consumer,Mobile Plans,4870,Pending
2023-10-03,CB-1003551,292.65,Consumer,Device Protection,4870,Won
2023-10-03,CB-1003554,438.49,Wholesale,Bulk Voice,4863,Lost
2023-10-04,CB-1003426,445.22,Enterprise,Cloud Services,4871,Won
2023-10-04,CB-1003445,501.47,Enterprise,Cloud Services,4863,Won
2023-10-04,CB-1003460,338.59,Enterprise,Managed Support,4855,Lost
2023-10-04,CB-1003462,349.15,Enterprise,Managed Support,4870,Won
2023-10-04,CB-1003465,583.54,Enterprise,Managed Support,4855,Won
2023-10-04,CB-1003483,407.97,Enterprise,Platform API,4871,Won
2023-10-04,CB-1003512,140.47,Consumer,Mobile Plans,4870,Pending
2023-10-04,CB-1003539,229.70,Consumer,Device Protection,4863,Open
2023-10-05,CB-1003434,603.19,Enterprise,Cloud Services,4863,Lost
2023-10-05,CB-1003522,247.59,Consumer,Streaming Add-on,7030,Won
2023-10-05,CB-1003527,237.42,Consumer,Streaming Add-on,4870,Won
2023-10-05,CB-1003536,285.91,Consumer,Device Protection,4855,Won
2023-10-05,CB-1003546,148.24,Consumer,Device Protection,4855,Won
2023-10-05,CB-1003556,297.87,Wholesale,Bulk Voice,4863,Lost
2023-10-05,CB-1003577,505.94,Wholesale,Partner Resale,4863,Lost
2023-10-05,CB-1003594,600.02,Wholesale,IoT SIM,4870,Lost
2023-10-05,CB-1003601,180.31,Wholesale,IoT SIM,4863,Pending
2023-10-06,CB-1003453,472.95,Enterprise,Managed Support,4871,Open
2023-10-06,CB-1003480,365.55,Enterprise,Platform API,7030,Pending
2023-10-06,CB-1003486,582.17,Enterprise,Platform API,4855,Won
2023-10-06,CB-1003510,240.22,Consumer,Mobile Plans,4863,Pending
2023-10-06,CB-1003513,288.87,Consumer,Mobile Plans,7030,Won
2023-10-06,CB-1003532,318.82,Consumer,Streaming Add-on,4837,Won
2023-10-06,CB-1003583,591.19,Wholesale,Partner Resale,4870,Won
2023-10-06,CB-1003593,275.78,Wholesale,IoT SIM,4870,Lost
2023-10-07,CB-1003437,652.92,Enterprise,Cloud Services,4855,Won
2023-10-07,CB-1003475,534.83,Enterprise,Platform API,4855,Lost
2023-10-07,CB-1003491,284.97,Consumer,Mobile Plans,4870,Open
2023-10-07,CB-1003497,127.89,Consumer,Mobile Plans,4855,Won
2023-10-07,CB-1003501,126.60,Consumer,Mobile Plans,4837,Won
2023-10-07,CB-1003568,525.40,Wholesale,Bulk Voice,7030,Pending
2023-10-07,CB-1003591,424.61,Wholesale,IoT SIM,4837,Open
2023-10-08,CB-1003430,537.04,Enterprise,Cloud Services,4837,Pending
2023-10-08,CB-1003463,843.07,Enterprise,Managed Support,7030,Pending
2023-10-08,CB-1003477,290.16,Enterprise,Platform API,4837,Won
2023-10-08,CB-1003499,348.48,Consumer,Mobile Plans,4870,Won
2023-10-08,CB-1003548,237.56,Consumer,Device Protection,4863,Won
2023-10-08,CB-1003565,271.09,Wholesale,Bulk Voice,7030,Lost
2023-10-08,CB-1003597,353.04,Wholesale,IoT SIM,4871,Won
2023-10-09,CB-1003444,393.55,Enterprise,Cloud Services,4870,Pending
2023-10-09,CB-1003447,558.32,Enterprise,Cloud Services,4837,Won
2023-10-09,CB-1003467,297.80,Enterprise,Managed Support,4863,Open
2023-10-09,CB-1003484,372.59,Enterprise,Platform API,4855,Pending
2023-10-09,CB-1003489,489.78,Enterprise,Platform API,4837,Lost
2023-10-09,CB-1003502,151.70,Consumer,Mobile Plans,4855,Lost
2023-10-09,CB-1003514,180.23,Consumer,Mobile Plans,4870,Lost
2023-10-10,CB-1003529,263.16,Consumer,Streaming Add-on,4837,Pending
2023-10-10,CB-1003542,146.37,Consumer,Device Protection,4837,Pending
2023-10-10,CB-1003580,558.44,Wholesale,Partner Resale,4837,Won
2023-10-11,CB-1003448,295.30,Enterprise,Cloud Services,4870,Lost
2023-10-11,CB-1003506,266.02,Consumer,Mobile Plans,4871,Lost
2023-10-11,CB-1003535,215.88,Consumer,Device Protection,4863,Open
2023-10-11,CB-1003560,184.15,Wholesale,Bulk Voice,4855,Lost
2023-10-11,CB-1003582,483.51,Wholesale,Partner Resale,4870,Lost
2023-10-12,CB-1003435,778.11,Enterprise,Cloud Services,4870,Pending
2023-10-12,CB-1003451,444.31,Enterprise,Cloud Services,4870,Lost
2023-10-12,CB-1003458,552.83,Enterprise,Managed Support,4863,Won
2023-10-12,CB-1003459,735.58,Enterprise,Managed Support,4837,Pending
2023-10-12,CB-1003470,346.17,Enterprise,Managed Support,4855,Won
2023-10-12,CB-1003545,283.76,Consumer,Device Protection,4870,Pending
2023-10-12,CB-1003552,269.10,Consumer,Device Protection,7030,Open
2023-10-13,CB-1003449,668.86,Enterprise,Cloud Services,4863,Won
2023-10-13,CB-1003469,547.47,Enterprise,Managed Support,4837,Pending
2023-10-13,CB-1003494,134.85,Consumer,Mobile Plans,4871,Lost
2023-10-13,CB-1003523,116.22,Consumer,Streaming Add-on,4863,Pending
2023-10-13,CB-1003549,405.68,Consumer,Device Protection,7030,Pending
2023-10-14,CB-1003429,553.68,Enterprise,Cloud Services,7030,Open
2023-10-14,CB-1003493,329.76,Consumer,Mobile Plans,7030,Lost
2023-10-14,CB-1003500,217.56,Consumer,Mobile Plans,4837,Open
2023-10-14,CB-1003503,286.59,Consumer,Mobile Plans,4855,Lost
2023-10-14,CB-1003571,324.24,Wholesale,Partner Resale,4871,Lost
2023-10-15,CB-1003432,346.21,Enterprise,Cloud Services,4855,Won
2023-10-15,CB-1003461,439.96,Enterprise,Managed Support,4871,Won
2023-10-15,CB-1003521,174.24,Consumer,Streaming Add-on,4863,Lost
2023-10-16,CB-1003479,407.25,Enterprise,Platform API,4837,Lost
2023-10-16,CB-1003511,379.59,Consumer,Mobile Plans,7030,Open
2023-10-16,CB-1003518,153.87,Consumer,Streaming Add-on,4855,Lost
2023-10-16,CB-1003544,249.64,Consumer,Device Protection,4870,Lost
2023-10-16,CB-1003547,355.50,Consumer,Device Protection,4870,Open
2023-10-17,CB-1003422,742.35,Enterprise,Cloud Services,4870,Won
2023-10-17,CB-1003517,102.85,Consumer,Streaming Add-on,4871,Lost
2023-10-17,CB-1003592,325.57,Wholesale,IoT SIM,4855,Lost
2023-10-18,CB-1003433,340.77,Enterprise,Cloud Services,4855,Lost
2023-10-18,CB-1003471,204.86,Enterprise,Managed Support,4871,Lost
2023-10-18,CB-1003516,213.34,Consumer,Streaming Add-on,4870,Lost
2023-10-18,CB-1003585,333.18,Wholesale,Partner Resale,4871,Won
2023-10-19,CB-1003440,342.03,Enterprise,Cloud Services,4837,Pending
2023-10-19,CB-1003450,706.69,Enterprise,Cloud Services,4870,Pending
2023-10-19,CB-1003454,696.30,Enterprise,Managed Support,4837,Won
2023-10-19,CB-1003455,420.11,Enterprise,Managed Support,4870,Won
2023-10-19,CB-1003525,184.16,Consumer,Streaming Add-on,4871,Lost
2023-10-19,CB-1003562,352.94,Wholesale,Bulk Voice,4855,Won
2023-10-20,CB-1003436,537.17,Enterprise,Cloud Services,4871,Lost
2023-10-20,CB-1003442,456.61,Enterprise,Cloud Services,4870,Lost
2023-10-20,CB-1003507,306.51,Consumer,Mobile Plans,4837,Open
2023-10-20,CB-1003602,500.91,Wholesale,IoT SIM,4863,Pending
2023-10-21,CB-1003423,355.32,Enterprise,Cloud Services,4871,Lost
2023-10-21,CB-1003457,466.25,Enterprise,Managed Support,4871,Open
2023-10-21,CB-1003478,414.07,Enterprise,Platform API,4855,Lost
2023-10-21,CB-1003578,253.64,Wholesale,Partner Resale,4871,Won
2023-10-21,CB-1003581,288.86,Wholesale,Partner Resale,4870,Won
2023-10-22,CB-1003476,232.79,Enterprise,Platform API,4871,Lost
2023-10-22,CB-1003526,129.79,Consumer,Streaming Add-on,4863,Pending
2023-10-22,CB-1003553,215.71,Wholesale,Bulk Voice,4871,Won
2023-10-22,CB-1003555,266.99,Wholesale,Bulk Voice,4871,Pending
2023-10-22,CB-1003570,454.57,Wholesale,Bulk Voice,7030,Lost
2023-10-22,CB-1003574,279.52,Wholesale,Partner Resale,4837,Won
2023-10-23,CB-1003452,480.54,Enterprise,Managed Support,4871,Open
2023-10-23,CB-1003530,174.52,Consumer,Streaming Add-on,4863,Won
2023-10-23,CB-1003541,219.09,Consumer,Device Protection,4870,Pending
2023-10-23,CB-1003558,583.91,Wholesale,Bulk Voice,4837,Won
2023-10-23,CB-1003575,201.07,Wholesale,Partner Resale,4871,Lost
2023-10-23,CB-1003589,509.73,Wholesale,IoT SIM,4837,Pending
2023-10-24,CB-1003456,431.91,Enterprise,Managed Support,4837,Won
2023-10-24,CB-1003487,448.25,Enterprise,Platform API,4837,Lost
2023-10-24,CB-1003515,209.61,Consumer,Streaming Add-on,4870,Open
2023-10-24,CB-1003557,253.47,Wholesale,Bulk Voice,4855,Open
2023-10-24,CB-1003579,458.61,Wholesale,Partner Resale,7030,Lost
2023-10-24,CB-1003599,196.13,Wholesale,IoT SIM,4855,Open
2023-10-25,CB-1003424,824.79,Enterprise,Cloud Services,7030,Lost
2023-10-25,CB-1003468,352.67,Enterprise,Managed Support,4855,Lost
2023-10-25,CB-1003495,138.96,Consumer,Mobile Plans,4837,Open
2023-10-25,CB-1003498,297.00,Consumer,Mobile Plans,4837,Lost
2023-10-25,CB-1003520,227.74,Consumer,Streaming Add-on,4870,Lost
2023-10-25,CB-1003528,364.44,Consumer,Streaming Add-on,7030,Lost
2023-10-25,CB-1003533,163.04,Consumer,Device Protection,4837,Won
2023-10-25,CB-1003561,217.84,Wholesale,Bulk Voice,4870,Won
2023-10-25,CB-1003598,179.11,Wholesale,IoT SIM,4871,Won
2023-10-26,CB-1003443,236.89,Enterprise,Cloud Services,4855,Won
2023-10-26,CB-1003488,803.50,Enterprise,Platform API,7030,Lost
2023-10-26,CB-1003492,352.18,Consumer,Mobile Plans,4870,Won
2023-10-26,CB-1003496,97.80,Consumer,Mobile Plans,4855,Open
2023-10-26,CB-1003531,247.79,Consumer,Streaming Add-on,4870,Lost
2023-10-26,CB-1003559,355.49,Wholesale,Bulk Voice,4855,Pending
2023-10-26,CB-1003567,615.57,Wholesale,Bulk Voice,4870,Open
2023-10-26,CB-1003572,212.17,Wholesale,Partner Resale,4855,Pending
2023-10-27,CB-1003587,576.78,Wholesale,Partner Resale,4837,Lost
2023-10-27,CB-1003590,365.36,Wholesale,IoT SIM,4837,Won
2023-10-28,CB-1003481,317.48,Enterprise,Platform API,4871,Pending
2023-10-28,CB-1003584,498.71,Wholesale,Partner Resale,4837,Pending
2023-10-28,CB-1003595,282.55,Wholesale,IoT SIM,4837,Pending
2023-10-28,CB-1003603,292.17,Wholesale,IoT SIM,4870,Won
2023-10-29,CB-1003464,435.58,Enterprise,Managed Support,4863,Pending
2023-10-29,CB-1003504,218.73,Consumer,Mobile Plans,4837,Won
2023-10-29,CB-1003534,182.89,Consumer,Device Protection,4870,Pending
2023-10-29,CB-1003540,273.01,Consumer,Device Protection,4870,Won
2023-10-29,CB-1003543,288.41,Consumer,Device Protection,4855,Lost
2023-10-29,CB-1003563,419.52,Wholesale,Bulk Voice,4870,Lost
2023-10-29,CB-1003564,565.50,Wholesale,Bulk Voice,7030,Lost
2023-10-29,CB-1003566,514.05,Wholesale,Bulk Voice,4870,Lost
2023-10-29,CB-1003596,383.53,Wholesale,IoT SIM,4863,Lost
2023-10-30,CB-1003446,586.48,Enterprise,Cloud Services,7030,Lost
2023-10-30,CB-1003466,506.06,Enterprise,Managed Support,4870,Open
2023-10-30,CB-1003472,362.86,Enterprise,Managed Support,4871,Lost
2023-10-30,CB-1003537,99.51,Consumer,Device Protection,4871,Lost
2023-10-30,CB-1003573,299.96,Wholesale,Partner Resale,4837,Lost
2023-10-30,CB-1003576,501.78,Wholesale,Partner Resale,4870,Lost
2023-10-30,CB-1003588,365.16,Wholesale,Partner Resale,4863,Lost
2023-10-31,CB-1003421,406.78,Enterprise,Cloud Services,4871,Lost
2023-10-31,CB-1003441,509.42,Enterprise,Cloud Services,7030,Lost
2023-10-31,CB-1003485,341.53,Enterprise,Platform API,4837,Lost
2023-10-31,CB-1003519,184.03,Consumer,Streaming Add-on,4863,Pending
2023-10-31,CB-1003524,165.70,Consumer,Streaming Add-on,4871,Pending
2023-10-31,CB-1003569,327.85,Wholesale,Bulk Voice,4870,Lost
2023-11-01,CB-1003622,737.06,Enterprise,Cloud Services,7030,Lost
2023-11-01,CB-1003624,267.66,Enterprise,Cloud Services,4863,Open
2023-11-01,CB-1003688,299.73,Consumer,Mobile Plans,4837,Won
2023-11-01,CB-1003714,175.24,Consumer,Streaming Add-on,4870,Lost
2023-11-01,CB-1003752,175.70,Wholesale,Bulk Voice,4871,Won
2023-11-02,CB-1003664,393.72,Enterprise,Platform API,4871,Open
2023-11-02,CB-1003669,262.80,Enterprise,Platform API,4871,Won
2023-11-02,CB-1003728,246.04,Consumer,Device Protection,4855,Won
2023-11-02,CB-1003737,292.67,Consumer,Device Protection,4837,Lost
2023-11-02,CB-1003745,615.67,Wholesale,Bulk Voice,4870,Lost
2023-11-02,CB-1003779,349.68,Wholesale,IoT SIM,4870,Pending
2023-11-03,CB-1003640,750.47,Enterprise,Managed Support,4870,Lost
2023-11-03,CB-1003685,285.50,Consumer,Mobile Plans,4870,Pending
2023-11-03,CB-1003754,356.49,Wholesale,Bulk Voice,4870,Open
2023-11-04,CB-1003634,899.59,Enterprise,Managed Support,7030,Lost
2023-11-04,CB-1003642,468.04,Enterprise,Managed Support,4863,Pending
2023-11-04,CB-1003678,188.52,Consumer,Mobile Plans,7030,Pending
2023-11-04,CB-1003730,199.87,Consumer,Device Protection,4871,Pending
2023-11-04,CB-1003751,481.27,Wholesale,Bulk Voice,4855,Won
2023-11-04,CB-1003758,205.13,Wholesale,Bulk Voice,4863,Open
2023-11-04,CB-1003780,246.88,Wholesale,IoT SIM,7030,Lost
2023-11-05,CB-1003604,272.43,Enterprise,Cloud Services,4837,Lost
2023-11-05,CB-1003612,342.41,Enterprise,Cloud Services,4837,Open
2023-11-05,CB-1003637,463.20,Enterprise,Managed Support,4871,Pending
2023-11-05,CB-1003641,485.62,Enterprise,Managed Support,7030,Won
2023-11-05,CB-1003660,435.73,Enterprise,Platform API,7030,Won
2023-11-05,CB-1003677,121.17,Consumer,Mobile Plans,4863,Lost
2023-11-05,CB-1003695,292.98,Consumer,Mobile Plans,4863,Won
2023-11-05,CB-1003710,149.01,Consumer,Streaming Add-on,4863,Won
2023-11-05,CB-1003748,324.05,Wholesale,Bulk Voice,4863,Pending
2023-11-05,CB-1003774,524.21,Wholesale,Partner Resale,4870,Lost
2023-11-06,CB-1003649,254.31,Enterprise,Managed Support,4871,Lost
2023-11-06,CB-1003702,114.76,Consumer,Mobile Plans,4863,Open
2023-11-06,CB-1003716,169.32,Consumer,Streaming Add-on,4855,Lost
2023-11-06,CB-1003781,196.60,Wholesale,IoT SIM,4855,Won
2023-11-07,CB-1003647,516.60,Enterprise,Managed Support,4871,Won
2023-11-07,CB-1003706,225.19,Consumer,Streaming Add-on,4871,Lost
2023-11-07,CB-1003726,170.26,Consumer,Device Protection,4871,Won
2023-11-07,CB-1003782,220.72,Wholesale,IoT SIM,4837,Lost
2023-11-07,CB-1003783,646.16,Wholesale,IoT SIM,7030,Pending
2023-11-08,CB-1003611,959.79,Enterprise,Cloud Services,7030,Won
2023-11-08,CB-1003623,602.27,Enterprise,Cloud Services,4855,Won
2023-11-08,CB-1003662,457.95,Enterprise,Platform API,4863,Won
2023-11-08,CB-1003675,438.61,Enterprise,Platform API,4855,Open
2023-11-08,CB-1003723,298.95,Consumer,Device Protection,4870,Lost
2023-11-08,CB-1003727,121.92,Consumer,Device Protection,4871,Open
2023-11-08,CB-1003739,662.78,Wholesale,Bulk Voice,7030,Lost
2023-11-08,CB-1003778,237.64,Wholesale,IoT SIM,4837,Won
2023-11-09,CB-1003616,520.85,Enterprise,Cloud Services,4855,Lost
2023-11-09,CB-1003636,775.18,Enterprise,Managed Support,4837,Open
2023-11-09,CB-1003644,411.58,Enterprise,Managed Support,4855,Won
2023-11-09,CB-1003650,601.63,Enterprise,Managed Support,4871,Pending
2023-11-09,CB-1003657,391.83,Enterprise,Platform API,4870,Lost
2023-11-10,CB-1003617,398.11,Enterprise,Cloud Services,4837,Pending
2023-11-10,CB-1003621,656.31,Enterprise,Cloud Services,7030,Pending
2023-11-10,CB-1003684,183.04,Consumer,Mobile Plans,7030,Lost
2023-11-11,CB-1003633,666.63,Enterprise,Managed Support,4837,Open
2023-11-11,CB-1003639,441.38,Enterprise,Managed Support,4855,Pending
2023-11-11,CB-1003667,484.59,Enterprise,Platform API,4863,Lost
2023-11-11,CB-1003671,355.53,Enterprise,Platform API,4863,Lost
2023-11-11,CB-1003683,291.97,Consumer,Mobile Plans,4870,Lost
2023-11-11,CB-1003699,122.20,Consumer,Mobile Plans,4871,Won
2023-11-11,CB-1003742,300.65,Wholesale,Bulk Voice,4855,Won
2023-11-11,CB-1003747,290.38,Wholesale,Bulk Voice,4871,Lost
2023-11-11,CB-1003759,391.64,Wholesale,Bulk Voice,4871,Lost
2023-11-11,CB-1003760,268.07,Wholesale,Partner Resale,4870,Won
2023-11-12,CB-1003613,290.04,Enterprise,Cloud Services,4870,Lost
2023-11-12,CB-1003673,479.89,Enterprise,Platform API,4863,Lost
2023-11-12,CB-1003679,112.90,Consumer,Mobile Plans,4855,Pending
2023-11-12,CB-1003708,225.91,Consumer,Streaming Add-on,7030,Won
2023-11-12,CB-1003715,334.35,Consumer,Streaming Add-on,4870,Pending
2023-11-12,CB-1003744,452.92,Wholesale,Bulk Voice,4855,Won
2023-11-13,CB-1003630,423.48,Enterprise,Cloud Services,4837,Won
2023-11-13,CB-1003632,416.47,Enterprise,Managed Support,4870,Pending
2023-11-13,CB-1003661,421.42,Enterprise,Platform API,4837,Lost
2023-11-13,CB-1003687,123.07,Consumer,Mobile Plans,4863,Open
2023-11-13,CB-1003741,480.79,Wholesale,Bulk Voice,4870,Pending
2023-11-13,CB-1003743,552.45,Wholesale,Bulk Voice,7030,Pending
2023-11-13,CB-1003767,579.49,Wholesale,Partner Resale,4870,Won
2023-11-13,CB-1003772,386.72,Wholesale,Partner Resale,4870,Lost
2023-11-13,CB-1003788,337.05,Wholesale,IoT SIM,4871,Lost
2023-11-14,CB-1003720,232.90,Consumer,Streaming Add-on,7030,Won
2023-11-14,CB-1003729,188.37,Consumer,Device Protection,4855,Pending
2023-11-14,CB-1003738,119.03,Consumer,Device Protection,4837,Lost
2023-11-14,CB-1003770,309.92,Wholesale,Partner Resale,4871,Lost
2023-11-15,CB-1003651,480.51,Enterprise,Managed Support,4855,Lost
2023-11-15,CB-1003659,357.05,Enterprise,Platform API,4871,Open
2023-11-15,CB-1003692,243.43,Consumer,Mobile Plans,4863,Won
2023-11-15,CB-1003734,131.73,Consumer,Device Protection,4871,Won
2023-11-15,CB-1003757,241.29,Wholesale,Bulk Voice,4871,Pending
2023-11-15,CB-1003764,313.44,Wholesale,Partner Resale,4855,Won
2023-11-16,CB-1003645,703.51,Enterprise,Managed Support,4837,Lost
2023-11-16,CB-1003663,309.13,Enterprise,Platform API,4871,Pending
2023-11-16,CB-1003746,285.60,Wholesale,Bulk Voice,4870,Won
2023-11-16,CB-1003761,205.40,Wholesale,Partner Resale,4837,Won
2023-11-17,CB-1003605,621.73,Enterprise,Cloud Services,4837,Won
2023-11-17,CB-1003681,138.10,Consumer,Mobile Plans,4871,Lost
2023-11-17,CB-1003691,130.32,Consumer,Mobile Plans,4863,Won
2023-11-17,CB-1003707,342.67,Consumer,Streaming Add-on,7030,Won
2023-11-17,CB-1003709,273.13,Consumer,Streaming Add-on,4863,Lost
2023-11-17,CB-1003713,164.56,Consumer,Streaming Add-on,4837,Lost
2023-11-18,CB-1003689,289.63,Consumer,Mobile Plans,4870,Lost
2023-11-18,CB-1003696,132.49,Consumer,Mobile Plans,4871,Open
2023-11-18,CB-1003697,96.59,Consumer,Mobile Plans,4871,Pending
2023-11-18,CB-1003732,160.86,Consumer,Device Protection,4871,Open
2023-11-18,CB-1003763,246.97,Wholesale,Partner Resale,4855,Lost
2023-11-18,CB-1003771,363.16,Wholesale,Partner Resale,4855,Lost
2023-11-19,CB-1003628,323.73,Enterprise,Cloud Services,4863,Won
2023-11-19,CB-1003646,291.01,Enterprise,Managed Support,4837,Lost
2023-11-19,CB-1003672,832.43,Enterprise,Platform API,7030,Lost
2023-11-19,CB-1003682,145.25,Consumer,Mobile Plans,4863,Won
2023-11-19,CB-1003704,192.93,Consumer,Mobile Plans,4870,Pending
2023-11-19,CB-1003725,216.52,Consumer,Device Protection,7030,Lost
2023-11-20,CB-1003606,698.77,Enterprise,Cloud Services,7030,Won
2023-11-20,CB-1003712,162.19,Consumer,Streaming Add-on,4871,Pending
2023-11-20,CB-1003733,167.49,Consumer,Device Protection,4871,Pending
2023-11-20,CB-1003766,290.04,Wholesale,Partner Resale,4863,Pending
2023-11-20,CB-1003776,431.74,Wholesale,IoT SIM,4837,Pending
2023-11-20,CB-1003784,421.09,Wholesale,IoT SIM,4871,Open
2023-11-21,CB-1003619,360.58,Enterprise,Cloud Services,4871,Lost
2023-11-21,CB-1003625,437.22,Enterprise,Cloud Services,4855,Lost
2023-11-21,CB-1003626,299.00,Enterprise,Cloud Services,4871,Won
2023-11-21,CB-1003705,137.99,Consumer,Mobile Plans,4855,Won
2023-11-22,CB-1003635,955.59,Enterprise,Managed Support,7030,Won
2023-11-22,CB-1003665,271.89,Enterprise,Platform API,4863,Pending
2023-11-22,CB-1003666,606.61,Enterprise,Platform API,4855,Won
2023-11-22,CB-1003721,124.40,Consumer,Device Protection,4871,Lost
2023-11-22,CB-1003722,218.69,Consumer,Device Protection,4855,Pending
2023-11-22,CB-1003753,236.13,Wholesale,Bulk Voice,4863,Lost
2023-11-22,CB-1003777,507.62,Wholesale,IoT SIM,4870,Lost
2023-11-22,CB-1003785,237.42,Wholesale,IoT SIM,4871,Pending
2023-11-23,CB-1003610,707.00,Enterprise,Cloud Services,7030,Pending
2023-11-23,CB-1003618,219.89,Enterprise,Cloud Services,4871,Pending
2023-11-23,CB-1003643,615.33,Enterprise,Managed Support,4855,Won
2023-11-23,CB-1003740,214.11,Wholesale,Bulk Voice,4863,Lost
2023-11-23,CB-1003768,485.03,Wholesale,Partner Resale,4855,Won
2023-11-23,CB-1003773,372.43,Wholesale,Partner Resale,4855,Won
2023-11-23,CB-1003775,367.84,Wholesale,Partner Resale,4870,Won
2023-11-23,CB-1003786,292.57,Wholesale,IoT SIM,4855,Lost
2023-11-24,CB-1003614,516.26,Enterprise,Cloud Services,4855,Won
2023-11-24,CB-1003629,663.46,Enterprise,Cloud Services,4863,Won
2023-11-24,CB-1003654,490.40,Enterprise,Managed Support,4855,Pending
2023-11-24,CB-1003668,406.50,Enterprise,Platform API,4870,Lost
2023-11-24,CB-1003680,114.30,Consumer,Mobile Plans,4871,Pending
2023-11-24,CB-1003690,120.78,Consumer,Mobile Plans,4855,Lost
2023-11-24,CB-1003719,218.28,Consumer,Streaming Add-on,4870,Won
2023-11-24,CB-1003724,173.82,Consumer,Device Protection,4863,Open
2023-11-25,CB-1003627,541.07,Enterprise,Cloud Services,4863,Won
2023-11-25,CB-1003638,796.32,Enterprise,Managed Support,7030,Pending
2023-11-25,CB-1003652,823.74,Enterprise,Managed Support,7030,Won
2023-11-25,CB-1003686,352.50,Consumer,Mobile Plans,7030,Lost
2023-11-25,CB-1003698,330.50,Consumer,Mobile Plans,4837,Won
2023-11-25,CB-1003700,179.42,Consumer,Mobile Plans,4871,Pending
2023-11-25,CB-1003718,160.43,Consumer,Streaming Add-on,4863,Won
2023-11-25,CB-1003731,260.83,Consumer,Device Protection,4855,Won
2023-11-25,CB-1003736,173.33,Consumer,Device Protection,4837,Lost
2023-11-25,CB-1003756,187.27,Wholesale,Bulk Voice,4855,Pending
2023-11-26,CB-1003609,627.02,Enterprise,Cloud Services,7030,Lost
2023-11-26,CB-1003648,485.93,Enterprise,Managed Support,7030,Lost
2023-11-26,CB-1003674,345.08,Enterprise,Platform API,7030,Pending
2023-11-26,CB-1003765,309.57,Wholesale,Partner Resale,7030,Lost
2023-11-27,CB-1003620,573.02,Enterprise,Cloud Services,4855,Open
2023-11-27,CB-1003670,444.11,Enterprise,Platform API,4870,Pending
2023-11-27,CB-1003694,177.77,Consumer,Mobile Plans,4870,Pending
2023-11-27,CB-1003750,212.56,Wholesale,Bulk Voice,4837,Lost
2023-11-28,CB-1003615,450.88,Enterprise,Cloud Services,7030,Won
2023-11-28,CB-1003631,620.90,Enterprise,Managed Support,4870,Open
2023-11-28,CB-1003703,114.61,Consumer,Mobile Plans,4871,Pending
2023-11-29,CB-1003607,385.37,Enterprise,Cloud Services,4863,Won
2023-11-29,CB-1003608,485.68,Enterprise,Cloud Services,4863,Lost
2023-11-29,CB-1003656,372.40,Enterprise,Platform API,4855,Pending
2023-11-29,CB-1003658,459.20,Enterprise,Platform API,4863,Pending
2023-11-29,CB-1003676,233.88,Consumer,Mobile Plans,4870,Lost
2023-11-29,CB-1003693,423.75,Consumer,Mobile Plans,7030,Lost
2023-11-29,CB-1003717,270.56,Consumer,Streaming Add-on,4837,Lost
2023-11-29,CB-1003735,228.54,Consumer,Device Protection,7030,Open
2023-11-29,CB-1003755,443.97,Wholesale,Bulk Voice,4863,Won
2023-11-29,CB-1003787,383.94,Wholesale,IoT SIM,4837,Lost
2023-11-30,CB-1003653,456.37,Enterprise,Managed Support,4837,Won
2023-11-30,CB-1003655,271.36,Enterprise,Managed Support,4837,Lost
2023-11-30,CB-1003701,132.72,Consumer,Mobile Plans,4870,Won
2023-11-30,CB-1003711,368.60,Consumer,Streaming Add-on,4870,Won
2023-11-30,CB-1003749,464.53,Wholesale,Bulk Voice,4870,Won
2023-11-30,CB-1003762,210.29,Wholesale,Partner Resale,4863,Lost
2023-11-30,CB-1003769,472.91,Wholesale,Partner Resale,4863,Open
2023-12-01,CB-1003827,489.21,Enterprise,Managed Support,4871,Open
2023-12-01,CB-1003828,647.03,Enterprise,Managed Support,4837,Pending
2023-12-01,CB-1003850,788.26,Enterprise,Platform API,7030,Pending
2023-12-01,CB-1003905,173.97,Consumer,Streaming Add-on,4863,Open
2023-12-01,CB-1003909,237.96,Consumer,Streaming Add-on,4855,Lost
2023-12-01,CB-1003928,151.49,Consumer,Device Protection,7030,Won
2023-12-01,CB-1003938,228.84,Wholesale,Bulk Voice,4837,Won
2023-12-01,CB-1003970,213.57,Wholesale,Partner Resale,4837,Open
2023-12-01,CB-1003988,538.02,Wholesale,IoT SIM,4837,Pending
2023-12-02,CB-1003842,411.28,Enterprise,Managed Support,4871,Won
2023-12-02,CB-1003847,344.27,Enterprise,Managed Support,4863,Pending
2023-12-02,CB-1003886,221.76,Consumer,Mobile Plans,4837,Won
2023-12-02,CB-1003902,181.80,Consumer,Streaming Add-on,4855,Lost
2023-12-02,CB-1003932,286.79,Consumer,Device Protection,4870,Pending
2023-12-02,CB-1003954,258.69,Wholesale,Bulk Voice,4863,Won
2023-12-03,CB-1003806,393.03,Enterprise,Cloud Services,4837,Won
2023-12-03,CB-1003860,482.23,Enterprise,Platform API,4855,Won
2023-12-03,CB-1003927,242.79,Consumer,Device Protection,4871,Lost
2023-12-03,CB-1003943,605.60,Wholesale,Bulk Voice,7030,Open
2023-12-03,CB-1003981,327.90,Wholesale,IoT SIM,4837,Pending
2023-12-04,CB-1003795,482.01,Enterprise,Cloud Services,4837,Lost
2023-12-04,CB-1003811,287.48,Enterprise,Cloud Services,4855,Won
2023-12-04,CB-1003825,257.94,Enterprise,Managed Support,4863,Won
2023-12-04,CB-1003868,271.49,Consumer,Mobile Plans,4863,Pending
2023-12-04,CB-1003910,173.36,Consumer,Streaming Add-on,4855,Lost
2023-12-04,CB-1003916,185.38,Consumer,Streaming Add-on,4870,Won
2023-12-04,CB-1003925,242.61,Consumer,Device Protection,4870,Lost
2023-12-04,CB-1003978,241.28,Wholesale,Partner Resale,4837,Won
2023-12-04,CB-1003992,490.51,Wholesale,IoT SIM,4863,Won
2023-12-05,CB-1003807,647.23,Enterprise,Cloud Services,4855,Pending
2023-12-05,CB-1003863,398.29,Enterprise,Platform API,4871,Won
2023-12-05,CB-1003872,318.23,Consumer,Mobile Plans,7030,Open
2023-12-05,CB-1003889,308.88,Consumer,Mobile Plans,4863,Lost
2023-12-05,CB-1003901,148.82,Consumer,Streaming Add-on,4870,Won
2023-12-05,CB-1003934,210.01,Consumer,Device Protection,4871,Lost
2023-12-05,CB-1003936,142.83,Consumer,Device Protection,4855,Lost
2023-12-05,CB-1003962,369.70,Wholesale,Partner Resale,4863,Open
2023-12-05,CB-1003965,323.89,Wholesale,Partner Resale,4855,Won
2023-12-05,CB-1003987,319.09,Wholesale,IoT SIM,4870,Lost
2023-12-06,CB-1003792,560.32,Enterprise,Cloud Services,4855,Won
2023-12-06,CB-1003798,430.08,Enterprise,Cloud Services,4863,Won
2023-12-06,CB-1003867,175.02,Consumer,Mobile Plans,4863,Lost
2023-12-06,CB-1003874,133.93,Consumer,Mobile Plans,4870,Lost
2023-12-06,CB-1003877,172.52,Consumer,Mobile Plans,4863,Won
2023-12-06,CB-1003887,163.15,Consumer,Mobile Plans,4837,Open
2023-12-06,CB-1003888,346.25,Consumer,Mobile Plans,4870,Won
2023-12-06,CB-1003930,232.74,Consumer,Device Protection,4871,Won
2023-12-07,CB-1003854,443.48,Enterprise,Platform API,4870,Pending
2023-12-07,CB-1003862,905.42,Enterprise,Platform API,7030,Won
2023-12-07,CB-1003948,428.73,Wholesale,Bulk Voice,4837,Pending
2023-12-07,CB-1003971,428.11,Wholesale,Partner Resale,4871,Won
2023-12-07,CB-1003975,422.92,Wholesale,Partner Resale,4855,Pending
2023-12-08,CB-1003815,393.46,Enterprise,Cloud Services,4863,Won
2023-12-08,CB-1003865,334.81,Enterprise,Platform API,4863,Won
2023-12-08,CB-1003876,281.59,Consumer,Mobile Plans,4855,Lost
2023-12-08,CB-1003918,242.67,Consumer,Device Protection,7030,Lost
2023-12-08,CB-1003937,116.16,Consumer,Device Protection,4871,Won
2023-12-08,CB-1003958,460.64,Wholesale,Bulk Voice,7030,Won
2023-12-08,CB-1003972,538.94,Wholesale,Partner Resale,7030,Won
2023-12-09,CB-1003794,671.39,Enterprise,Cloud Services,4870,Won
2023-12-09,CB-1003823,210.25,Enterprise,Cloud Services,4871,Won
2023-12-09,CB-1003841,871.18,Enterprise,Managed Support,7030,Won
2023-12-09,CB-1003848,260.84,Enterprise,Managed Support,4855,Won
2023-12-09,CB-1003870,121.50,Consumer,Mobile Plans,4855,Pending
2023-12-09,CB-1003883,113.95,Consumer,Mobile Plans,4863,Lost
2023-12-09,CB-1003982,222.93,Wholesale,IoT SIM,4871,Won
2023-12-10,CB-1003813,506.23,Enterprise,Cloud Services,4855,Lost
2023-12-10,CB-1003826,413.60,Enterprise,Managed Support,4871,Won
2023-12-10,CB-1003861,355.31,Enterprise,Platform API,4837,Lost
2023-12-10,CB-1003880,375.72,Consumer,Mobile Plans,7030,Open
2023-12-10,CB-1003881,275.23,Consumer,Mobile Plans,4837,Won
2023-12-10,CB-1003969,412.12,Wholesale,Partner Resale,4855,Won
2023-12-10,CB-1003984,320.88,Wholesale,IoT SIM,4871,Won
2023-12-10,CB-1003991,436.29,Wholesale,IoT SIM,4871,Lost
2023-12-10,CB-1003994,406.81,Wholesale,IoT SIM,4855,Won
2023-12-11,CB-1003793,340.70,Enterprise,Cloud Services,4863,Won
2023-12-11,CB-1003797,390.79,Enterprise,Cloud Services,4837,Pending
2023-12-11,CB-1003820,310.77,Enterprise,Cloud Services,4863,Pending
2023-12-11,CB-1003824,452.01,Enterprise,Cloud Services,4837,Lost
2023-12-11,CB-1003834,624.51,Enterprise,Managed Support,4870,Won
2023-12-11,CB-1003859,829.39,Enterprise,Platform API,7030,Won
2023-12-11,CB-1003882,234.91,Consumer,Mobile Plans,4871,Won
2023-12-11,CB-1003892,255.54,Consumer,Mobile Plans,4863,Open
2023-12-11,CB-1003895,222.73,Consumer,Mobile Plans,4855,Open
2023-12-11,CB-1003912,187.99,Consumer,Streaming Add-on,4837,Lost
2023-12-11,CB-1003953,362.92,Wholesale,Bulk Voice,4837,Won
2023-12-11,CB-1003983,274.36,Wholesale,IoT SIM,4871,Won
2023-12-11,CB-1003986,568.01,Wholesale,IoT SIM,4870,Lost
2023-12-12,CB-1003844,445.48,Enterprise,Managed Support,4870,Lost
2023-12-12,CB-1003884,203.38,Consumer,Mobile Plans,4837,Open
2023-12-12,CB-1003929,319.54,Consumer,Device Protection,4870,Open
2023-12-12,CB-1003951,265.24,Wholesale,Bulk Voice,4870,Won
2023-12-12,CB-1003956,255.72,Wholesale,Bulk Voice,4863,Pending
2023-12-12,CB-1003990,387.87,Wholesale,IoT SIM,4870,Lost
2023-12-12,CB-1003996,223.60,Wholesale,IoT SIM,4871,Won
2023-12-13,CB-1003791,507.15,Enterprise,Cloud Services,4863,Won
2023-12-13,CB-1003801,675.42,Enterprise,Cloud Services,7030,Won
2023-12-13,CB-1003821,957.19,Enterprise,Cloud Services,7030,Won
2023-12-13,CB-1003822,385.68,Enterprise,Cloud Services,4837,Open
2023-12-13,CB-1003853,932.61,Enterprise,Platform API,7030,Won
2023-12-13,CB-1003879,248.63,Consumer,Mobile Plans,4863,Lost
2023-12-13,CB-1003917,352.34,Consumer,Streaming Add-on,4870,Won
2023-12-13,CB-1003966,361.65,Wholesale,Partner Resale,4871,Open
2023-12-13,CB-1003995,543.31,Wholesale,IoT SIM,7030,Won
2023-12-14,CB-1003864,694.93,Enterprise,Platform API,4863,Lost
2023-12-14,CB-1003907,121.33,Consumer,Streaming Add-on,4855,Won
2023-12-14,CB-1003941,308.61,Wholesale,Bulk Voice,4863,Lost
2023-12-14,CB-1003947,218.83,Wholesale,Bulk Voice,4855,Open
2023-12-15,CB-1003802,412.94,Enterprise,Cloud Services,4855,Lost
2023-12-15,CB-1003906,211.70,Consumer,Streaming Add-on,4855,Won
2023-12-16,CB-1003804,421.64,Enterprise,Cloud Services,4871,Open
2023-12-16,CB-1003843,429.09,Enterprise,Managed Support,4855,Lost
2023-12-16,CB-1003846,460.35,Enterprise,Managed Support,7030,Open
2023-12-16,CB-1003856,399.31,Enterprise,Platform API,4855,Open
2023-12-16,CB-1003858,392.09,Enterprise,Platform API,4837,Pending
2023-12-16,CB-1003891,193.67,Consumer,Mobile Plans,4855,Lost
2023-12-16,CB-1003903,203.44,Consumer,Streaming Add-on,4870,Lost
2023-12-16,CB-1003921,186.87,Consumer,Device Protection,4871,Won
2023-12-16,CB-1003922,224.37,Consumer,Device Protection,4863,Won
2023-12-16,CB-1003942,397.52,Wholesale,Bulk Voice,4855,Lost
2023-12-16,CB-1003964,534.63,Wholesale,Partner Resale,4863,Lost
2023-12-17,CB-1003796,332.25,Enterprise,Cloud Services,4837,Won
2023-12-17,CB-1003838,329.33,Enterprise,Managed Support,7030,Won
2023-12-17,CB-1003849,747.07,Enterprise,Platform API,4837,Lost
2023-12-17,CB-1003908,193.93,Consumer,Streaming Add-on,4871,Lost
2023-12-17,CB-1003959,263.08,Wholesale,Bulk Voice,4837,Lost
2023-12-17,CB-1003968,383.44,Wholesale,Partner Resale,4863,Pending
2023-12-17,CB-1003979,383.72,Wholesale,Partner Resale,4863,Open
2023-12-18,CB-1003830,414.43,Enterprise,Managed Support,4855,Open
2023-12-18,CB-1003833,393.00,Enterprise,Managed Support,4870,Won
2023-12-18,CB-1003845,496.03,Enterprise,Managed Support,4855,Pending
2023-12-18,CB-1003871,329.89,Consumer,Mobile Plans,4837,Lost
2023-12-18,CB-1003875,250.34,Consumer,Mobile Plans,4870,Pending
2023-12-18,CB-1003893,91.43,Consumer,Mobile Plans,4871,Won
2023-12-19,CB-1003790,722.31,Enterprise,Cloud Services,7030,Pending
2023-12-19,CB-1003835,704.33,Enterprise,Managed Support,4870,Won
2023-12-19,CB-1003855,362.19,Enterprise,Platform API,4855,Lost
2023-12-19,CB-1003866,885.37,Enterprise,Platform API,7030,Won
2023-12-19,CB-1003914,137.10,Consumer,Streaming Add-on,4870,Lost
2023-12-19,CB-1003939,388.23,Wholesale,Bulk Voice,4855,Pending
2023-12-20,CB-1003799,644.12,Enterprise,Cloud Services,4870,Open
2023-12-20,CB-1003803,413.00,Enterprise,Cloud Services,4837,Pending
2023-12-20,CB-1003810,529.70,Enterprise,Cloud Services,7030,Lost
2023-12-20,CB-1003894,118.52,Consumer,Mobile Plans,4871,Lost
2023-12-20,CB-1003896,215.31,Consumer,Mobile Plans,4871,Lost
2023-12-20,CB-1003897,220.32,Consumer,Streaming Add-on,4871,Pending
2023-12-20,CB-1003899,212.24,Consumer,Streaming Add-on,4855,Won
2023-12-20,CB-1003915,253.05,Consumer,Streaming Add-on,7030,Pending
2023-12-20,CB-1003933,173.57,Consumer,Device Protection,4871,Won
2023-12-21,CB-1003812,406.73,Enterprise,Cloud Services,4871,Open
2023-12-21,CB-1003832,340.72,Enterprise,Managed Support,7030,Lost
2023-12-21,CB-1003923,300.21,Consumer,Device Protection,7030,Lost
2023-12-21,CB-1003931,119.41,Consumer,Device Protection,4855,Lost
2023-12-21,CB-1003967,460.86,Wholesale,Partner Resale,4837,Lost
2023-12-21,CB-1003976,389.90,Wholesale,Partner Resale,4863,Won
2023-12-21,CB-1003977,583.12,Wholesale,Partner Resale,4870,Won
2023-12-22,CB-1003885,199.86,Consumer,Mobile Plans,4837,Lost
2023-12-22,CB-1003920,340.22,Consumer,Device Protection,7030,Lost
2023-12-22,CB-1003924,313.88,Consumer,Device Protection,4863,Lost
2023-12-22,CB-1003944,247.78,Wholesale,Bulk Voice,4871,Won
2023-12-22,CB-1003945,330.07,Wholesale,Bulk Voice,7030,Open
2023-12-23,CB-1003800,467.19,Enterprise,Cloud Services,4871,Won
2023-12-23,CB-1003851,835.79,Enterprise,Platform API,7030,Pending
2023-12-23,CB-1003919,173.41,Consumer,Device Protection,4871,Won
2023-12-24,CB-1003840,728.12,Enterprise,Managed Support,4870,Lost
2023-12-24,CB-1003869,184.24,Consumer,Mobile Plans,4855,Won
2023-12-24,CB-1003913,202.80,Consumer,Streaming Add-on,4871,Won
2023-12-24,CB-1003950,175.28,Wholesale,Bulk Voice,4855,Pending
2023-12-24,CB-1003973,686.05,Wholesale,Partner Resale,7030,Open
2023-12-25,CB-1003898,412.76,Consumer,Streaming Add-on,7030,Pending
2023-12-25,CB-1003957,268.84,Wholesale,Bulk Voice,4837,Lost
2023-12-25,CB-1003974,328.53,Wholesale,Partner Resale,4871,Won
2023-12-26,CB-1003809,626.65,Enterprise,Cloud Services,4837,Lost
2023-12-26,CB-1003816,568.77,Enterprise,Cloud Services,4855,Won
2023-12-26,CB-1003831,520.64,Enterprise,Managed Support,4837,Pending
2023-12-26,CB-1003836,331.88,Enterprise,Managed Support,4863,Pending
2023-12-26,CB-1003890,100.23,Consumer,Mobile Plans,4855,Won
2023-12-27,CB-1003789,380.26,Enterprise,Cloud Services,7030,Open
2023-12-27,CB-1003808,663.24,Enterprise,Cloud Services,4837,Pending
2023-12-27,CB-1003819,510.25,Enterprise,Cloud Services,4871,Won
2023-12-27,CB-1003829,667.70,Enterprise,Managed Support,4863,Open
2023-12-27,CB-1003904,230.17,Consumer,Streaming Add-on,4870,Won
2023-12-27,CB-1003926,182.10,Consumer,Device Protection,4863,Won
2023-12-27,CB-1003963,343.92,Wholesale,Partner Resale,4855,Lost
2023-12-28,CB-1003837,463.69,Enterprise,Managed Support,7030,Lost
2023-12-28,CB-1003839,887.27,Enterprise,Managed Support,7030,Won
2023-12-28,CB-1003852,467.68,Enterprise,Platform API,7030,Lost
2023-12-28,CB-1003857,600.23,Enterprise,Platform API,4863,Lost
2023-12-28,CB-1003873,188.34,Consumer,Mobile Plans,4855,Lost
2023-12-28,CB-1003878,204.47,Consumer,Mobile Plans,4855,Won
2023-12-28,CB-1003961,338.51,Wholesale,Partner Resale,7030,Lost
2023-12-28,CB-1003989,271.78,Wholesale,IoT SIM,4863,Lost
2023-12-28,CB-1003993,231.04,Wholesale,IoT SIM,4863,Open
2023-12-29,CB-1003805,365.20,Enterprise,Cloud Services,4855,Lost
2023-12-29,CB-1003817,590.40,Enterprise,Cloud Services,4870,Won
2023-12-29,CB-1003935,153.78,Consumer,Device Protection,4871,Lost
2023-12-29,CB-1003946,564.08,Wholesale,Bulk Voice,4837,Open
2023-12-29,CB-1003985,254.53,Wholesale,IoT SIM,4855,Open
2023-12-30,CB-1003940,298.16,Wholesale,Bulk Voice,4855,Won
2023-12-30,CB-1003949,186.04,Wholesale,Bulk Voice,4863,Won
2023-12-30,CB-1003952,253.11,Wholesale,Bulk Voice,4871,Won
2023-12-31,CB-1003814,867.67,Enterprise,Cloud Services,7030,Won
2023-12-31,CB-1003818,525.80,Enterprise,Cloud Services,4870,Lost
2023-12-31,CB-1003900,204.25,Consumer,Streaming Add-on,4863,Won
2023-12-31,CB-1003911,158.65,Consumer,Streaming Add-on,7030,Pending
2023-12-31,CB-1003955,403.81,Wholesale,Bulk Voice,4871,Won
2023-12-31,CB-1003960,288.73,Wholesale,Partner Resale,4855,Open
2023-12-31,CB-1003980,196.93,Wholesale,IoT SIM,4871,Open
2024-01-01,CB-1004029,834.09,Enterprise,Managed Support,4870,Won
2024-01-01,CB-1004064,256.18,Consumer,Mobile Plans,7030,Won
2024-01-01,CB-1004066,244.79,Consumer,Mobile Plans,7030,Open
2024-01-02,CB-1004049,469.45,Enterprise,Platform API,4863,Lost
2024-01-02,CB-1004051,506.73,Enterprise,Platform API,4863,Open
2024-01-02,CB-1004068,263.61,Consumer,Mobile Plans,4837,Pending
2024-01-02,CB-1004070,261.51,Consumer,Mobile Plans,4855,Won
2024-01-02,CB-1004087,340.24,Consumer,Streaming Add-on,4837,Won
2024-01-02,CB-1004094,140.43,Consumer,Device Protection,4837,Lost
2024-01-02,CB-1004097,232.96,Consumer,Device Protection,7030,Pending
2024-01-02,CB-1004146,512.33,Wholesale,IoT SIM,7030,Won
2024-01-03,CB-1004002,844.65,Enterprise,Cloud Services,4870,Pending
2024-01-03,CB-1004024,330.05,Enterprise,Managed Support,4863,Won
2024-01-03,CB-1004060,257.22,Consumer,Mobile Plans,4837,Won
2024-01-03,CB-1004061,126.51,Consumer,Mobile Plans,4871,Lost
2024-01-03,CB-1004102,331.98,Consumer,Device Protection,4837,Pending
2024-01-04,CB-1004083,380.91,Consumer,Streaming Add-on,7030,Won
2024-01-04,CB-1004107,131.20,Consumer,Device Protection,4870,Pending
2024-01-04,CB-1004149,557.26,Wholesale,IoT SIM,7030,Lost
2024-01-05,CB-1004039,441.32,Enterprise,Managed Support,4855,Lost
2024-01-05,CB-1004088,342.80,Consumer,Streaming Add-on,7030,Pending
2024-01-05,CB-1004095,185.07,Consumer,Device Protection,4837,Won
2024-01-05,CB-1004109,182.53,Wholesale,Bulk Voice,4871,Pending
2024-01-05,CB-1004115,406.09,Wholesale,Bulk Voice,4863,Pending
2024-01-06,CB-1004014,424.99,Enterprise,Cloud Services,4863,Lost
2024-01-06,CB-1004023,309.96,Enterprise,Managed Support,4855,Pending
2024-01-06,CB-1004048,485.98,Enterprise,Platform API,4855,Won
2024-01-07,CB-1003998,525.63,Enterprise,Cloud Services,4837,Won
2024-01-07,CB-1004007,579.04,Enterprise,Cloud Services,4837,Won
2024-01-07,CB-1004123,567.83,Wholesale,Bulk Voice,4870,Pending
2024-01-07,CB-1004129,305.09,Wholesale,Partner Resale,4855,Won
2024-01-07,CB-1004145,566.54,Wholesale,IoT SIM,4870,Won
2024-01-08,CB-1004034,435.21,Enterprise,Managed Support,4837,Pending
2024-01-08,CB-1004062,184.97,Consumer,Mobile Plans,4855,Lost
2024-01-09,CB-1004033,366.76,Enterprise,Managed Support,4871,Pending
2024-01-09,CB-1004040,399.63,Enterprise,Managed Support,4870,Won
2024-01-09,CB-1004052,569.84,Enterprise,Platform API,4870,Lost
2024-01-09,CB-1004074,195.60,Consumer,Mobile Plans,4837,Won
2024-01-09,CB-1004078,193.03,Consumer,Mobile Plans,4870,Won
2024-01-09,CB-1004106,212.89,Consumer,Device Protection,4837,Lost
2024-01-10,CB-1004009,478.06,Enterprise,Cloud Services,4863,Pending
2024-01-10,CB-1004011,367.40,Enterprise,Cloud Services,4870,Open
2024-01-10,CB-1004054,944.78,Enterprise,Platform API,7030,Won
2024-01-10,CB-1004065,341.28,Consumer,Mobile Plans,7030,Won
2024-01-10,CB-1004136,215.43,Wholesale,Partner Resale,4837,Won
2024-01-11,CB-1004020,458.25,Enterprise,Cloud Services,7030,Won
2024-01-11,CB-1004089,202.29,Consumer,Streaming Add-on,4863,Lost
2024-01-11,CB-1004092,135.96,Consumer,Device Protection,4870,Lost
2024-01-11,CB-1004100,157.07,Consumer,Device Protection,7030,Won
2024-01-12,CB-1004003,505.77,Enterprise,Cloud Services,4871,Lost
2024-01-12,CB-1004013,410.83,Enterprise,Cloud Services,7030,Won
2024-01-12,CB-1004098,120.62,Consumer,Device Protection,4855,Won
2024-01-12,CB-1004101,259.52,Consumer,Device Protection,4863,Won
2024-01-12,CB-1004108,236.24,Consumer,Device Protection,4855,Won
2024-01-12,CB-1004138,316.36,Wholesale,Partner Resale,4837,Lost
2024-01-13,CB-1004069,264.40,Consumer,Mobile Plans,4870,Won
2024-01-13,CB-1004110,190.89,Wholesale,Bulk Voice,4855,Lost
2024-01-13,CB-1004133,319.05,Wholesale,Partner Resale,4837,Won
2024-01-14,CB-1004005,487.96,Enterprise,Cloud Services,4871,Won
2024-01-14,CB-1004015,472.25,Enterprise,Cloud Services,4863,Open
2024-01-14,CB-1004021,791.25,Enterprise,Managed Support,4837,Pending
2024-01-14,CB-1004038,790.53,Enterprise,Managed Support,7030,Won
2024-01-14,CB-1004042,568.13,Enterprise,Platform API,7030,Lost
2024-01-14,CB-1004096,145.97,Consumer,Device Protection,7030,Won
2024-01-14,CB-1004120,367.26,Wholesale,Bulk Voice,4863,Won
2024-01-14,CB-1004121,196.81,Wholesale,Bulk Voice,4837,Won
2024-01-14,CB-1004144,428.95,Wholesale,IoT SIM,4855,Pending
2024-01-15,CB-1004016,651.58,Enterprise,Cloud Services,7030,Lost
2024-01-15,CB-1004031,436.38,Enterprise,Managed Support,4871,Won
2024-01-15,CB-1004077,226.38,Consumer,Mobile Plans,4837,Pending
2024-01-15,CB-1004142,657.88,Wholesale,IoT SIM,7030,Open
2024-01-16,CB-1004093,175.38,Consumer,Device Protection,4855,Lost
2024-01-16,CB-1004141,450.89,Wholesale,IoT SIM,4863,Won
2024-01-16,CB-1004150,396.91,Wholesale,IoT SIM,4855,Open
2024-01-17,CB-1004012,779.07,Enterprise,Cloud Services,4837,Won
2024-01-17,CB-1004025,754.40,Enterprise,Managed Support,7030,Won
2024-01-17,CB-1004047,699.12,Enterprise,Platform API,4863,Lost
2024-01-17,CB-1004071,205.44,Consumer,Mobile Plans,4855,Lost
2024-01-17,CB-1004080,176.59,Consumer,Streaming Add-on,4855,Open
2024-01-17,CB-1004112,444.73,Wholesale,Bulk Voice,4837,Won
2024-01-17,CB-1004124,403.36,Wholesale,Bulk Voice,4863,Pending
2024-01-17,CB-1004135,442.74,Wholesale,Partner Resale,4837,Lost
2024-01-17,CB-1004143,673.83,Wholesale,IoT SIM,7030,Lost
2024-01-18,CB-1004036,457.77,Enterprise,Managed Support,4871,Won
2024-01-18,CB-1004075,246.07,Consumer,Mobile Plans,4871,Lost
2024-01-18,CB-1004137,202.32,Wholesale,Partner Resale,4871,Open
2024-01-19,CB-1004001,661.92,Enterprise,Cloud Services,4863,Lost
2024-01-19,CB-1004018,878.64,Enterprise,Cloud Services,7030,Lost
2024-01-19,CB-1004019,807.79,Enterprise,Cloud Services,7030,Won
2024-01-19,CB-1004041,596.07,Enterprise,Platform API,7030,Won
2024-01-19,CB-1004046,342.94,Enterprise,Platform API,4870,Won
2024-01-19,CB-1004055,505.69,Enterprise,Platform API,4870,Pending
2024-01-19,CB-1004058,205.84,Consumer,Mobile Plans,4871,Pending
2024-01-19,CB-1004091,290.65,Consumer,Streaming Add-on,4863,Won
2024-01-19,CB-1004099,187.64,Consumer,Device Protection,4870,Won
2024-01-19,CB-1004147,276.86,Wholesale,IoT SIM,4871,Lost
2024-01-20,CB-1004008,420.83,Enterprise,Cloud Services,4863,Open
2024-01-20,CB-1004084,362.10,Consumer,Streaming Add-on,7030,Won
2024-01-20,CB-1004119,360.05,Wholesale,Bulk Voice,4870,Lost
2024-01-20,CB-1004122,163.45,Wholesale,Bulk Voice,4855,Lost
2024-01-20,CB-1004125,513.07,Wholesale,Bulk Voice,4863,Pending
2024-01-20,CB-1004130,247.70,Wholesale,Partner Resale,4870,Open
2024-01-21,CB-1004035,366.36,Enterprise,Managed Support,4837,Lost
2024-01-21,CB-1004050,725.96,Enterprise,Platform API,4870,Pending
2024-01-22,CB-1004026,334.23,Enterprise,Managed Support,4871,Pending
2024-01-22,CB-1004043,677.13,Enterprise,Platform API,4863,Lost
2024-01-22,CB-1004086,173.80,Consumer,Streaming Add-on,4855,Pending
2024-01-22,CB-1004127,427.58,Wholesale,Partner Resale,4855,Won
2024-01-22,CB-1004134,557.34,Wholesale,Partner Resale,4837,Won
2024-01-22,CB-1004139,394.94,Wholesale,Partner Resale,4855,Won
2024-01-23,CB-1004032,308.59,Enterprise,Managed Support,4870,Lost
2024-01-23,CB-1004063,180.48,Consumer,Mobile Plans,4863,Lost
2024-01-23,CB-1004072,217.75,Consumer,Mobile Plans,4870,Lost
2024-01-23,CB-1004081,198.94,Consumer,Streaming Add-on,4837,Pending
2024-01-23,CB-1004116,650.81,Wholesale,Bulk Voice,7030,Lost
2024-01-23,CB-1004132,273.56,Wholesale,Partner Resale,4870,Won
2024-01-24,CB-1004010,608.33,Enterprise,Cloud Services,4870,Open
2024-01-24,CB-1004027,810.82,Enterprise,Managed Support,4870,Pending
2024-01-24,CB-1004053,343.85,Enterprise,Platform API,4855,Pending
2024-01-24,CB-1004079,175.56,Consumer,Mobile Plans,7030,Won
2024-01-24,CB-1004085,153.97,Consumer,Streaming Add-on,4871,Lost
2024-01-24,CB-1004148,367.59,Wholesale,IoT SIM,4837,Lost
2024-01-25,CB-1004090,220.45,Consumer,Streaming Add-on,4871,Won
2024-01-25,CB-1004114,276.26,Wholesale,Bulk Voice,4837,Lost
2024-01-25,CB-1004140,283.16,Wholesale,IoT SIM,7030,Pending
2024-01-26,CB-1004004,260.37,Enterprise,Cloud Services,4871,Lost
2024-01-26,CB-1004067,105.02,Consumer,Mobile Plans,4871,Open
2024-01-26,CB-1004076,411.68,Consumer,Mobile Plans,7030,Won
2024-01-26,CB-1004103,427.24,Consumer,Device Protection,7030,Won
2024-01-26,CB-1004118,479.19,Wholesale,Bulk Voice,7030,Won
2024-01-27,CB-1004017,617.52,Enterprise,Cloud Services,7030,Won
2024-01-27,CB-1004128,299.84,Wholesale,Partner Resale,4837,Lost
2024-01-28,CB-1003999,406.90,Enterprise,Cloud Services,4855,Lost
2024-01-28,CB-1004000,689.74,Enterprise,Cloud Services,4870,Open
2024-01-28,CB-1004022,414.95,Enterprise,Managed Support,4837,Won
2024-01-28,CB-1004037,579.49,Enterprise,Managed Support,7030,Open
2024-01-28,CB-1004104,193.89,Consumer,Device Protection,7030,Lost
2024-01-28,CB-1004126,379.45,Wholesale,Bulk Voice,4863,Lost
2024-01-29,CB-1004006,581.81,Enterprise,Cloud Services,4837,Lost
2024-01-29,CB-1004030,527.02,Enterprise,Managed Support,4871,Won
2024-01-29,CB-1004056,708.69,Enterprise,Platform API,7030,Lost
2024-01-29,CB-1004117,441.80,Wholesale,Bulk Voice,4863,Pending
2024-01-29,CB-1004131,352.71,Wholesale,Partner Resale,4871,Pending
2024-01-30,CB-1004028,955.09,Enterprise,Managed Support,7030,Lost
2024-01-30,CB-1004045,490.73,Enterprise,Platform API,4837,Won
2024-01-30,CB-1004057,119.68,Consumer,Mobile Plans,4871,Lost
2024-01-30,CB-1004073,235.34,Consumer,Mobile Plans,4855,Lost
2024-01-30,CB-1004111,334.05,Wholesale,Bulk Voice,4871,Open
2024-01-30,CB-1004113,417.06,Wholesale,Bulk Voice,4871,Lost
2024-01-31,CB-1003997,394.88,Enterprise,Cloud Services,4863,Open
2024-01-31,CB-1004044,532.20,Enterprise,Platform API,4855,Won
2024-01-31,CB-1004059,168.10,Consumer,Mobile Plans,4870,Open
2024-01-31,CB-1004082,353.29,Consumer,Streaming Add-on,7030,Pending
2024-01-31,CB-1004105,206.20,Consumer,Device Protection,4870,Pending
2024-02-01,CB-1004228,166.46,Consumer,Mobile Plans,4855,Lost
2024-02-01,CB-1004236,226.11,Consumer,Mobile Plans,4870,Open
2024-02-01,CB-1004239,208.39,Consumer,Streaming Add-on,4863,Lost
2024-02-01,CB-1004247,220.94,Consumer,Streaming Add-on,4863,Won
2024-02-01,CB-1004282,491.21,Wholesale,Bulk Voice,4863,Open
2024-02-01,CB-1004306,360.51,Wholesale,IoT SIM,4837,Won
2024-02-02,CB-1004169,752.22,Enterprise,Cloud Services,4870,Pending
2024-02-02,CB-1004205,720.02,Enterprise,Platform API,4837,Lost
2024-02-02,CB-1004207,380.65,Enterprise,Platform API,4870,Lost
2024-02-02,CB-1004259,181.30,Consumer,Device Protection,4870,Won
2024-02-02,CB-1004270,335.18,Wholesale,Bulk Voice,4863,Pending
2024-02-02,CB-1004288,337.30,Wholesale,Partner Resale,4870,Lost
2024-02-03,CB-1004203,351.41,Enterprise,Platform API,4871,Open
2024-02-03,CB-1004220,221.30,Consumer,Mobile Plans,4837,Open
2024-02-03,CB-1004241,160.48,Consumer,Streaming Add-on,4837,Pending
2024-02-03,CB-1004285,515.24,Wholesale,Partner Resale,7030,Lost
2024-02-04,CB-1004155,879.06,Enterprise,Cloud Services,7030,Lost
2024-02-04,CB-1004188,470.42,Enterprise,Managed Support,4870,Lost
2024-02-04,CB-1004201,575.04,Enterprise,Platform API,4855,Lost
2024-02-04,CB-1004233,190.31,Consumer,Mobile Plans,4855,Lost
2024-02-04,CB-1004264,160.95,Consumer,Device Protection,4870,Won
2024-02-04,CB-1004267,129.89,Consumer,Device Protection,4837,Pending
2024-02-04,CB-1004269,157.78,Consumer,Device Protection,4871,Lost
2024-02-04,CB-1004281,183.76,Wholesale,Bulk Voice,4855,Won
2024-02-05,CB-1004189,335.98,Enterprise,Managed Support,4871,Won
2024-02-05,CB-1004213,239.32,Consumer,Mobile Plans,4870,Won
2024-02-05,CB-1004221,407.13,Consumer,Mobile Plans,7030,Lost
2024-02-05,CB-1004237,250.37,Consumer,Streaming Add-on,4855,Open
2024-02-05,CB-1004242,171.79,Consumer,Streaming Add-on,4837,Pending
2024-02-05,CB-1004265,341.05,Consumer,Device Protection,4870,Lost
2024-02-05,CB-1004276,402.65,Wholesale,Bulk Voice,4863,Lost
2024-02-05,CB-1004286,312.76,Wholesale,Partner Resale,4855,Lost
2024-02-05,CB-1004292,453.56,Wholesale,Partner Resale,4837,Pending
2024-02-05,CB-1004304,495.72,Wholesale,IoT SIM,7030,Lost
2024-02-05,CB-1004310,261.19,Wholesale,IoT SIM,4837,Lost
2024-02-06,CB-1004219,227.50,Consumer,Mobile Plans,4871,Pending
2024-02-06,CB-1004238,126.38,Consumer,Streaming Add-on,4837,Lost
2024-02-06,CB-1004278,374.19,Wholesale,Bulk Voice,7030,Won
2024-02-06,CB-1004284,267.17,Wholesale,Bulk Voice,4870,Won
2024-02-07,CB-1004225,186.23,Consumer,Mobile Plans,4871,Won
2024-02-07,CB-1004251,131.43,Consumer,Streaming Add-on,4871,Pending
2024-02-08,CB-1004152,308.39,Enterprise,Cloud Services,4855,Won
2024-02-09,CB-1004173,726.81,Enterprise,Cloud Services,4870,Lost
2024-02-09,CB-1004186,339.29,Enterprise,Managed Support,4855,Won
2024-02-09,CB-1004222,174.77,Consumer,Mobile Plans,7030,Pending
2024-02-09,CB-1004227,256.34,Consumer,Mobile Plans,4863,Won
2024-02-09,CB-1004263,180.70,Consumer,Device Protection,4837,Pending
2024-02-09,CB-1004291,246.97,Wholesale,Partner Resale,7030,Won
2024-02-09,CB-1004293,202.25,Wholesale,Partner Resale,4871,Won
2024-02-10,CB-1004156,575.59,Enterprise,Cloud Services,4855,Pending
2024-02-10,CB-1004176,390.52,Enterprise,Cloud Services,4871,Pending
2024-02-10,CB-1004260,177.95,Consumer,Device Protection,7030,Won
2024-02-10,CB-1004272,454.79,Wholesale,Bulk Voice,4837,Pending
2024-02-10,CB-1004311,501.92,Wholesale,IoT SIM,4863,Lost
2024-02-11,CB-1004154,643.24,Enterprise,Cloud Services,4863,Won
2024-02-11,CB-1004157,796.90,Enterprise,Cloud Services,4870,Won
2024-02-11,CB-1004168,875.01,Enterprise,Cloud Services,7030,Pending
2024-02-11,CB-1004170,678.16,Enterprise,Cloud Services,4837,Won
2024-02-11,CB-1004171,562.23,Enterprise,Cloud Services,4870,Pending
2024-02-11,CB-1004215,103.34,Consumer,Mobile Plans,4871,Pending
2024-02-11,CB-1004249,248.99,Consumer,Streaming Add-on,7030,Pending
2024-02-11,CB-1004287,606.96,Wholesale,Partner Resale,4870,Lost
2024-02-11,CB-1004303,355.07,Wholesale,IoT SIM,4837,Won
2024-02-12,CB-1004172,493.29,Enterprise,Cloud Services,4837,Lost
2024-02-12,CB-1004181,952.37,Enterprise,Managed Support,7030,Lost
2024-02-12,CB-1004194,308.22,Enterprise,Managed Support,4871,Pending
2024-02-12,CB-1004206,394.17,Enterprise,Platform API,4863,Lost
2024-02-12,CB-1004209,468.45,Enterprise,Platform API,4871,Open
2024-02-12,CB-1004246,125.98,Consumer,Streaming Add-on,4863,Pending
2024-02-12,CB-1004298,457.74,Wholesale,Partner Resale,4855,Lost
2024-02-12,CB-1004308,345.98,Wholesale,IoT SIM,4863,Won
2024-02-13,CB-1004151,658.52,Enterprise,Cloud Services,4837,Won
2024-02-13,CB-1004162,343.70,Enterprise,Cloud Services,4863,Won
2024-02-13,CB-1004232,175.70,Consumer,Mobile Plans,4855,Won
2024-02-13,CB-1004273,169.37,Wholesale,Bulk Voice,4871,Won
2024-02-13,CB-1004280,277.70,Wholesale,Bulk Voice,4863,Lost
2024-02-14,CB-1004159,398.09,Enterprise,Cloud Services,4855,Won
2024-02-14,CB-1004160,437.71,Enterprise,Cloud Services,4837,Open
2024-02-14,CB-1004183,428.29,Enterprise,Managed Support,7030,Won
2024-02-14,CB-1004214,183.48,Consumer,Mobile Plans,4855,Won
2024-02-14,CB-1004240,330.54,Consumer,Streaming Add-on,4870,Pending
2024-02-14,CB-1004257,207.92,Consumer,Device Protection,4863,Lost
2024-02-14,CB-1004294,262.74,Wholesale,Partner Resale,7030,Pending
2024-02-14,CB-1004299,579.15,Wholesale,Partner Resale,4837,Pending
2024-02-14,CB-1004305,354.97,Wholesale,IoT SIM,4871,Pending
2024-02-15,CB-1004177,854.16,Enterprise,Cloud Services,4870,Pending
2024-02-15,CB-1004196,406.37,Enterprise,Platform API,4855,Won
2024-02-15,CB-1004199,234.97,Enterprise,Platform API,4855,Won
2024-02-15,CB-1004229,168.44,Consumer,Mobile Plans,4871,Pending
2024-02-15,CB-1004243,237.39,Consumer,Streaming Add-on,4871,Lost
2024-02-15,CB-1004244,213.48,Consumer,Streaming Add-on,4871,Won
2024-02-15,CB-1004266,133.74,Consumer,Device Protection,4871,Lost
2024-02-15,CB-1004271,334.91,Wholesale,Bulk Voice,4863,Lost
2024-02-17,CB-1004182,308.49,Enterprise,Managed Support,4870,Lost
2024-02-17,CB-1004187,541.16,Enterprise,Managed Support,7030,Won
2024-02-17,CB-1004195,334.02,Enterprise,Platform API,4837,Lost
2024-02-17,CB-1004198,256.79,Enterprise,Platform API,4871,Lost
2024-02-17,CB-1004295,269.84,Wholesale,Partner Resale,4871,Lost
2024-02-17,CB-1004297,509.53,Wholesale,Partner Resale,4837,Lost
2024-02-17,CB-1004312,313.76,Wholesale,IoT SIM,4837,Won
2024-02-18,CB-1004167,557.61,Enterprise,Cloud Services,4855,Lost
2024-02-18,CB-1004258,157.35,Consumer,Device Protection,4855,Open
2024-02-19,CB-1004166,553.56,Enterprise,Cloud Services,4871,Open
2024-02-19,CB-1004180,797.02,Enterprise,Managed Support,4870,Won
2024-02-19,CB-1004185,491.04,Enterprise,Managed Support,4837,Lost
2024-02-19,CB-1004208,347.83,Enterprise,Platform API,4837,Lost
2024-02-19,CB-1004252,149.59,Consumer,Device Protection,7030,Won
2024-02-19,CB-1004253,212.52,Consumer,Device Protection,4837,Open
2024-02-19,CB-1004268,171.68,Consumer,Device Protection,4855,Lost
2024-02-20,CB-1004230,184.39,Consumer,Mobile Plans,4855,Won
2024-02-20,CB-1004248,186.33,Consumer,Streaming Add-on,4871,Open
2024-02-20,CB-1004254,256.14,Consumer,Device Protection,4855,Won
2024-02-20,CB-1004283,351.25,Wholesale,Bulk Voice,7030,Lost
2024-02-20,CB-1004289,306.23,Wholesale,Partner Resale,4855,Lost
2024-02-21,CB-1004218,123.43,Consumer,Mobile Plans,4855,Lost
2024-02-21,CB-1004274,190.84,Wholesale,Bulk Voice,4871,Lost
2024-02-22,CB-1004202,518.88,Enterprise,Platform API,4870,Won
2024-02-22,CB-1004250,330.04,Consumer,Streaming Add-on,4837,Won
2024-02-22,CB-1004262,282.06,Consumer,Device Protection,4855,Lost
2024-02-22,CB-1004277,482.45,Wholesale,Bulk Voice,4870,Lost
2024-02-22,CB-1004309,240.51,Wholesale,IoT SIM,4871,Lost
2024-02-23,CB-1004193,812.51,Enterprise,Managed Support,4870,Lost
2024-02-23,CB-1004226,283.69,Consumer,Mobile Plans,4855,Lost
2024-02-23,CB-1004235,258.67,Consumer,Mobile Plans,4855,Won
2024-02-23,CB-1004245,318.54,Consumer,Streaming Add-on,7030,Won
2024-02-23,CB-1004300,550.17,Wholesale,IoT SIM,4870,Open
2024-02-23,CB-1004302,411.27,Wholesale,IoT SIM,4855,Won
2024-02-24,CB-1004153,270.41,Enterprise,Cloud Services,4871,Pending
2024-02-24,CB-1004161,252.84,Enterprise,Cloud Services,4863,Won
2024-02-24,CB-1004163,450.19,Enterprise,Cloud Services,4870,Pending
2024-02-24,CB-1004174,480.35,Enterprise,Cloud Services,4871,Lost
2024-02-24,CB-1004200,416.88,Enterprise,Platform API,7030,Won
2024-02-24,CB-1004216,170.75,Consumer,Mobile Plans,4870,Pending
2024-02-25,CB-1004165,380.40,Enterprise,Cloud Services,7030,Won
2024-02-25,CB-1004179,464.25,Enterprise,Managed Support,4855,Won
2024-02-25,CB-1004191,224.32,Enterprise,Managed Support,4871,Pending
2024-02-25,CB-1004192,865.68,Enterprise,Managed Support,7030,Lost
2024-02-25,CB-1004210,259.68,Enterprise,Platform API,4871,Pending
2024-02-26,CB-1004164,378.00,Enterprise,Cloud Services,4871,Pending
2024-02-26,CB-1004231,178.92,Consumer,Mobile Plans,4837,Won
2024-02-26,CB-1004234,292.14,Consumer,Mobile Plans,4863,Lost
2024-02-26,CB-1004255,157.40,Consumer,Device Protection,4837,Lost
2024-02-26,CB-1004261,318.49,Consumer,Device Protection,4837,Lost
2024-02-26,CB-1004301,177.04,Wholesale,IoT SIM,4871,Open
2024-02-26,CB-1004307,310.81,Wholesale,IoT SIM,4871,Open
2024-02-27,CB-1004158,594.37,Enterprise,Cloud Services,7030,Open
2024-02-27,CB-1004175,500.56,Enterprise,Cloud Services,4863,Lost
2024-02-27,CB-1004178,280.25,Enterprise,Managed Support,4871,Won
2024-02-27,CB-1004190,431.10,Enterprise,Managed Support,4855,Lost
2024-02-27,CB-1004197,747.76,Enterprise,Platform API,4870,Open
2024-02-27,CB-1004204,862.13,Enterprise,Platform API,4870,Lost
2024-02-27,CB-1004212,448.29,Enterprise,Platform API,4837,Lost
2024-02-27,CB-1004275,240.28,Wholesale,Bulk Voice,4871,Lost
2024-02-27,CB-1004296,274.69,Wholesale,Partner Resale,7030,Open
2024-02-28,CB-1004184,644.42,Enterprise,Managed Support,4855,Lost
2024-02-28,CB-1004211,435.20,Enterprise,Platform API,4871,Won
2024-02-28,CB-1004217,243.72,Consumer,Mobile Plans,4837,Lost
2024-02-28,CB-1004223,274.29,Consumer,Mobile Plans,7030,Pending
2024-02-28,CB-1004224,153.50,Consumer,Mobile Plans,4863,Won
2024-02-28,CB-1004256,214.42,Consumer,Device Protection,7030,Pending
2024-02-28,CB-1004279,265.18,Wholesale,Bulk Voice,4863,Lost
2024-02-28,CB-1004290,340.03,Wholesale,Partner Resale,4855,Open
2024-03-01,CB-1004344,381.24,Enterprise,Managed Support,4863,Pending
2024-03-01,CB-1004367,387.30,Enterprise,Platform API,4870,Lost
2024-03-01,CB-1004386,328.42,Consumer,Mobile Plans,4837,Open
2024-03-01,CB-1004389,100.69,Consumer,Mobile Plans,4871,Lost
2024-03-02,CB-1004327,445.47,Enterprise,Cloud Services,4855,Lost
2024-03-02,CB-1004328,708.40,Enterprise,Cloud Services,4837,Won
2024-03-02,CB-1004383,302.24,Consumer,Mobile Plans,4870,Won
2024-03-02,CB-1004438,378.28,Wholesale,Bulk Voice,4837,Won
2024-03-02,CB-1004439,272.26,Wholesale,Bulk Voice,4870,Won
2024-03-02,CB-1004473,211.96,Wholesale,IoT SIM,4855,Won
2024-03-03,CB-1004316,393.82,Enterprise,Cloud Services,4863,Pending
2024-03-03,CB-1004339,529.05,Enterprise,Managed Support,4855,Won
2024-03-03,CB-1004388,275.58,Consumer,Mobile Plans,4837,Pending
2024-03-03,CB-1004402,165.90,Consumer,Streaming Add-on,4863,Open
2024-03-03,CB-1004437,563.70,Wholesale,Bulk Voice,7030,Won
2024-03-04,CB-1004333,610.13,Enterprise,Cloud Services,4863,Pending
2024-03-04,CB-1004362,824.16,Enterprise,Platform API,7030,Won
2024-03-04,CB-1004385,181.87,Consumer,Mobile Plans,4870,Lost
2024-03-04,CB-1004410,152.44,Consumer,Streaming Add-on,4855,Lost
2024-03-05,CB-1004331,327.26,Enterprise,Cloud Services,4871,Won
2024-03-05,CB-1004338,519.67,Enterprise,Managed Support,4871,Won
2024-03-05,CB-1004343,413.38,Enterprise,Managed Support,4837,Lost
2024-03-05,CB-1004353,352.17,Enterprise,Managed Support,4863,Open
2024-03-05,CB-1004375,230.50,Consumer,Mobile Plans,4871,Open
2024-03-05,CB-1004409,248.68,Consumer,Streaming Add-on,4871,Lost
2024-03-05,CB-1004431,163.34,Wholesale,Bulk Voice,4855,Pending
2024-03-05,CB-1004456,282.42,Wholesale,Partner Resale,4863,Open
2024-03-07,CB-1004313,510.80,Enterprise,Cloud Services,4837,Lost
2024-03-07,CB-1004340,662.71,Enterprise,Managed Support,4870,Open
2024-03-07,CB-1004351,557.99,Enterprise,Managed Support,4837,Won
2024-03-07,CB-1004412,262.65,Consumer,Device Protection,4871,Won
2024-03-07,CB-1004441,327.34,Wholesale,Bulk Voice,4871,Lost
2024-03-07,CB-1004450,286.90,Wholesale,Partner Resale,7030,Lost
2024-03-08,CB-1004326,350.62,Enterprise,Cloud Services,4863,Won
2024-03-08,CB-1004405,155.47,Consumer,Streaming Add-on,4855,Won
2024-03-08,CB-1004433,174.01,Wholesale,Bulk Voice,4871,Open
2024-03-08,CB-1004468,431.95,Wholesale,IoT SIM,4855,Won
2024-03-09,CB-1004319,818.13,Enterprise,Cloud Services,7030,Won
2024-03-09,CB-1004320,626.46,Enterprise,Cloud Services,4855,Lost
2024-03-09,CB-1004355,275.56,Enterprise,Managed Support,4855,Lost
2024-03-09,CB-1004365,641.07,Enterprise,Platform API,4870,Won
2024-03-09,CB-1004371,406.96,Enterprise,Platform API,4855,Lost
2024-03-09,CB-1004428,319.49,Wholesale,Bulk Voice,4863,Pending
2024-03-09,CB-1004444,284.48,Wholesale,Bulk Voice,4863,Won
2024-03-09,CB-1004457,314.68,Wholesale,Partner Resale,4870,Won
2024-03-10,CB-1004392,340.59,Consumer,Mobile Plans,4870,Open
2024-03-10,CB-1004416,275.90,Consumer,Device Protection,4863,Lost
2024-03-10,CB-1004449,239.04,Wholesale,Partner Resale,4871,Won
2024-03-11,CB-1004334,438.15,Enterprise,Cloud Services,4837,Lost
2024-03-11,CB-1004342,666.27,Enterprise,Managed Support,7030,Won
2024-03-11,CB-1004413,243.57,Consumer,Device Protection,7030,Won
2024-03-11,CB-1004418,150.47,Consumer,Device Protection,4870,Won
2024-03-11,CB-1004459,324.57,Wholesale,Partner Resale,4863,Won
2024-03-11,CB-1004472,703.97,Wholesale,IoT SIM,7030,Lost
2024-03-12,CB-1004349,613.80,Enterprise,Managed Support,7030,Open
2024-03-12,CB-1004395,320.00,Consumer,Mobile Plans,7030,Open
2024-03-12,CB-1004429,358.55,Wholesale,Bulk Voice,4870,Won
2024-03-12,CB-1004458,177.65,Wholesale,Partner Resale,4871,Won
2024-03-12,CB-1004469,235.30,Wholesale,IoT SIM,4855,Lost
2024-03-13,CB-1004315,590.14,Enterprise,Cloud Services,4871,Won
2024-03-13,CB-1004387,232.39,Consumer,Mobile Plans,4855,Pending
2024-03-14,CB-1004324,523.28,Enterprise,Cloud Services,4870,Lost
2024-03-14,CB-1004345,505.41,Enterprise,Managed Support,4871,Won
2024-03-14,CB-1004350,871.92,Enterprise,Managed Support,7030,Open
2024-03-14,CB-1004364,683.64,Enterprise,Platform API,4837,Open
2024-03-14,CB-1004370,545.94,Enterprise,Platform API,4863,Lost
2024-03-14,CB-1004403,127.23,Consumer,Streaming Add-on,4863,Lost
2024-03-14,CB-1004411,285.29,Consumer,Device Protection,4870,Pending
2024-03-14,CB-1004430,339.79,Wholesale,Bulk Voice,4855,Won
2024-03-15,CB-1004325,431.39,Enterprise,Cloud Services,4871,Lost
2024-03-15,CB-1004408,111.56,Consumer,Streaming Add-on,4871,Pending
2024-03-15,CB-1004420,232.03,Consumer,Device Protection,4837,Lost
2024-03-15,CB-1004424,154.02,Consumer,Device Protection,4837,Lost
2024-03-15,CB-1004442,327.00,Wholesale,Bulk Voice,4871,Open
2024-03-16,CB-1004354,719.41,Enterprise,Managed Support,4870,Won
2024-03-16,CB-1004357,338.88,Enterprise,Managed Support,4870,Lost
2024-03-16,CB-1004366,338.81,Enterprise,Platform API,4837,Lost
2024-03-16,CB-1004393,123.06,Consumer,Mobile Plans,4863,Lost
2024-03-16,CB-1004453,511.50,Wholesale,Partner Resale,4837,Lost
2024-03-17,CB-1004332,392.59,Enterprise,Cloud Services,4837,Lost
2024-03-17,CB-1004336,651.59,Enterprise,Cloud Services,7030,Pending
2024-03-17,CB-1004379,224.18,Consumer,Mobile Plans,4870,Pending
2024-03-17,CB-1004391,202.44,Consumer,Mobile Plans,7030,Lost
2024-03-17,CB-1004427,201.30,Wholesale,Bulk Voice,4863,Pending
2024-03-18,CB-1004314,577.97,Enterprise,Cloud Services,4863,Open
2024-03-18,CB-1004360,467.20,Enterprise,Platform API,4871,Lost
2024-03-18,CB-1004415,320.19,Consumer,Device Protection,4870,Won
2024-03-18,CB-1004419,190.87,Consumer,Device Protection,4837,Lost
2024-03-18,CB-1004461,408.30,Wholesale,Partner Resale,4837,Won
2024-03-19,CB-1004352,272.96,Enterprise,Managed Support,4837,Lost
2024-03-19,CB-1004361,750.13,Enterprise,Platform API,4870,Lost
2024-03-19,CB-1004381,225.61,Consumer,Mobile Plans,4837,Won
2024-03-19,CB-1004432,342.91,Wholesale,Bulk Voice,4871,Pending
2024-03-19,CB-1004443,417.52,Wholesale,Bulk Voice,7030,Lost
2024-03-20,CB-1004400,179.94,Consumer,Streaming Add-on,4871,Won
2024-03-20,CB-1004406,242.13,Consumer,Streaming Add-on,4863,Lost
2024-03-20,CB-1004407,105.72,Consumer,Streaming Add-on,4855,Lost
2024-03-20,CB-1004434,318.67,Wholesale,Bulk Voice,4870,Pending
2024-03-20,CB-1004447,280.57,Wholesale,Partner Resale,4837,Won
2024-03-20,CB-1004462,307.02,Wholesale,IoT SIM,4871,Lost
2024-03-21,CB-1004329,246.15,Enterprise,Cloud Services,4863,Pending
2024-03-21,CB-1004337,589.60,Enterprise,Cloud Services,4837,Open
2024-03-21,CB-1004378,304.74,Consumer,Mobile Plans,4870,Won
2024-03-21,CB-1004390,321.20,Consumer,Mobile Plans,4837,Lost
2024-03-21,CB-1004421,143.72,Consumer,Device Protection,4837,Won
2024-03-21,CB-1004422,216.81,Consumer,Device Protection,4871,Won
2024-03-21,CB-1004435,238.90,Wholesale,Bulk Voice,4855,Won
2024-03-21,CB-1004446,351.41,Wholesale,Bulk Voice,4871,Pending
2024-03-21,CB-1004448,484.50,Wholesale,Partner Resale,4855,Lost
2024-03-21,CB-1004460,383.55,Wholesale,Partner Resale,4855,Pending
2024-03-22,CB-1004317,437.44,Enterprise,Cloud Services,4871,Won
2024-03-22,CB-1004374,267.32,Enterprise,Platform API,4855,Pending
2024-03-22,CB-1004377,222.94,Consumer,Mobile Plans,4871,Lost
2024-03-22,CB-1004384,97.27,Consumer,Mobile Plans,4871,Won
2024-03-22,CB-1004398,301.71,Consumer,Streaming Add-on,4837,Won
2024-03-22,CB-1004399,292.87,Consumer,Streaming Add-on,4837,Lost
2024-03-22,CB-1004466,618.78,Wholesale,IoT SIM,7030,Open
2024-03-23,CB-1004356,525.86,Enterprise,Managed Support,4863,Won
2024-03-23,CB-1004425,235.11,Consumer,Device Protection,4871,Won
2024-03-23,CB-1004426,303.38,Wholesale,Bulk Voice,4871,Open
2024-03-23,CB-1004452,403.79,Wholesale,Partner Resale,4855,Won
2024-03-23,CB-1004455,311.52,Wholesale,Partner Resale,4837,Pending
2024-03-23,CB-1004463,218.25,Wholesale,IoT SIM,4837,Pending
2024-03-24,CB-1004321,375.23,Enterprise,Cloud Services,4837,Lost
2024-03-24,CB-1004369,232.54,Enterprise,Platform API,4855,Pending
2024-03-24,CB-1004380,278.72,Consumer,Mobile Plans,4855,Lost
2024-03-24,CB-1004423,205.10,Consumer,Device Protection,4870,Open
2024-03-24,CB-1004436,391.38,Wholesale,Bulk Voice,4855,Won
2024-03-24,CB-1004445,218.23,Wholesale,Bulk Voice,4855,Lost
2024-03-25,CB-1004318,474.05,Enterprise,Cloud Services,4871,Lost
2024-03-25,CB-1004451,692.73,Wholesale,Partner Resale,7030,Lost
2024-03-26,CB-1004323,401.11,Enterprise,Cloud Services,4871,Won
2024-03-26,CB-1004347,629.54,Enterprise,Managed Support,4863,Open
2024-03-26,CB-1004368,249.04,Enterprise,Platform API,4855,Won
2024-03-26,CB-1004376,182.84,Consumer,Mobile Plans,4855,Lost
2024-03-27,CB-1004358,679.28,Enterprise,Platform API,4837,Won
2024-03-27,CB-1004373,305.22,Enterprise,Platform API,4871,Open
2024-03-27,CB-1004382,170.75,Consumer,Mobile Plans,4855,Won
2024-03-27,CB-1004394,420.84,Consumer,Mobile Plans,7030,Pending
2024-03-27,CB-1004414,287.68,Consumer,Device Protection,4863,Lost
2024-03-27,CB-1004440,288.01,Wholesale,Bulk Voice,4870,Lost
2024-03-28,CB-1004341,278.52,Enterprise,Managed Support,4871,Won
2024-03-28,CB-1004348,782.31,Enterprise,Managed Support,4870,Open
2024-03-28,CB-1004396,327.07,Consumer,Mobile Plans,4837,Lost
2024-03-28,CB-1004401,377.48,Consumer,Streaming Add-on,4870,Won
2024-03-29,CB-1004330,549.98,Enterprise,Cloud Services,7030,Lost
2024-03-29,CB-1004372,395.41,Enterprise,Platform API,4871,Won
2024-03-29,CB-1004404,378.26,Consumer,Streaming Add-on,4870,Won
2024-03-29,CB-1004417,349.49,Consumer,Device Protection,7030,Won
2024-03-29,CB-1004454,474.23,Wholesale,Partner Resale,4837,Pending
2024-03-29,CB-1004465,619.96,Wholesale,IoT SIM,4870,Lost
2024-03-29,CB-1004470,597.20,Wholesale,IoT SIM,4870,Won
2024-03-30,CB-1004346,526.97,Enterprise,Managed Support,4870,Pending
2024-03-30,CB-1004359,729.99,Enterprise,Platform API,7030,Won
2024-03-30,CB-1004363,305.48,Enterprise,Platform API,4837,Lost
2024-03-30,CB-1004397,243.75,Consumer,Mobile Plans,7030,Won
2024-03-30,CB-1004471,663.53,Wholesale,IoT SIM,7030,Lost
2024-03-31,CB-1004322,428.35,Enterprise,Cloud Services,4855,Lost
2024-03-31,CB-1004335,469.60,Enterprise,Cloud Services,4863,Won
2024-03-31,CB-1004464,281.26,Wholesale,IoT SIM,4863,Won
2024-03-31,CB-1004467,469.20,Wholesale,IoT SIM,4863,Pending
2024-04-01,CB-1004477,613.02,Enterprise,Cloud Services,4837,Open
2024-04-01,CB-1004502,276.29,Enterprise,Cloud Services,4855,Pending
2024-04-01,CB-1004521,247.41,Enterprise,Managed Support,4871,Lost
2024-04-01,CB-1004534,613.71,Enterprise,Platform API,4855,Open
2024-04-01,CB-1004543,315.76,Consumer,Mobile Plans,7030,Lost
2024-04-01,CB-1004554,180.24,Consumer,Mobile Plans,4837,Won
2024-04-01,CB-1004564,411.50,Consumer,Streaming Add-on,7030,Won
2024-04-01,CB-1004575,374.78,Consumer,Streaming Add-on,4870,Pending
2024-04-01,CB-1004602,378.47,Wholesale,Bulk Voice,4855,Won
2024-04-02,CB-1004497,438.33,Enterprise,Cloud Services,4855,Pending
2024-04-02,CB-1004535,615.53,Enterprise,Platform API,4870,Won
2024-04-02,CB-1004556,199.02,Consumer,Mobile Plans,4870,Won
2024-04-02,CB-1004578,395.11,Consumer,Device Protection,7030,Pending
2024-04-02,CB-1004622,157.02,Wholesale,Partner Resale,4871,Won
2024-04-03,CB-1004549,167.83,Consumer,Mobile Plans,4863,Lost
2024-04-04,CB-1004500,579.37,Enterprise,Cloud Services,4871,Pending
2024-04-04,CB-1004507,585.33,Enterprise,Managed Support,4863,Lost
2024-04-04,CB-1004560,254.69,Consumer,Mobile Plans,4855,Lost
2024-04-04,CB-1004565,338.65,Consumer,Streaming Add-on,4837,Open
2024-04-04,CB-1004570,356.12,Consumer,Streaming Add-on,4870,Won
2024-04-04,CB-1004591,270.25,Consumer,Device Protection,4837,Pending
2024-04-04,CB-1004616,327.27,Wholesale,Partner Resale,4863,Pending
2024-04-04,CB-1004639,341.07,Wholesale,IoT SIM,7030,Won
2024-04-05,CB-1004508,411.46,Enterprise,Managed Support,4855,Won
2024-04-05,CB-1004538,117.80,Consumer,Mobile Plans,4855,Won
2024-04-05,CB-1004588,197.16,Consumer,Device Protection,4871,Won
2024-04-05,CB-1004595,305.64,Wholesale,Bulk Voice,4870,Won
2024-04-05,CB-1004635,392.71,Wholesale,IoT SIM,4855,Won
2024-04-06,CB-1004571,144.65,Consumer,Streaming Add-on,7030,Open
2024-04-06,CB-1004585,185.79,Consumer,Device Protection,4855,Open
2024-04-06,CB-1004618,384.55,Wholesale,Partner Resale,4855,Won
2024-04-06,CB-1004636,399.16,Wholesale,IoT SIM,7030,Lost
2024-04-07,CB-1004524,524.99,Enterprise,Platform API,4871,Won
2024-04-07,CB-1004573,129.97,Consumer,Streaming Add-on,4871,Pending
2024-04-07,CB-1004623,416.11,Wholesale,Partner Resale,4863,Lost
2024-04-08,CB-1004491,672.09,Enterprise,Cloud Services,4837,Won
2024-04-08,CB-1004503,463.08,Enterprise,Cloud Services,4863,Pending
2024-04-08,CB-1004529,467.50,Enterprise,Platform API,4871,Open
2024-04-08,CB-1004546,380.76,Consumer,Mobile Plans,7030,Lost
2024-04-08,CB-1004552,266.58,Consumer,Mobile Plans,4870,Won
2024-04-08,CB-1004566,332.86,Consumer,Streaming Add-on,4870,Pending
2024-04-08,CB-1004625,248.78,Wholesale,Partner Resale,4870,Won
2024-04-09,CB-1004495,759.47,Enterprise,Cloud Services,4870,Won
2024-04-09,CB-1004561,108.60,Consumer,Mobile Plans,4855,Lost
2024-04-09,CB-1004583,174.72,Consumer,Device Protection,7030,Pending
2024-04-09,CB-1004612,693.64,Wholesale,Partner Resale,7030,Won
2024-04-10,CB-1004489,642.08,Enterprise,Cloud Services,7030,Lost
2024-04-10,CB-1004504,312.14,Enterprise,Managed Support,4855,Pending
2024-04-10,CB-1004510,341.76,Enterprise,Managed Support,4837,Won
2024-04-10,CB-1004522,710.06,Enterprise,Managed Support,4863,Lost
2024-04-10,CB-1004582,223.79,Consumer,Device Protection,4855,Won
2024-04-10,CB-1004596,366.68,Wholesale,Bulk Voice,4871,Lost
2024-04-10,CB-1004614,515.66,Wholesale,Partner Resale,4863,Lost
2024-04-10,CB-1004620,322.06,Wholesale,Partner Resale,7030,Open
2024-04-10,CB-1004627,339.78,Wholesale,Partner Resale,4837,Open
2024-04-11,CB-1004480,364.42,Enterprise,Cloud Services,4837,Won
2024-04-11,CB-1004498,661.34,Enterprise,Cloud Services,7030,Lost
2024-04-11,CB-1004516,432.78,Enterprise,Managed Support,4863,Won
2024-04-11,CB-1004518,642.21,Enterprise,Managed Support,4855,Open
2024-04-11,CB-1004541,302.91,Consumer,Mobile Plans,7030,Won
2024-04-11,CB-1004615,195.19,Wholesale,Partner Resale,4871,Won
2024-04-11,CB-1004626,320.00,Wholesale,Partner Resale,4863,Won
2024-04-11,CB-1004629,368.44,Wholesale,IoT SIM,4837,Lost
2024-04-11,CB-1004634,557.18,Wholesale,IoT SIM,4837,Lost
2024-04-11,CB-1004637,348.48,Wholesale,IoT SIM,7030,Won
2024-04-12,CB-1004478,577.26,Enterprise,Cloud Services,4871,Pending
2024-04-12,CB-1004482,432.92,Enterprise,Cloud Services,7030,Won
2024-04-12,CB-1004514,460.56,Enterprise,Managed Support,4855,Pending
2024-04-12,CB-1004548,289.00,Consumer,Mobile Plans,4855,Lost
2024-04-13,CB-1004488,280.91,Enterprise,Cloud Services,4863,Won
2024-04-13,CB-1004501,288.08,Enterprise,Cloud Services,4855,Pending
2024-04-13,CB-1004505,844.32,Enterprise,Managed Support,4870,Lost
2024-04-13,CB-1004530,376.93,Enterprise,Platform API,4871,Open
2024-04-13,CB-1004550,177.61,Consumer,Mobile Plans,4871,Won
2024-04-13,CB-1004572,133.44,Consumer,Streaming Add-on,4863,Pending
2024-04-13,CB-1004576,199.79,Consumer,Streaming Add-on,4863,Lost
2024-04-13,CB-1004606,518.81,Wholesale,Bulk Voice,4837,Lost
2024-04-13,CB-1004632,488.39,Wholesale,IoT SIM,7030,Won
2024-04-14,CB-1004528,652.87,Enterprise,Platform API,4863,Lost
2024-04-15,CB-1004487,560.51,Enterprise,Cloud Services,4863,Pending
2024-04-15,CB-1004555,130.15,Consumer,Mobile Plans,4863,Pending
2024-04-15,CB-1004562,274.03,Consumer,Mobile Plans,4837,Lost
2024-04-15,CB-1004587,308.22,Consumer,Device Protection,4837,Pending
2024-04-15,CB-1004608,251.40,Wholesale,Bulk Voice,4863,Lost
2024-04-16,CB-1004474,472.08,Enterprise,Cloud Services,4870,Lost
2024-04-16,CB-1004484,735.89,Enterprise,Cloud Services,7030,Open
2024-04-16,CB-1004496,608.70,Enterprise,Cloud Services,4837,Pending
2024-04-16,CB-1004517,353.69,Enterprise,Managed Support,4871,Won
2024-04-16,CB-1004569,125.75,Consumer,Streaming Add-on,4837,Lost
2024-04-16,CB-1004604,250.43,Wholesale,Bulk Voice,4837,Won
2024-04-16,CB-1004624,171.26,Wholesale,Partner Resale,4871,Pending
2024-04-17,CB-1004506,299.88,Enterprise,Managed Support,4855,Won
2024-04-17,CB-1004520,306.35,Enterprise,Managed Support,4855,Lost
2024-04-17,CB-1004563,250.52,Consumer,Mobile Plans,4855,Lost
2024-04-17,CB-1004609,382.85,Wholesale,Bulk Voice,4871,Won
2024-04-18,CB-1004567,135.36,Consumer,Streaming Add-on,4855,Open
2024-04-18,CB-1004601,201.04,Wholesale,Bulk Voice,4837,Won
2024-04-18,CB-1004621,523.68,Wholesale,Partner Resale,7030,Lost
2024-04-18,CB-1004630,562.98,Wholesale,IoT SIM,4870,Won
2024-04-19,CB-1004527,781.21,Enterprise,Platform API,4837,Pending
2024-04-19,CB-1004577,240.15,Consumer,Device Protection,7030,Lost
2024-04-19,CB-1004592,380.55,Consumer,Device Protection,7030,Won
2024-04-19,CB-1004594,601.82,Wholesale,Bulk Voice,7030,Lost
2024-04-19,CB-1004610,338.96,Wholesale,Bulk Voice,4855,Lost
2024-04-20,CB-1004479,348.13,Enterprise,Cloud Services,4871,Open
2024-04-20,CB-1004509,932.53,Enterprise,Managed Support,7030,Lost
2024-04-20,CB-1004511,432.61,Enterprise,Managed Support,7030,Won
2024-04-20,CB-1004512,599.58,Enterprise,Managed Support,4870,Open
2024-04-20,CB-1004523,430.84,Enterprise,Managed Support,4855,Lost
2024-04-20,CB-1004558,114.87,Consumer,Mobile Plans,4855,Pending
2024-04-20,CB-1004586,266.32,Consumer,Device Protection,4871,Won
2024-04-20,CB-1004593,261.22,Wholesale,Bulk Voice,7030,Pending
2024-04-20,CB-1004628,376.57,Wholesale,Partner Resale,4871,Lost
2024-04-21,CB-1004493,394.55,Enterprise,Cloud Services,4871,Pending
2024-04-21,CB-1004531,514.04,Enterprise,Platform API,4871,Pending
2024-04-21,CB-1004544,324.11,Consumer,Mobile Plans,4837,Won
2024-04-21,CB-1004580,264.74,Consumer,Device Protection,4863,Won
2024-04-22,CB-1004499,631.45,Enterprise,Cloud Services,7030,Won
2024-04-22,CB-1004547,135.33,Consumer,Mobile Plans,4870,Lost
2024-04-22,CB-1004605,279.40,Wholesale,Bulk Voice,4837,Won
2024-04-23,CB-1004485,314.55,Enterprise,Cloud Services,4855,Open
2024-04-23,CB-1004490,491.78,Enterprise,Cloud Services,4863,Open
2024-04-23,CB-1004515,440.90,Enterprise,Managed Support,4870,Pending
2024-04-23,CB-1004540,234.68,Consumer,Mobile Plans,4871,Lost
2024-04-23,CB-1004603,482.72,Wholesale,Bulk Voice,4863,Won
2024-04-24,CB-1004481,645.45,Enterprise,Cloud Services,4870,Pending
2024-04-24,CB-1004536,312.36,Enterprise,Platform API,4837,Lost
2024-04-24,CB-1004638,384.01,Wholesale,IoT SIM,7030,Pending
2024-04-25,CB-1004475,443.89,Enterprise,Cloud Services,4837,Lost
2024-04-25,CB-1004492,613.98,Enterprise,Cloud Services,7030,Lost
2024-04-25,CB-1004494,652.72,Enterprise,Cloud Services,7030,Won
2024-04-25,CB-1004519,276.03,Enterprise,Managed Support,4855,Lost
2024-04-25,CB-1004533,359.76,Enterprise,Platform API,4871,Won
2024-04-25,CB-1004553,218.65,Consumer,Mobile Plans,4870,Open
2024-04-26,CB-1004483,715.92,Enterprise,Cloud Services,4837,Won
2024-04-26,CB-1004537,528.83,Enterprise,Platform API,4855,Won
2024-04-26,CB-1004539,138.76,Consumer,Mobile Plans,4863,Won
2024-04-26,CB-1004542,252.26,Consumer,Mobile Plans,4871,Pending
2024-04-26,CB-1004597,411.57,Wholesale,Bulk Voice,4863,Won
2024-04-26,CB-1004599,285.21,Wholesale,Bulk Voice,4870,Pending
2024-04-27,CB-1004476,558.96,Enterprise,Cloud Services,4871,Lost
2024-04-27,CB-1004513,420.89,Enterprise,Managed Support,7030,Won
2024-04-27,CB-1004551,311.46,Consumer,Mobile Plans,4870,Won
2024-04-27,CB-1004584,240.39,Consumer,Device Protection,7030,Pending
2024-04-27,CB-1004589,97.31,Consumer,Device Protection,4871,Won
2024-04-27,CB-1004633,386.91,Wholesale,IoT SIM,4837,Won
2024-04-28,CB-1004525,334.72,Enterprise,Platform API,4863,Pending
2024-04-28,CB-1004559,102.19,Consumer,Mobile Plans,4871,Won
2024-04-28,CB-1004574,221.65,Consumer,Streaming Add-on,4863,Lost
2024-04-28,CB-1004579,263.07,Consumer,Device Protection,4855,Lost
2024-04-28,CB-1004581,133.73,Consumer,Device Protection,4871,Won
2024-04-28,CB-1004598,200.45,Wholesale,Bulk Voice,4871,Won
2024-04-28,CB-1004613,616.01,Wholesale,Partner Resale,4870,Lost
2024-04-29,CB-1004486,956.60,Enterprise,Cloud Services,7030,Pending
2024-04-29,CB-1004526,328.14,Enterprise,Platform API,7030,Won
2024-04-29,CB-1004557,319.61,Consumer,Mobile Plans,7030,Won
2024-04-29,CB-1004607,354.32,Wholesale,Bulk Voice,7030,Lost
2024-04-29,CB-1004611,363.03,Wholesale,Bulk Voice,4855,Won
2024-04-30,CB-1004532,239.99,Enterprise,Platform API,4871,Won
2024-04-30,CB-1004545,250.14,Consumer,Mobile Plans,4871,Won
2024-04-30,CB-1004568,321.38,Consumer,Streaming Add-on,4870,Lost
2024-04-30,CB-1004590,149.58,Consumer,Device Protection,4871,Won
2024-04-30,CB-1004600,228.76,Wholesale,Bulk Voice,4855,Lost
2024-04-30,CB-1004617,409.83,Wholesale,Partner Resale,4871,Pending
2024-04-30,CB-1004619,216.83,Wholesale,Partner Resale,4871,Lost
2024-04-30,CB-1004631,403.54,Wholesale,IoT SIM,4870,Open
2024-05-01,CB-1004662,614.40,Enterprise,Cloud Services,4855,Lost
2024-05-01,CB-1004668,417.94,Enterprise,Cloud Services,7030,Won
2024-05-01,CB-1004678,273.22,Enterprise,Managed Support,4863,Lost
2024-05-02,CB-1004648,653.96,Enterprise,Cloud Services,7030,Won
2024-05-02,CB-1004652,511.06,Enterprise,Cloud Services,4871,Won
2024-05-02,CB-1004660,668.77,Enterprise,Cloud Services,4870,Lost
2024-05-02,CB-1004704,411.04,Enterprise,Platform API,7030,Lost
2024-05-02,CB-1004770,409.91,Wholesale,Bulk Voice,4837,Lost
2024-05-02,CB-1004806,214.79,Wholesale,IoT SIM,4871,Lost
2024-05-03,CB-1004713,197.98,Consumer,Mobile Plans,4837,Lost
2024-05-03,CB-1004720,254.61,Consumer,Mobile Plans,4871,Pending
2024-05-03,CB-1004740,171.87,Consumer,Streaming Add-on,4871,Won
2024-05-03,CB-1004747,161.06,Consumer,Device Protection,4870,Lost
2024-05-03,CB-1004761,193.74,Consumer,Device Protection,4863,Open
2024-05-03,CB-1004764,520.76,Wholesale,Bulk Voice,4863,Lost
2024-05-03,CB-1004784,203.82,Wholesale,Partner Resale,4837,Pending
2024-05-03,CB-1004786,549.86,Wholesale,Partner Resale,4870,Lost
2024-05-03,CB-1004802,252.65,Wholesale,IoT SIM,4871,Pending
2024-05-03,CB-1004810,356.29,Wholesale,IoT SIM,4837,Lost
2024-05-04,CB-1004651,367.60,Enterprise,Cloud Services,7030,Pending
2024-05-04,CB-1004725,229.50,Consumer,Mobile Plans,4871,Won
2024-05-04,CB-1004730,296.43,Consumer,Streaming Add-on,7030,Lost
2024-05-05,CB-1004671,715.67,Enterprise,Cloud Services,7030,Won
2024-05-05,CB-1004683,654.82,Enterprise,Managed Support,4870,Lost
2024-05-05,CB-1004705,155.92,Consumer,Mobile Plans,7030,Lost
2024-05-05,CB-1004756,174.02,Consumer,Device Protection,4855,Pending
2024-05-05,CB-1004780,480.06,Wholesale,Bulk Voice,4870,Lost
2024-05-05,CB-1004782,348.10,Wholesale,Bulk Voice,4837,Won
2024-05-06,CB-1004655,268.04,Enterprise,Cloud Services,4871,Lost
2024-05-06,CB-1004661,376.87,Enterprise,Cloud Services,7030,Won
2024-05-06,CB-1004677,490.46,Enterprise,Managed Support,4855,Pending
2024-05-06,CB-1004691,714.32,Enterprise,Platform API,4863,Won
2024-05-06,CB-1004701,466.24,Enterprise,Platform API,4837,Pending
2024-05-06,CB-1004715,129.75,Consumer,Mobile Plans,4855,Pending
2024-05-06,CB-1004741,141.55,Consumer,Streaming Add-on,4837,Pending
2024-05-06,CB-1004746,137.22,Consumer,Device Protection,4863,Open
2024-05-06,CB-1004762,450.01,Wholesale,Bulk Voice,4871,Lost
2024-05-06,CB-1004768,362.59,Wholesale,Bulk Voice,4855,Won
2024-05-07,CB-1004644,922.57,Enterprise,Cloud Services,7030,Lost
2024-05-07,CB-1004675,634.88,Enterprise,Managed Support,4855,Pending
2024-05-07,CB-1004693,946.55,Enterprise,Platform API,7030,Won
2024-05-07,CB-1004719,202.27,Consumer,Mobile Plans,4870,Lost
2024-05-07,CB-1004775,560.54,Wholesale,Bulk Voice,7030,Won
2024-05-07,CB-1004798,326.77,Wholesale,Partner Resale,4837,Pending
2024-05-08,CB-1004642,385.22,Enterprise,Cloud Services,4855,Lost
2024-05-08,CB-1004669,701.16,Enterprise,Cloud Services,4837,Won
2024-05-08,CB-1004685,539.56,Enterprise,Managed Support,4863,Won
2024-05-08,CB-1004752,347.60,Consumer,Device Protection,7030,Lost
2024-05-08,CB-1004791,262.50,Wholesale,Partner Resale,4863,Lost
2024-05-09,CB-1004658,617.79,Enterprise,Cloud Services,4863,Lost
2024-05-09,CB-1004664,862.98,Enterprise,Cloud Services,7030,Lost
2024-05-09,CB-1004714,197.98,Consumer,Mobile Plans,4871,Open
2024-05-09,CB-1004738,141.29,Consumer,Streaming Add-on,4837,Won
2024-05-09,CB-1004743,108.33,Consumer,Device Protection,4855,Lost
2024-05-09,CB-1004767,206.74,Wholesale,Bulk Voice,4871,Pending
2024-05-09,CB-1004811,604.60,Wholesale,IoT SIM,4870,Lost
2024-05-10,CB-1004646,623.13,Enterprise,Cloud Services,4870,Lost
2024-05-10,CB-1004709,187.71,Consumer,Mobile Plans,4837,Pending
2024-05-10,CB-1004773,326.53,Wholesale,Bulk Voice,4870,Won
2024-05-11,CB-1004641,761.89,Enterprise,Cloud Services,4837,Open
2024-05-11,CB-1004650,711.72,Enterprise,Cloud Services,4863,Won
2024-05-11,CB-1004711,189.14,Consumer,Mobile Plans,4855,Lost
2024-05-11,CB-1004731,218.08,Consumer,Streaming Add-on,4863,Won
2024-05-11,CB-1004758,205.85,Consumer,Device Protection,4870,Won
2024-05-12,CB-1004674,770.02,Enterprise,Managed Support,4870,Won
2024-05-12,CB-1004686,380.15,Enterprise,Managed Support,4837,Won
2024-05-12,CB-1004744,255.85,Consumer,Device Protection,4870,Pending
2024-05-12,CB-1004765,244.11,Wholesale,Bulk Voice,4871,Won
2024-05-12,CB-1004772,332.11,Wholesale,Bulk Voice,7030,Open
2024-05-12,CB-1004785,331.05,Wholesale,Partner Resale,4871,Lost
2024-05-12,CB-1004801,669.59,Wholesale,IoT SIM,7030,Lost
2024-05-12,CB-1004805,426.05,Wholesale,IoT SIM,4871,Won
2024-05-13,CB-1004649,790.44,Enterprise,Cloud Services,7030,Lost
2024-05-13,CB-1004676,545.85,Enterprise,Managed Support,4870,Lost
2024-05-13,CB-1004684,729.31,Enterprise,Managed Support,4870,Won
2024-05-13,CB-1004728,244.48,Consumer,Mobile Plans,7030,Lost
2024-05-13,CB-1004750,147.42,Consumer,Device Protection,4871,Won
2024-05-13,CB-1004788,485.63,Wholesale,Partner Resale,4855,Won
2024-05-14,CB-1004643,669.23,Enterprise,Cloud Services,4870,Won
2024-05-14,CB-1004654,393.80,Enterprise,Cloud Services,4863,Lost
2024-05-14,CB-1004712,156.28,Consumer,Mobile Plans,4837,Lost
2024-05-14,CB-1004724,282.40,Consumer,Mobile Plans,7030,Open
2024-05-14,CB-1004742,367.74,Consumer,Device Protection,7030,Won
2024-05-14,CB-1004766,308.00,Wholesale,Bulk Voice,4870,Won
2024-05-15,CB-1004656,604.94,Enterprise,Cloud Services,4863,Open
2024-05-15,CB-1004663,540.37,Enterprise,Cloud Services,4863,Lost
2024-05-15,CB-1004699,399.47,Enterprise,Platform API,4837,Won
2024-05-15,CB-1004732,288.02,Consumer,Streaming Add-on,4863,Pending
2024-05-15,CB-1004737,185.64,Consumer,Streaming Add-on,4870,Won
2024-05-15,CB-1004745,144.92,Consumer,Device Protection,4870,Lost
2024-05-15,CB-1004759,162.45,Consumer,Device Protection,4870,Pending
2024-05-16,CB-1004670,635.27,Enterprise,Cloud Services,4855,Won
2024-05-16,CB-1004695,370.67,Enterprise,Platform API,4855,Won
2024-05-16,CB-1004735,143.10,Consumer,Streaming Add-on,7030,Lost
2024-05-16,CB-1004774,330.41,Wholesale,Bulk Voice,4871,Open
2024-05-17,CB-1004645,523.90,Enterprise,Cloud Services,4837,Lost
2024-05-17,CB-1004667,479.62,Enterprise,Cloud Services,4870,Open
2024-05-17,CB-1004751,381.22,Consumer,Device Protection,4870,Lost
2024-05-17,CB-1004795,395.07,Wholesale,Partner Resale,4855,Lost
2024-05-17,CB-1004797,332.59,Wholesale,Partner Resale,7030,Won
2024-05-18,CB-1004666,543.25,Enterprise,Cloud Services,4871,Lost
2024-05-18,CB-1004690,230.59,Enterprise,Platform API,4855,Pending
2024-05-18,CB-1004694,503.11,Enterprise,Platform API,4855,Won
2024-05-18,CB-1004703,368.71,Enterprise,Platform API,4837,Won
2024-05-18,CB-1004734,302.94,Consumer,Streaming Add-on,4837,Lost
2024-05-18,CB-1004776,271.33,Wholesale,Bulk Voice,4871,Pending
2024-05-18,CB-1004790,535.54,Wholesale,Partner Resale,7030,Lost
2024-05-18,CB-1004794,265.87,Wholesale,Partner Resale,4870,Won
2024-05-18,CB-1004803,217.44,Wholesale,IoT SIM,4855,Won
2024-05-19,CB-1004640,380.73,Enterprise,Cloud Services,4855,Won
2024-05-19,CB-1004673,645.13,Enterprise,Managed Support,4870,Won
2024-05-19,CB-1004682,342.20,Enterprise,Managed Support,4837,Won
2024-05-19,CB-1004753,291.28,Consumer,Device Protection,7030,Won
2024-05-19,CB-1004755,260.59,Consumer,Device Protection,4863,Open
2024-05-19,CB-1004771,521.49,Wholesale,Bulk Voice,7030,Lost
2024-05-19,CB-1004793,208.12,Wholesale,Partner Resale,4871,Open
2024-05-19,CB-1004799,500.08,Wholesale,Partner Resale,7030,Won
2024-05-20,CB-1004672,670.95,Enterprise,Managed Support,7030,Open
2024-05-20,CB-1004721,207.75,Consumer,Mobile Plans,4870,Lost
2024-05-20,CB-1004733,237.17,Consumer,Streaming Add-on,4863,Won
2024-05-20,CB-1004807,201.28,Wholesale,IoT SIM,4863,Lost
2024-05-21,CB-1004647,651.49,Enterprise,Cloud Services,4870,Lost
2024-05-21,CB-1004707,219.42,Consumer,Mobile Plans,4870,Won
2024-05-21,CB-1004718,98.06,Consumer,Mobile Plans,4855,Won
2024-05-21,CB-1004748,201.28,Consumer,Device Protection,4855,Pending
2024-05-21,CB-1004763,214.19,Wholesale,Bulk Voice,4863,Lost
2024-05-22,CB-1004659,622.35,Enterprise,Cloud Services,7030,Pending
2024-05-22,CB-1004726,119.97,Consumer,Mobile Plans,4855,Open
2024-05-22,CB-1004754,263.14,Consumer,Device Protection,4863,Lost
2024-05-23,CB-1004665,375.72,Enterprise,Cloud Services,4863,Pending
2024-05-23,CB-1004679,340.42,Enterprise,Managed Support,4855,Pending
2024-05-23,CB-1004681,256.69,Enterprise,Managed Support,4871,Lost
2024-05-23,CB-1004710,133.81,Consumer,Mobile Plans,4870,Open
2024-05-23,CB-1004736,200.63,Consumer,Streaming Add-on,4871,Lost
2024-05-23,CB-1004757,94.97,Consumer,Device Protection,4871,Won
2024-05-23,CB-1004792,389.94,Wholesale,Partner Resale,7030,Pending
2024-05-23,CB-1004796,386.34,Wholesale,Partner Resale,4871,Lost
2024-05-24,CB-1004689,426.73,Enterprise,Platform API,4863,Open
2024-05-24,CB-1004697,519.26,Enterprise,Platform API,4855,Pending
2024-05-24,CB-1004778,247.32,Wholesale,Bulk Voice,4837,Won
2024-05-24,CB-1004787,576.87,Wholesale,Partner Resale,4837,Won
2024-05-25,CB-1004657,765.65,Enterprise,Cloud Services,4870,Won
2024-05-25,CB-1004687,712.41,Enterprise,Managed Support,7030,Lost
2024-05-25,CB-1004688,378.44,Enterprise,Managed Support,4863,Pending
2024-05-25,CB-1004708,409.30,Consumer,Mobile Plans,7030,Won
2024-05-25,CB-1004809,495.87,Wholesale,IoT SIM,4870,Lost
2024-05-26,CB-1004692,915.07,Enterprise,Platform API,7030,Lost
2024-05-26,CB-1004739,220.61,Consumer,Streaming Add-on,4863,Won
2024-05-26,CB-1004789,193.75,Wholesale,Partner Resale,4855,Won
2024-05-27,CB-1004680,437.37,Enterprise,Managed Support,4837,Won
2024-05-27,CB-1004700,515.83,Enterprise,Platform API,4871,Won
2024-05-27,CB-1004706,230.79,Consumer,Mobile Plans,4837,Lost
2024-05-27,CB-1004717,310.25,Consumer,Mobile Plans,4837,Lost
2024-05-27,CB-1004722,156.51,Consumer,Mobile Plans,4870,Lost
2024-05-28,CB-1004749,172.34,Consumer,Device Protection,4855,Lost
2024-05-29,CB-1004716,117.29,Consumer,Mobile Plans,4837,Lost
2024-05-29,CB-1004779,325.07,Wholesale,Bulk Voice,7030,Won
2024-05-30,CB-1004653,825.37,Enterprise,Cloud Services,7030,Won
2024-05-30,CB-1004696,354.94,Enterprise,Platform API,4855,Pending
2024-05-30,CB-1004760,263.89,Consumer,Device Protection,4863,Pending
2024-05-30,CB-1004769,417.59,Wholesale,Bulk Voice,4855,Won
2024-05-30,CB-1004783,331.66,Wholesale,Partner Resale,7030,Open
2024-05-30,CB-1004800,331.85,Wholesale,Partner Resale,4863,Lost
2024-05-30,CB-1004804,612.89,Wholesale,IoT SIM,7030,Won
2024-05-30,CB-1004808,326.18,Wholesale,IoT SIM,7030,Lost
2024-05-31,CB-1004698,761.15,Enterprise,Platform API,4837,Pending
2024-05-31,CB-1004702,399.93,Enterprise,Platform API,7030,Won
2024-05-31,CB-1004723,210.94,Consumer,Mobile Plans,4870,Won
2024-05-31,CB-1004727,225.47,Consumer,Mobile Plans,4837,Won
2024-05-31,CB-1004729,346.24,Consumer,Streaming Add-on,4837,Pending
2024-05-31,CB-1004777,397.37,Wholesale,Bulk Voice,4870,Pending
2024-05-31,CB-1004781,237.16,Wholesale,Bulk Voice,4855,Won
2024-06-01,CB-1004820,469.33,Enterprise,Cloud Services,4855,Lost
2024-06-01,CB-1004829,394.19,Enterprise,Cloud Services,4855,Won
2024-06-01,CB-1004835,722.15,Enterprise,Cloud Services,4870,Won
2024-06-01,CB-1004968,215.46,Wholesale,Bulk Voice,4855,Lost
2024-06-01,CB-1004979,383.09,Wholesale,Partner Resale,4837,Lost
2024-06-01,CB-1004992,605.30,Wholesale,IoT SIM,4870,Won
2024-06-02,CB-1004890,141.94,Consumer,Mobile Plans,4871,Lost
2024-06-02,CB-1004893,149.43,Consumer,Mobile Plans,4863,Lost
2024-06-02,CB-1004920,165.51,Consumer,Streaming Add-on,4863,Lost
2024-06-02,CB-1004937,206.17,Consumer,Device Protection,4870,Won
2024-06-02,CB-1004963,443.13,Wholesale,Bulk Voice,4871,Lost
2024-06-03,CB-1004826,510.06,Enterprise,Cloud Services,4837,Lost
2024-06-03,CB-1004842,272.79,Enterprise,Cloud Services,4863,Won
2024-06-03,CB-1004847,714.16,Enterprise,Managed Support,4863,Lost
2024-06-03,CB-1004954,443.81,Wholesale,Bulk Voice,4871,Lost
2024-06-03,CB-1004965,400.12,Wholesale,Bulk Voice,4837,Lost
2024-06-04,CB-1004950,406.20,Wholesale,Bulk Voice,4871,Lost
2024-06-05,CB-1004832,247.27,Enterprise,Cloud Services,4871,Open
2024-06-05,CB-1004913,127.57,Consumer,Streaming Add-on,4855,Won
2024-06-05,CB-1004999,421.27,Wholesale,IoT SIM,4837,Lost
2024-06-06,CB-1004866,251.33,Enterprise,Managed Support,4863,Lost
2024-06-06,CB-1004867,411.34,Enterprise,Managed Support,4863,Won
2024-06-06,CB-1004889,252.66,Consumer,Mobile Plans,4871,Lost
2024-06-06,CB-1004929,286.21,Consumer,Streaming Add-on,4863,Won
2024-06-06,CB-1004958,565.71,Wholesale,Bulk Voice,4837,Won
2024-06-06,CB-1004973,297.08,Wholesale,Partner Resale,4855,Won
2024-06-07,CB-1004817,410.44,Enterprise,Cloud Services,4871,Lost
2024-06-07,CB-1004830,411.96,Enterprise,Cloud Services,4871,Won
2024-06-07,CB-1004848,416.79,Enterprise,Managed Support,4863,Won
2024-06-07,CB-1004851,607.00,Enterprise,Managed Support,4870,Won
2024-06-07,CB-1004854,351.47,Enterprise,Managed Support,4837,Open
2024-06-07,CB-1004865,566.93,Enterprise,Managed Support,7030,Won
2024-06-07,CB-1004934,408.53,Consumer,Device Protection,7030,Lost
2024-06-07,CB-1004944,101.53,Consumer,Device Protection,4855,Lost
2024-06-07,CB-1004949,177.83,Consumer,Device Protection,7030,Won
2024-06-07,CB-1004972,356.68,Wholesale,Partner Resale,4855,Won
2024-06-07,CB-1004987,391.65,Wholesale,Partner Resale,4855,Lost
2024-06-08,CB-1004819,481.33,Enterprise,Cloud Services,4871,Won
2024-06-08,CB-1004833,786.19,Enterprise,Cloud Services,4870,Won
2024-06-08,CB-1004863,624.02,Enterprise,Managed Support,4855,Won
2024-06-08,CB-1004870,501.94,Enterprise,Platform API,4837,Won
2024-06-08,CB-1004877,747.15,Enterprise,Platform API,7030,Won
2024-06-08,CB-1004892,112.93,Consumer,Mobile Plans,4855,Lost
2024-06-08,CB-1004904,291.62,Consumer,Mobile Plans,7030,Won
2024-06-08,CB-1004964,391.24,Wholesale,Bulk Voice,4870,Lost
2024-06-08,CB-1004966,467.36,Wholesale,Bulk Voice,4870,Lost
2024-06-08,CB-1004978,363.97,Wholesale,Partner Resale,4855,Lost
2024-06-09,CB-1004856,791.75,Enterprise,Managed Support,4837,Lost
2024-06-09,CB-1004876,519.13,Enterprise,Platform API,4870,Lost
2024-06-09,CB-1004900,315.13,Consumer,Mobile Plans,4863,Lost
2024-06-09,CB-1004921,328.18,Consumer,Streaming Add-on,7030,Won
2024-06-09,CB-1004976,362.68,Wholesale,Partner Resale,4871,Lost
2024-06-10,CB-1004825,928.91,Enterprise,Cloud Services,7030,Won
2024-06-10,CB-1004849,717.05,Enterprise,Managed Support,4837,Pending
2024-06-10,CB-1004884,623.61,Enterprise,Platform API,7030,Won
2024-06-10,CB-1004961,248.60,Wholesale,Bulk Voice,4863,Won
2024-06-11,CB-1004822,639.34,Enterprise,Cloud Services,4837,Won
2024-06-11,CB-1004837,804.41,Enterprise,Cloud Services,4870,Won
2024-06-11,CB-1004864,417.32,Enterprise,Managed Support,4871,Lost
2024-06-11,CB-1004917,266.62,Consumer,Streaming Add-on,4837,Lost
2024-06-11,CB-1004969,514.51,Wholesale,Bulk Voice,4870,Won
2024-06-11,CB-1004984,264.64,Wholesale,Partner Resale,4870,Lost
2024-06-11,CB-1004993,407.86,Wholesale,IoT SIM,4871,Won
2024-06-11,CB-1005000,267.10,Wholesale,IoT SIM,4870,Lost
2024-06-12,CB-1004862,533.85,Enterprise,Managed Support,4871,Won
2024-06-12,CB-1004874,306.69,Enterprise,Platform API,4837,Won
2024-06-12,CB-1004878,417.67,Enterprise,Platform API,7030,Open
2024-06-12,CB-1004879,617.68,Enterprise,Platform API,4837,Lost
2024-06-12,CB-1004887,328.66,Consumer,Mobile Plans,7030,Lost
2024-06-12,CB-1004945,221.23,Consumer,Device Protection,4855,Pending
2024-06-12,CB-1004952,289.37,Wholesale,Bulk Voice,4871,Lost
2024-06-12,CB-1004959,285.07,Wholesale,Bulk Voice,4855,Lost
2024-06-12,CB-1004962,375.31,Wholesale,Bulk Voice,4837,Won
2024-06-12,CB-1004971,340.08,Wholesale,Bulk Voice,7030,Won
2024-06-12,CB-1004998,485.51,Wholesale,IoT SIM,4855,Lost
2024-06-13,CB-1004821,228.99,Enterprise,Cloud Services,4855,Pending
2024-06-13,CB-1004828,797.90,Enterprise,Cloud Services,7030,Won
2024-06-13,CB-1004860,665.79,Enterprise,Managed Support,4863,Lost
2024-06-13,CB-1004891,167.94,Consumer,Mobile Plans,7030,Pending
2024-06-13,CB-1004955,637.71,Wholesale,Bulk Voice,4870,Lost
2024-06-13,CB-1004967,334.55,Wholesale,Bulk Voice,4855,Won
2024-06-13,CB-1004989,369.39,Wholesale,Partner Resale,4855,Won
2024-06-14,CB-1004858,701.16,Enterprise,Managed Support,4863,Won
2024-06-14,CB-1004883,410.82,Enterprise,Platform API,4855,Lost
2024-06-14,CB-1004905,154.41,Consumer,Mobile Plans,4855,Lost
2024-06-14,CB-1004927,136.08,Consumer,Streaming Add-on,4837,Lost
2024-06-14,CB-1004942,145.62,Consumer,Device Protection,4870,Won
2024-06-14,CB-1004988,329.64,Wholesale,Partner Resale,4855,Pending
2024-06-14,CB-1004991,485.40,Wholesale,IoT SIM,4863,Won
2024-06-14,CB-1004997,394.36,Wholesale,IoT SIM,4870,Open
2024-06-15,CB-1004845,930.25,Enterprise,Managed Support,7030,Won
2024-06-15,CB-1004880,298.06,Enterprise,Platform API,4871,Won
2024-06-15,CB-1004914,209.72,Consumer,Streaming Add-on,4863,Pending
2024-06-15,CB-1004932,236.54,Consumer,Device Protection,4855,Lost
2024-06-15,CB-1004943,101.55,Consumer,Device Protection,4871,Pending
2024-06-16,CB-1004815,331.22,Enterprise,Cloud Services,4837,Lost
2024-06-16,CB-1004823,736.79,Enterprise,Cloud Services,4837,Won
2024-06-16,CB-1004901,200.22,Consumer,Mobile Plans,4863,Lost
2024-06-16,CB-1005001,303.69,Wholesale,IoT SIM,4871,Pending
2024-06-17,CB-1004846,380.72,Enterprise,Managed Support,4871,Pending
2024-06-17,CB-1004852,513.93,Enterprise,Managed Support,7030,Pending
2024-06-17,CB-1004861,652.38,Enterprise,Managed Support,4863,Won
2024-06-17,CB-1004898,166.91,Consumer,Mobile Plans,4837,Won
2024-06-17,CB-1004911,257.01,Consumer,Mobile Plans,4863,Lost
2024-06-17,CB-1004953,213.33,Wholesale,Bulk Voice,4863,Open
2024-06-17,CB-1004985,426.25,Wholesale,Partner Resale,4871,Open
2024-06-18,CB-1004838,535.98,Enterprise,Cloud Services,7030,Lost
2024-06-18,CB-1004872,476.14,Enterprise,Platform API,4870,Lost
2024-06-18,CB-1004906,333.69,Consumer,Mobile Plans,4870,Won
2024-06-18,CB-1004923,311.65,Consumer,Streaming Add-on,7030,Pending
2024-06-18,CB-1004960,226.43,Wholesale,Bulk Voice,4863,Lost
2024-06-18,CB-1004977,381.80,Wholesale,Partner Resale,4855,Lost
2024-06-18,CB-1004980,383.89,Wholesale,Partner Resale,7030,Pending
2024-06-19,CB-1004871,335.92,Enterprise,Platform API,4871,Lost
2024-06-19,CB-1004882,642.65,Enterprise,Platform API,4870,Won
2024-06-19,CB-1004928,251.31,Consumer,Streaming Add-on,4871,Won
2024-06-19,CB-1004936,277.97,Consumer,Device Protection,4855,Pending
2024-06-20,CB-1004824,328.59,Enterprise,Cloud Services,4863,Won
2024-06-20,CB-1004886,154.64,Consumer,Mobile Plans,4870,Pending
2024-06-20,CB-1004897,262.91,Consumer,Mobile Plans,4871,Won
2024-06-20,CB-1004909,213.51,Consumer,Mobile Plans,4837,Won
2024-06-21,CB-1004853,633.13,Enterprise,Managed Support,7030,Won
2024-06-21,CB-1004902,397.32,Consumer,Mobile Plans,7030,Won
2024-06-21,CB-1004910,374.05,Consumer,Mobile Plans,7030,Won
2024-06-21,CB-1004930,126.38,Consumer,Device Protection,4863,Pending
2024-06-21,CB-1004940,229.12,Consumer,Device Protection,4863,Lost
2024-06-21,CB-1004996,475.49,Wholesale,IoT SIM,4837,Won
2024-06-22,CB-1004816,672.13,Enterprise,Cloud Services,4870,Pending
2024-06-22,CB-1004840,251.26,Enterprise,Cloud Services,4863,Lost
2024-06-22,CB-1004844,763.48,Enterprise,Managed Support,7030,Pending
2024-06-22,CB-1004850,584.39,Enterprise,Managed Support,4863,Won
2024-06-22,CB-1004857,293.23,Enterprise,Managed Support,4863,Won
2024-06-22,CB-1004868,578.22,Enterprise,Platform API,4837,Open
2024-06-22,CB-1004970,232.43,Wholesale,Bulk Voice,4855,Won
2024-06-23,CB-1004831,644.94,Enterprise,Cloud Services,4837,Open
2024-06-23,CB-1004834,414.18,Enterprise,Cloud Services,4855,Pending
2024-06-23,CB-1004919,246.40,Consumer,Streaming Add-on,7030,Won
2024-06-23,CB-1004995,639.28,Wholesale,IoT SIM,7030,Open
2024-06-24,CB-1004812,443.69,Enterprise,Cloud Services,7030,Pending
2024-06-24,CB-1004836,642.91,Enterprise,Cloud Services,4855,Lost
2024-06-24,CB-1004839,562.34,Enterprise,Cloud Services,4863,Lost
2024-06-24,CB-1004875,361.96,Enterprise,Platform API,7030,Won
2024-06-24,CB-1004907,188.35,Consumer,Mobile Plans,4855,Won
2024-06-24,CB-1004924,179.62,Consumer,Streaming Add-on,4863,Won
2024-06-24,CB-1004931,277.10,Consumer,Device Protection,4870,Pending
2024-06-24,CB-1004933,224.02,Consumer,Device Protection,4855,Won
2024-06-24,CB-1004956,429.05,Wholesale,Bulk Voice,4863,Pending
2024-06-24,CB-1004994,503.48,Wholesale,IoT SIM,4837,Lost
2024-06-25,CB-1004814,607.26,Enterprise,Cloud Services,4863,Open
2024-06-25,CB-1004827,675.48,Enterprise,Cloud Services,7030,Pending
2024-06-25,CB-1004841,475.50,Enterprise,Cloud Services,4863,Won
2024-06-25,CB-1004843,586.24,Enterprise,Cloud Services,7030,Pending
2024-06-25,CB-1004873,380.71,Enterprise,Platform API,4871,Won
2024-06-25,CB-1004885,273.24,Enterprise,Platform API,4871,Lost
2024-06-25,CB-1004888,218.47,Consumer,Mobile Plans,4871,Lost
2024-06-25,CB-1004925,320.06,Consumer,Streaming Add-on,4837,Lost
2024-06-25,CB-1004926,227.87,Consumer,Streaming Add-on,4837,Lost
2024-06-25,CB-1004986,424.94,Wholesale,Partner Resale,4863,Lost
2024-06-26,CB-1004855,432.51,Enterprise,Managed Support,4871,Won
2024-06-26,CB-1004896,257.44,Consumer,Mobile Plans,7030,Pending
2024-06-26,CB-1004903,350.89,Consumer,Mobile Plans,4837,Open
2024-06-26,CB-1004912,153.14,Consumer,Mobile Plans,7030,Won
2024-06-26,CB-1004916,260.26,Consumer,Streaming Add-on,4871,Lost
2024-06-26,CB-1004939,292.22,Consumer,Device Protection,4863,Pending
2024-06-26,CB-1004946,156.52,Consumer,Device Protection,4855,Lost
2024-06-26,CB-1004947,357.60,Consumer,Device Protection,4870,Open
2024-06-26,CB-1004951,243.17,Wholesale,Bulk Voice,4855,Open
2024-06-26,CB-1004981,271.61,Wholesale,Partner Resale,4837,Lost
2024-06-27,CB-1004938,190.33,Consumer,Device Protection,4837,Won
2024-06-27,CB-1004948,217.14,Consumer,Device Protection,4863,Lost
2024-06-27,CB-1004990,294.68,Wholesale,IoT SIM,4871,Lost
2024-06-28,CB-1004813,624.76,Enterprise,Cloud Services,4870,Won
2024-06-28,CB-1004818,929.75,Enterprise,Cloud Services,7030,Pending
2024-06-28,CB-1004859,368.38,Enterprise,Managed Support,4871,Open
2024-06-28,CB-1004894,268.33,Consumer,Mobile Plans,4855,Won
2024-06-28,CB-1004922,284.40,Consumer,Streaming Add-on,4837,Lost
2024-06-28,CB-1004982,576.34,Wholesale,Partner Resale,4870,Pending
2024-06-29,CB-1004869,336.93,Enterprise,Platform API,4855,Open
2024-06-29,CB-1004915,249.60,Consumer,Streaming Add-on,4871,Pending
2024-06-29,CB-1004935,93.06,Consumer,Device Protection,4871,Open
2024-06-29,CB-1004941,216.65,Consumer,Device Protection,4837,Pending
2024-06-29,CB-1004975,574.85,Wholesale,Partner Resale,4870,Lost
2024-06-29,CB-1004983,572.92,Wholesale,Partner Resale,4837,Won
2024-06-30,CB-1004881,400.85,Enterprise,Platform API,4871,Open
2024-06-30,CB-1004895,311.20,Consumer,Mobile Plans,7030,Open
2024-06-30,CB-1004899,283.78,Consumer,Mobile Plans,7030,Won
2024-06-30,CB-1004908,162.88,Consumer,Mobile Plans,4870,Lost
2024-06-30,CB-1004918,300.87,Consumer,Streaming Add-on,7030,Pending
2024-06-30,CB-1004957,505.20,Wholesale,Bulk Voice,4863,Lost
2024-06-30,CB-1004974,341.98,Wholesale,Partner Resale,4863,Lost
2024-07-01,CB-1005011,877.22,Enterprise,Cloud Services,7030,Pending
2024-07-01,CB-1005029,569.58,Enterprise,Cloud Services,4837,Open
2024-07-01,CB-1005071,291.96,Enterprise,Platform API,4870,Open
2024-07-01,CB-1005109,118.11,Consumer,Streaming Add-on,4855,Won
2024-07-01,CB-1005153,657.16,Wholesale,Bulk Voice,7030,Pending
2024-07-01,CB-1005161,393.22,Wholesale,Partner Resale,4863,Lost
2024-07-02,CB-1005038,381.19,Enterprise,Managed Support,4871,Won
2024-07-02,CB-1005079,289.08,Consumer,Mobile Plans,4863,Lost
2024-07-02,CB-1005139,214.28,Wholesale,Bulk Voice,4871,Lost
2024-07-03,CB-1005108,240.57,Consumer,Streaming Add-on,4837,Won
2024-07-03,CB-1005158,411.09,Wholesale,Bulk Voice,4870,Won
2024-07-04,CB-1005037,524.43,Enterprise,Managed Support,7030,Pending
2024-07-04,CB-1005059,399.06,Enterprise,Platform API,4837,Won
2024-07-04,CB-1005061,209.18,Enterprise,Platform API,4871,Lost
2024-07-04,CB-1005070,470.79,Enterprise,Platform API,4855,Open
2024-07-04,CB-1005076,145.30,Consumer,Mobile Plans,4837,Pending
2024-07-04,CB-1005184,206.40,Wholesale,IoT SIM,4855,Lost
2024-07-05,CB-1005077,214.75,Consumer,Mobile Plans,4837,Open
2024-07-05,CB-1005087,241.73,Consumer,Mobile Plans,4870,Pending
2024-07-05,CB-1005131,370.82,Consumer,Device Protection,7030,Pending
2024-07-05,CB-1005166,443.42,Wholesale,Partner Resale,4871,Won
2024-07-05,CB-1005176,574.88,Wholesale,IoT SIM,4837,Lost
2024-07-06,CB-1005002,572.20,Enterprise,Cloud Services,4855,Open
2024-07-06,CB-1005010,258.46,Enterprise,Cloud Services,4871,Pending
2024-07-06,CB-1005044,551.31,Enterprise,Managed Support,4871,Pending
2024-07-06,CB-1005057,640.50,Enterprise,Platform API,4870,Lost
2024-07-06,CB-1005065,696.75,Enterprise,Platform API,4863,Pending
2024-07-06,CB-1005069,607.31,Enterprise,Platform API,4855,Lost
2024-07-06,CB-1005122,177.16,Consumer,Device Protection,4855,Lost
2024-07-06,CB-1005144,382.73,Wholesale,Bulk Voice,4855,Pending
2024-07-06,CB-1005163,435.57,Wholesale,Partner Resale,4871,Won
2024-07-07,CB-1005013,434.64,Enterprise,Cloud Services,4863,Lost
2024-07-07,CB-1005026,503.78,Enterprise,Cloud Services,7030,Won
2024-07-07,CB-1005075,921.21,Enterprise,Platform API,7030,Open
2024-07-07,CB-1005137,132.79,Consumer,Device Protection,4863,Won
2024-07-07,CB-1005138,532.53,Wholesale,Bulk Voice,4863,Pending
2024-07-07,CB-1005174,445.15,Wholesale,Partner Resale,4871,Won
2024-07-07,CB-1005179,425.10,Wholesale,IoT SIM,4863,Lost
2024-07-08,CB-1005014,515.51,Enterprise,Cloud Services,4855,Won
2024-07-08,CB-1005017,393.38,Enterprise,Cloud Services,4871,Won
2024-07-08,CB-1005067,583.58,Enterprise,Platform API,4863,Won
2024-07-08,CB-1005096,195.03,Consumer,Mobile Plans,4863,Lost
2024-07-08,CB-1005119,235.97,Consumer,Device Protection,4870,Won
2024-07-08,CB-1005142,309.00,Wholesale,Bulk Voice,4871,Open
2024-07-08,CB-1005147,286.14,Wholesale,Bulk Voice,4837,Won
2024-07-09,CB-1005056,281.15,Enterprise,Platform API,4855,Pending
2024-07-09,CB-1005132,290.61,Consumer,Device Protection,4870,Won
2024-07-09,CB-1005162,285.27,Wholesale,Partner Resale,7030,Won
2024-07-10,CB-1005019,702.34,Enterprise,Cloud Services,7030,Won
2024-07-10,CB-1005164,433.59,Wholesale,Partner Resale,4871,Open
2024-07-10,CB-1005170,361.82,Wholesale,Partner Resale,4855,Open
2024-07-10,CB-1005173,342.95,Wholesale,Partner Resale,4871,Open
2024-07-11,CB-1005036,309.54,Enterprise,Managed Support,4837,Lost
2024-07-11,CB-1005047,311.04,Enterprise,Managed Support,4871,Lost
2024-07-11,CB-1005051,760.64,Enterprise,Managed Support,4870,Pending
2024-07-11,CB-1005055,655.10,Enterprise,Platform API,4870,Pending
2024-07-11,CB-1005058,350.99,Enterprise,Platform API,4855,Lost
2024-07-11,CB-1005097,177.61,Consumer,Mobile Plans,4871,Open
2024-07-11,CB-1005110,282.94,Consumer,Streaming Add-on,4837,Lost
2024-07-11,CB-1005120,333.72,Consumer,Device Protection,7030,Won
2024-07-11,CB-1005125,180.10,Consumer,Device Protection,4863,Won
2024-07-12,CB-1005022,812.12,Enterprise,Cloud Services,7030,Pending
2024-07-12,CB-1005035,302.63,Enterprise,Managed Support,4863,Lost
2024-07-12,CB-1005040,796.66,Enterprise,Managed Support,7030,Won
2024-07-12,CB-1005063,750.88,Enterprise,Platform API,7030,Lost
2024-07-12,CB-1005086,110.59,Consumer,Mobile Plans,4855,Lost
2024-07-12,CB-1005152,369.91,Wholesale,Bulk Voice,4855,Pending
2024-07-12,CB-1005177,495.43,Wholesale,IoT SIM,4870,Pending
2024-07-13,CB-1005049,320.47,Enterprise,Managed Support,4863,Won
2024-07-13,CB-1005053,431.01,Enterprise,Managed Support,7030,Pending
2024-07-13,CB-1005073,282.43,Enterprise,Platform API,4837,Won
2024-07-13,CB-1005126,342.88,Consumer,Device Protection,7030,Won
2024-07-13,CB-1005160,516.85,Wholesale,Partner Resale,4863,Won
2024-07-14,CB-1005003,490.37,Enterprise,Cloud Services,7030,Won
2024-07-14,CB-1005018,427.19,Enterprise,Cloud Services,4871,Won
2024-07-14,CB-1005030,274.29,Enterprise,Cloud Services,4863,Pending
2024-07-14,CB-1005031,459.99,Enterprise,Cloud Services,4837,Lost
2024-07-14,CB-1005129,212.62,Consumer,Device Protection,4837,Lost
2024-07-14,CB-1005156,300.07,Wholesale,Bulk Voice,4855,Pending
2024-07-14,CB-1005168,344.68,Wholesale,Partner Resale,7030,Lost
2024-07-14,CB-1005178,422.77,Wholesale,IoT SIM,7030,Lost
2024-07-15,CB-1005032,488.98,Enterprise,Managed Support,4855,Lost
2024-07-15,CB-1005033,626.64,Enterprise,Managed Support,4863,Lost
2024-07-15,CB-1005048,314.26,Enterprise,Managed Support,4855,Won
2024-07-15,CB-1005052,381.91,Enterprise,Managed Support,4855,Won
2024-07-15,CB-1005095,305.08,Consumer,Mobile Plans,4837,Lost
2024-07-15,CB-1005116,266.13,Consumer,Streaming Add-on,4863,Won
2024-07-15,CB-1005149,236.19,Wholesale,Bulk Voice,4871,Won
2024-07-15,CB-1005157,206.84,Wholesale,Bulk Voice,4871,Lost
2024-07-15,CB-1005167,260.55,Wholesale,Partner Resale,4871,Won
2024-07-15,CB-1005169,567.95,Wholesale,Partner Resale,4837,Pending
2024-07-16,CB-1005034,311.33,Enterprise,Managed Support,4855,Lost
2024-07-16,CB-1005062,458.20,Enterprise,Platform API,4871,Lost
2024-07-16,CB-1005094,296.33,Consumer,Mobile Plans,7030,Won
2024-07-16,CB-1005134,215.25,Consumer,Device Protection,4837,Won
2024-07-17,CB-1005015,356.12,Enterprise,Cloud Services,4855,Lost
2024-07-17,CB-1005085,269.74,Consumer,Mobile Plans,4837,Open
2024-07-17,CB-1005089,198.19,Consumer,Mobile Plans,4870,Won
2024-07-17,CB-1005113,310.62,Consumer,Streaming Add-on,4863,Lost
2024-07-17,CB-1005121,138.47,Consumer,Device Protection,4871,Lost
2024-07-18,CB-1005008,632.10,Enterprise,Cloud Services,4863,Pending
2024-07-18,CB-1005093,187.46,Consumer,Mobile Plans,4871,Lost
2024-07-18,CB-1005115,188.22,Consumer,Streaming Add-on,4837,Won
2024-07-18,CB-1005117,226.60,Consumer,Device Protection,7030,Pending
2024-07-18,CB-1005148,353.87,Wholesale,Bulk Voice,4871,Lost
2024-07-19,CB-1005005,638.98,Enterprise,Cloud Services,7030,Lost
2024-07-19,CB-1005016,275.28,Enterprise,Cloud Services,4871,Lost
2024-07-19,CB-1005027,590.88,Enterprise,Cloud Services,4870,Lost
2024-07-19,CB-1005107,341.14,Consumer,Streaming Add-on,4870,Pending
2024-07-19,CB-1005124,215.40,Consumer,Device Protection,4837,Won
2024-07-20,CB-1005041,389.03,Enterprise,Managed Support,4871,Lost
2024-07-20,CB-1005064,630.16,Enterprise,Platform API,4837,Lost
2024-07-20,CB-1005066,308.27,Enterprise,Platform API,4855,Lost
2024-07-20,CB-1005098,245.20,Consumer,Mobile Plans,4837,Won
2024-07-20,CB-1005106,318.81,Consumer,Streaming Add-on,7030,Pending
2024-07-20,CB-1005128,340.57,Consumer,Device Protection,7030,Won
2024-07-20,CB-1005136,167.69,Consumer,Device Protection,7030,Won
2024-07-21,CB-1005025,253.81,Enterprise,Cloud Services,4855,Pending
2024-07-21,CB-1005092,368.88,Consumer,Mobile Plans,4870,Won
2024-07-21,CB-1005101,239.57,Consumer,Mobile Plans,4837,Won
2024-07-21,CB-1005103,309.72,Consumer,Streaming Add-on,7030,Won
2024-07-21,CB-1005141,315.24,Wholesale,Bulk Voice,4863,Lost
2024-07-22,CB-1005024,588.27,Enterprise,Cloud Services,4871,Lost
2024-07-22,CB-1005042,734.34,Enterprise,Managed Support,4870,Lost
2024-07-22,CB-1005081,305.95,Consumer,Mobile Plans,4863,Won
2024-07-22,CB-1005083,235.95,Consumer,Mobile Plans,4837,Won
2024-07-22,CB-1005088,195.72,Consumer,Mobile Plans,4871,Lost
2024-07-22,CB-1005105,329.03,Consumer,Streaming Add-on,4837,Open
2024-07-22,CB-1005146,660.02,Wholesale,Bulk Voice,7030,Won
2024-07-22,CB-1005180,590.13,Wholesale,IoT SIM,4870,Pending
2024-07-23,CB-1005043,276.74,Enterprise,Managed Support,4863,Pending
2024-07-23,CB-1005090,158.27,Consumer,Mobile Plans,4837,Won
2024-07-23,CB-1005091,347.18,Consumer,Mobile Plans,7030,Pending
2024-07-23,CB-1005111,274.55,Consumer,Streaming Add-on,4870,Pending
2024-07-23,CB-1005140,288.87,Wholesale,Bulk Voice,7030,Lost
2024-07-23,CB-1005183,341.22,Wholesale,IoT SIM,7030,Open
2024-07-24,CB-1005021,283.50,Enterprise,Cloud Services,4837,Won
2024-07-24,CB-1005060,726.59,Enterprise,Platform API,4863,Pending
2024-07-24,CB-1005104,244.76,Consumer,Streaming Add-on,4871,Pending
2024-07-24,CB-1005112,167.18,Consumer,Streaming Add-on,4855,Won
2024-07-24,CB-1005145,376.74,Wholesale,Bulk Voice,4855,Pending
2024-07-24,CB-1005155,286.20,Wholesale,Bulk Voice,7030,Won
2024-07-25,CB-1005006,300.50,Enterprise,Cloud Services,4863,Lost
2024-07-25,CB-1005050,367.76,Enterprise,Managed Support,4837,Lost
2024-07-25,CB-1005074,503.15,Enterprise,Platform API,4863,Won
2024-07-25,CB-1005118,273.43,Consumer,Device Protection,4837,Won
2024-07-25,CB-1005123,293.82,Consumer,Device Protection,7030,Open
2024-07-25,CB-1005127,228.99,Consumer,Device Protection,4837,Lost
2024-07-25,CB-1005135,230.13,Consumer,Device Protection,4855,Won
2024-07-25,CB-1005143,264.34,Wholesale,Bulk Voice,4863,Won
2024-07-25,CB-1005172,362.72,Wholesale,Partner Resale,7030,Won
2024-07-26,CB-1005046,361.40,Enterprise,Managed Support,4855,Lost
2024-07-26,CB-1005054,510.67,Enterprise,Managed Support,7030,Pending
2024-07-26,CB-1005150,428.54,Wholesale,Bulk Voice,7030,Pending
2024-07-27,CB-1005023,656.23,Enterprise,Cloud Services,7030,Lost
2024-07-27,CB-1005078,236.71,Consumer,Mobile Plans,7030,Pending
2024-07-27,CB-1005082,233.76,Consumer,Mobile Plans,4870,Lost
2024-07-27,CB-1005102,262.26,Consumer,Streaming Add-on,4855,Lost
2024-07-27,CB-1005175,560.72,Wholesale,IoT SIM,7030,Won
2024-07-28,CB-1005007,469.05,Enterprise,Cloud Services,4855,Won
2024-07-28,CB-1005072,406.30,Enterprise,Platform API,4855,Pending
2024-07-28,CB-1005080,100.06,Consumer,Mobile Plans,4855,Won
2024-07-28,CB-1005084,308.09,Consumer,Mobile Plans,4837,Lost
2024-07-28,CB-1005100,289.87,Consumer,Mobile Plans,4863,Won
2024-07-28,CB-1005159,449.99,Wholesale,Bulk Voice,4871,Pending
2024-07-28,CB-1005171,400.53,Wholesale,Partner Resale,4863,Won
2024-07-28,CB-1005181,458.31,Wholesale,IoT SIM,4855,Pending
2024-07-28,CB-1005185,277.60,Wholesale,IoT SIM,4863,Pending
2024-07-29,CB-1005012,551.75,Enterprise,Cloud Services,4837,Open
2024-07-29,CB-1005028,670.32,Enterprise,Cloud Services,4837,Open
2024-07-29,CB-1005045,343.17,Enterprise,Managed Support,4837,Lost
2024-07-29,CB-1005130,191.14,Consumer,Device Protection,4837,Lost
2024-07-29,CB-1005151,427.43,Wholesale,Bulk Voice,4837,Won
2024-07-29,CB-1005154,209.74,Wholesale,Bulk Voice,4837,Open
2024-07-29,CB-1005186,302.54,Wholesale,IoT SIM,4871,Won
2024-07-30,CB-1005020,332.80,Enterprise,Cloud Services,4855,Lost
2024-07-30,CB-1005039,583.75,Enterprise,Managed Support,7030,Pending
2024-07-30,CB-1005068,788.19,Enterprise,Platform API,4837,Open
2024-07-30,CB-1005099,189.04,Consumer,Mobile Plans,4837,Open
2024-07-30,CB-1005165,410.48,Wholesale,Partner Resale,4863,Lost
2024-07-31,CB-1005004,736.80,Enterprise,Cloud Services,7030,Won
2024-07-31,CB-1005009,530.31,Enterprise,Cloud Services,7030,Pending
2024-07-31,CB-1005114,124.94,Consumer,Streaming Add-on,4871,Lost
2024-07-31,CB-1005133,269.17,Consumer,Device Protection,4863,Won
2024-07-31,CB-1005182,365.63,Wholesale,IoT SIM,4837,Won
2024-08-01,CB-1005195,398.40,Enterprise,Cloud Services,4870,Pending
2024-08-01,CB-1005262,143.44,Consumer,Mobile Plans,4863,Lost
2024-08-01,CB-1005263,405.70,Consumer,Mobile Plans,7030,Lost
2024-08-01,CB-1005285,247.17,Consumer,Device Protection,4855,Lost
2024-08-02,CB-1005194,383.62,Enterprise,Cloud Services,4871,Won
2024-08-02,CB-1005273,161.82,Consumer,Streaming Add-on,4863,Lost
2024-08-02,CB-1005289,207.99,Consumer,Device Protection,4863,Lost
2024-08-03,CB-1005196,520.15,Enterprise,Cloud Services,4871,Won
2024-08-03,CB-1005213,702.25,Enterprise,Managed Support,7030,Open
2024-08-03,CB-1005222,363.19,Enterprise,Managed Support,4871,Pending
2024-08-03,CB-1005332,235.13,Wholesale,Partner Resale,4837,Open
2024-08-03,CB-1005339,489.32,Wholesale,IoT SIM,4863,Lost
2024-08-04,CB-1005234,422.68,Enterprise,Platform API,7030,Lost
2024-08-04,CB-1005255,123.61,Consumer,Mobile Plans,4855,Open
2024-08-04,CB-1005265,237.06,Consumer,Mobile Plans,4871,Pending
2024-08-04,CB-1005306,172.04,Wholesale,Bulk Voice,4871,Lost
2024-08-04,CB-1005331,460.06,Wholesale,Partner Resale,4863,Won
2024-08-05,CB-1005189,244.97,Enterprise,Cloud Services,4855,Lost
2024-08-05,CB-1005231,679.99,Enterprise,Platform API,4863,Pending
2024-08-05,CB-1005249,89.71,Consumer,Mobile Plans,4871,Lost
2024-08-05,CB-1005287,117.61,Consumer,Device Protection,4871,Won
2024-08-05,CB-1005294,298.95,Consumer,Device Protection,4837,Lost
2024-08-05,CB-1005298,317.93,Consumer,Device Protection,7030,Won
2024-08-05,CB-1005326,432.74,Wholesale,Partner Resale,4870,Won
2024-08-06,CB-1005199,670.96,Enterprise,Cloud Services,4837,Lost
2024-08-06,CB-1005211,377.06,Enterprise,Managed Support,4870,Lost
2024-08-06,CB-1005325,430.52,Wholesale,Partner Resale,4863,Open
2024-08-07,CB-1005227,667.42,Enterprise,Managed Support,4870,Lost
2024-08-07,CB-1005245,495.85,Enterprise,Platform API,4871,Open
2024-08-07,CB-1005254,233.93,Consumer,Mobile Plans,4870,Lost
2024-08-07,CB-1005279,223.80,Consumer,Streaming Add-on,7030,Won
2024-08-08,CB-1005233,395.14,Enterprise,Platform API,4863,Pending
2024-08-08,CB-1005280,261.22,Consumer,Streaming Add-on,4870,Lost
2024-08-08,CB-1005297,256.63,Consumer,Device Protection,4870,Lost
2024-08-08,CB-1005310,582.68,Wholesale,Bulk Voice,4837,Pending
2024-08-09,CB-1005244,645.52,Enterprise,Platform API,4837,Lost
2024-08-09,CB-1005264,184.09,Consumer,Mobile Plans,4855,Lost
2024-08-09,CB-1005274,104.89,Consumer,Streaming Add-on,4871,Lost
2024-08-10,CB-1005206,480.02,Enterprise,Cloud Services,4837,Pending
2024-08-10,CB-1005207,483.62,Enterprise,Cloud Services,4855,Open
2024-08-10,CB-1005232,272.68,Enterprise,Platform API,4871,Lost
2024-08-10,CB-1005236,701.36,Enterprise,Platform API,4870,Pending
2024-08-10,CB-1005241,539.17,Enterprise,Platform API,4863,Lost
2024-08-10,CB-1005268,258.94,Consumer,Mobile Plans,4870,Lost
2024-08-10,CB-1005272,338.96,Consumer,Streaming Add-on,4870,Won
2024-08-10,CB-1005293,164.41,Consumer,Device Protection,4837,Won
2024-08-10,CB-1005317,381.99,Wholesale,Bulk Voice,4870,Won
2024-08-10,CB-1005338,384.55,Wholesale,IoT SIM,4837,Lost
2024-08-11,CB-1005271,237.22,Consumer,Streaming Add-on,7030,Won
2024-08-11,CB-1005303,413.44,Wholesale,Bulk Voice,4855,Pending
2024-08-12,CB-1005197,579.04,Enterprise,Cloud Services,4863,Won
2024-08-12,CB-1005200,513.06,Enterprise,Cloud Services,4855,Pending
2024-08-12,CB-1005217,556.70,Enterprise,Managed Support,4863,Lost
2024-08-12,CB-1005226,544.39,Enterprise,Managed Support,7030,Pending
2024-08-12,CB-1005237,836.04,Enterprise,Platform API,7030,Won
2024-08-12,CB-1005260,323.65,Consumer,Mobile Plans,4837,Won
2024-08-12,CB-1005266,247.43,Consumer,Mobile Plans,4871,Won
2024-08-12,CB-1005276,270.42,Consumer,Streaming Add-on,4863,Lost
2024-08-12,CB-1005281,252.82,Consumer,Streaming Add-on,7030,Open
2024-08-12,CB-1005314,404.84,Wholesale,Bulk Voice,7030,Pending
2024-08-13,CB-1005204,566.86,Enterprise,Cloud Services,4871,Pending
2024-08-13,CB-1005228,267.04,Enterprise,Managed Support,4855,Won
2024-08-13,CB-1005247,452.21,Enterprise,Platform API,4871,Won
2024-08-13,CB-1005256,203.39,Consumer,Mobile Plans,7030,Lost
2024-08-13,CB-1005302,358.14,Wholesale,Bulk Voice,4855,Lost
2024-08-13,CB-1005307,333.36,Wholesale,Bulk Voice,4871,Lost
2024-08-14,CB-1005291,362.23,Consumer,Device Protection,7030,Pending
2024-08-14,CB-1005341,353.93,Wholesale,IoT SIM,4837,Lost
2024-08-15,CB-1005220,582.51,Enterprise,Managed Support,4871,Lost
2024-08-15,CB-1005223,864.43,Enterprise,Managed Support,7030,Pending
2024-08-15,CB-1005257,186.29,Consumer,Mobile Plans,4855,Won
2024-08-15,CB-1005292,345.92,Consumer,Device Protection,7030,Won
2024-08-15,CB-1005296,218.54,Consumer,Device Protection,4855,Open
2024-08-16,CB-1005198,258.71,Enterprise,Cloud Services,4863,Lost
2024-08-16,CB-1005214,342.87,Enterprise,Managed Support,4855,Lost
2024-08-16,CB-1005304,421.86,Wholesale,Bulk Voice,4837,Won
2024-08-16,CB-1005312,423.81,Wholesale,Bulk Voice,7030,Won
2024-08-16,CB-1005322,442.72,Wholesale,Partner Resale,4870,Lost
2024-08-16,CB-1005336,223.56,Wholesale,IoT SIM,4863,Won
2024-08-17,CB-1005215,322.51,Enterprise,Managed Support,4855,Pending
2024-08-17,CB-1005267,221.04,Consumer,Mobile Plans,4837,Open
2024-08-17,CB-1005327,593.36,Wholesale,Partner Resale,4870,Won
2024-08-17,CB-1005344,561.36,Wholesale,IoT SIM,7030,Lost
2024-08-18,CB-1005187,676.54,Enterprise,Cloud Services,4837,Won
2024-08-18,CB-1005188,487.07,Enterprise,Cloud Services,7030,Lost
2024-08-18,CB-1005191,345.79,Enterprise,Cloud Services,4863,Won
2024-08-18,CB-1005221,505.56,Enterprise,Managed Support,4870,Won
2024-08-18,CB-1005229,446.60,Enterprise,Managed Support,4837,Won
2024-08-18,CB-1005242,285.80,Enterprise,Platform API,4871,Open
2024-08-18,CB-1005259,258.37,Consumer,Mobile Plans,4855,Open
2024-08-18,CB-1005283,125.95,Consumer,Device Protection,4871,Lost
2024-08-18,CB-1005320,213.48,Wholesale,Bulk Voice,4870,Open
2024-08-18,CB-1005323,523.14,Wholesale,Partner Resale,7030,Open
2024-08-18,CB-1005346,325.48,Wholesale,IoT SIM,4837,Lost
2024-08-19,CB-1005250,154.53,Consumer,Mobile Plans,4863,Lost
2024-08-19,CB-1005277,324.67,Consumer,Streaming Add-on,7030,Open
2024-08-20,CB-1005253,238.50,Consumer,Mobile Plans,4863,Lost
2024-08-20,CB-1005315,530.81,Wholesale,Bulk Voice,4863,Open
2024-08-21,CB-1005219,273.58,Enterprise,Managed Support,4871,Lost
2024-08-21,CB-1005225,596.27,Enterprise,Managed Support,4871,Pending
2024-08-21,CB-1005251,198.62,Consumer,Mobile Plans,4863,Won
2024-08-21,CB-1005261,313.73,Consumer,Mobile Plans,7030,Lost
2024-08-21,CB-1005270,132.49,Consumer,Streaming Add-on,4837,Pending
2024-08-21,CB-1005309,380.00,Wholesale,Bulk Voice,4863,Lost
2024-08-21,CB-1005311,233.41,Wholesale,Bulk Voice,4837,Lost
2024-08-21,CB-1005321,278.18,Wholesale,Partner Resale,4863,Lost
2024-08-21,CB-1005347,174.92,Wholesale,IoT SIM,4871,Pending
2024-08-22,CB-1005205,546.26,Enterprise,Cloud Services,4870,Won
2024-08-22,CB-1005258,227.16,Consumer,Mobile Plans,4837,Open
2024-08-22,CB-1005295,315.26,Consumer,Device Protection,4870,Won
2024-08-22,CB-1005319,442.21,Wholesale,Bulk Voice,4855,Pending
2024-08-22,CB-1005330,247.69,Wholesale,Partner Resale,4870,Pending
2024-08-22,CB-1005333,458.00,Wholesale,Partner Resale,4837,Lost
2024-08-23,CB-1005210,372.16,Enterprise,Managed Support,4863,Lost
2024-08-23,CB-1005218,470.59,Enterprise,Managed Support,4855,Won
2024-08-23,CB-1005243,687.42,Enterprise,Platform API,7030,Won
2024-08-23,CB-1005301,241.09,Consumer,Device Protection,7030,Won
2024-08-23,CB-1005324,618.46,Wholesale,Partner Resale,4870,Won
2024-08-24,CB-1005209,500.05,Enterprise,Cloud Services,4837,Lost
2024-08-24,CB-1005239,443.99,Enterprise,Platform API,4837,Won
2024-08-24,CB-1005275,254.06,Consumer,Streaming Add-on,4855,Lost
2024-08-24,CB-1005299,109.54,Consumer,Device Protection,4863,Pending
2024-08-25,CB-1005203,559.29,Enterprise,Cloud Services,4870,Pending
2024-08-25,CB-1005248,373.34,Enterprise,Platform API,4870,Pending
2024-08-25,CB-1005282,243.71,Consumer,Streaming Add-on,4863,Lost
2024-08-25,CB-1005284,306.08,Consumer,Device Protection,4863,Lost
2024-08-25,CB-1005286,228.24,Consumer,Device Protection,4855,Pending
2024-08-26,CB-1005208,651.17,Enterprise,Cloud Services,4837,Won
2024-08-26,CB-1005235,644.07,Enterprise,Platform API,4837,Lost
2024-08-26,CB-1005278,310.19,Consumer,Streaming Add-on,4870,Won
2024-08-26,CB-1005318,309.11,Wholesale,Bulk Voice,4871,Lost
2024-08-26,CB-1005340,324.73,Wholesale,IoT SIM,4837,Pending
2024-08-27,CB-1005190,435.89,Enterprise,Cloud Services,4837,Lost
2024-08-27,CB-1005212,411.68,Enterprise,Managed Support,4837,Won
2024-08-27,CB-1005216,525.57,Enterprise,Managed Support,4863,Won
2024-08-27,CB-1005240,628.58,Enterprise,Platform API,7030,Open
2024-08-27,CB-1005269,178.64,Consumer,Mobile Plans,4870,Lost
2024-08-27,CB-1005305,261.05,Wholesale,Bulk Voice,4870,Pending
2024-08-27,CB-1005328,310.07,Wholesale,Partner Resale,4855,Pending
2024-08-27,CB-1005329,425.26,Wholesale,Partner Resale,4855,Open
2024-08-27,CB-1005334,314.87,Wholesale,Partner Resale,4871,Won
2024-08-27,CB-1005342,411.97,Wholesale,IoT SIM,4870,Won
2024-08-28,CB-1005192,595.05,Enterprise,Cloud Services,4870,Won
2024-08-28,CB-1005193,678.83,Enterprise,Cloud Services,4837,Pending
2024-08-28,CB-1005238,451.14,Enterprise,Platform API,4863,Open
2024-08-28,CB-1005288,266.48,Consumer,Device Protection,4863,Open
2024-08-29,CB-1005224,429.19,Enterprise,Managed Support,4871,Lost
2024-08-29,CB-1005230,555.12,Enterprise,Managed Support,4837,Pending
2024-08-29,CB-1005252,265.43,Consumer,Mobile Plans,4863,Lost
2024-08-29,CB-1005300,272.02,Consumer,Device Protection,4855,Pending
2024-08-29,CB-1005308,427.69,Wholesale,Bulk Voice,4855,Open
2024-08-29,CB-1005313,467.95,Wholesale,Bulk Voice,4837,Lost
2024-08-29,CB-1005337,509.87,Wholesale,IoT SIM,4863,Pending
2024-08-29,CB-1005343,415.24,Wholesale,IoT SIM,4871,Won
2024-08-29,CB-1005345,442.44,Wholesale,IoT SIM,4871,Won
2024-08-30,CB-1005202,342.23,Enterprise,Cloud Services,4837,Pending
2024-08-30,CB-1005335,231.29,Wholesale,Partner Resale,4870,Lost
2024-08-31,CB-1005201,642.17,Enterprise,Cloud Services,4870,Lost
2024-08-31,CB-1005246,536.13,Enterprise,Platform API,4870,Won
2024-08-31,CB-1005290,168.92,Consumer,Device Protection,4855,Lost
2024-08-31,CB-1005316,275.63,Wholesale,Bulk Voice,4863,Won
2024-09-01,CB-1005422,340.10,Consumer,Mobile Plans,7030,Pending
2024-09-01,CB-1005455,216.41,Consumer,Device Protection,4863,Won
2024-09-02,CB-1005444,146.08,Consumer,Streaming Add-on,4855,Lost
2024-09-02,CB-1005457,115.52,Consumer,Device Protection,4863,Lost
2024-09-02,CB-1005465,167.00,Consumer,Device Protection,4870,Lost
2024-09-02,CB-1005485,251.13,Wholesale,Bulk Voice,4870,Won
2024-09-03,CB-1005361,388.78,Enterprise,Cloud Services,4871,Pending
2024-09-03,CB-1005432,254.99,Consumer,Mobile Plans,4837,Won
2024-09-03,CB-1005501,469.73,Wholesale,Partner Resale,7030,Pending
2024-09-03,CB-1005510,506.24,Wholesale,IoT SIM,4870,Won
2024-09-04,CB-1005351,436.65,Enterprise,Cloud Services,4870,Open
2024-09-04,CB-1005353,699.48,Enterprise,Cloud Services,4863,Won
2024-09-04,CB-1005377,450.39,Enterprise,Cloud Services,4871,Won
2024-09-04,CB-1005394,507.42,Enterprise,Managed Support,4871,Pending
2024-09-04,CB-1005431,176.74,Consumer,Mobile Plans,4863,Lost
2024-09-04,CB-1005458,234.24,Consumer,Device Protection,4870,Won
2024-09-04,CB-1005505,304.94,Wholesale,IoT SIM,4863,Lost
2024-09-05,CB-1005348,480.95,Enterprise,Cloud Services,4863,Pending
2024-09-05,CB-1005366,607.36,Enterprise,Cloud Services,4837,Lost
2024-09-05,CB-1005378,373.10,Enterprise,Cloud Services,4855,Lost
2024-09-05,CB-1005386,475.92,Enterprise,Managed Support,7030,Lost
2024-09-05,CB-1005464,162.64,Consumer,Device Protection,4855,Open
2024-09-05,CB-1005514,300.52,Wholesale,IoT SIM,4855,Pending
2024-09-06,CB-1005372,539.48,Enterprise,Cloud Services,4863,Won
2024-09-06,CB-1005376,417.84,Enterprise,Cloud Services,4855,Won
2024-09-06,CB-1005392,782.13,Enterprise,Managed Support,7030,Won
2024-09-06,CB-1005400,723.42,Enterprise,Managed Support,7030,Won
2024-09-06,CB-1005406,605.94,Enterprise,Platform API,4863,Pending
2024-09-06,CB-1005434,291.86,Consumer,Mobile Plans,4863,Lost
2024-09-07,CB-1005363,904.55,Enterprise,Cloud Services,7030,Won
2024-09-07,CB-1005393,710.59,Enterprise,Managed Support,7030,Lost
2024-09-07,CB-1005421,280.18,Consumer,Mobile Plans,7030,Lost
2024-09-07,CB-1005459,251.41,Consumer,Device Protection,4871,Won
2024-09-07,CB-1005507,172.02,Wholesale,IoT SIM,4871,Lost
2024-09-07,CB-1005512,306.95,Wholesale,IoT SIM,4863,Won
2024-09-08,CB-1005424,322.57,Consumer,Mobile Plans,4837,Won
2024-09-08,CB-1005429,183.75,Consumer,Mobile Plans,4870,Pending
2024-09-08,CB-1005462,190.39,Consumer,Device Protection,4871,Lost
2024-09-08,CB-1005470,184.49,Consumer,Device Protection,4855,Lost
2024-09-08,CB-1005487,362.59,Wholesale,Partner Resale,4870,Lost
2024-09-08,CB-1005488,282.99,Wholesale,Partner Resale,4870,Lost
2024-09-08,CB-1005495,448.24,Wholesale,Partner Resale,4837,Open
2024-09-09,CB-1005354,698.92,Enterprise,Cloud Services,4837,Won
2024-09-09,CB-1005358,234.44,Enterprise,Cloud Services,4855,Won
2024-09-09,CB-1005399,567.65,Enterprise,Managed Support,4871,Pending
2024-09-09,CB-1005449,156.02,Consumer,Streaming Add-on,4871,Lost
2024-09-09,CB-1005466,273.00,Consumer,Device Protection,4855,Pending
2024-09-09,CB-1005486,327.18,Wholesale,Bulk Voice,4837,Lost
2024-09-09,CB-1005504,606.02,Wholesale,Partner Resale,4870,Open
2024-09-10,CB-1005395,227.81,Enterprise,Managed Support,4871,Open
2024-09-10,CB-1005428,268.04,Consumer,Mobile Plans,4870,Open
2024-09-10,CB-1005442,310.53,Consumer,Streaming Add-on,4837,Pending
2024-09-10,CB-1005490,411.86,Wholesale,Partner Resale,4871,Won
2024-09-10,CB-1005491,183.32,Wholesale,Partner Resale,4871,Open
2024-09-10,CB-1005511,466.65,Wholesale,IoT SIM,4855,Won
2024-09-11,CB-1005352,451.07,Enterprise,Cloud Services,7030,Lost
2024-09-11,CB-1005401,460.98,Enterprise,Platform API,4870,Won
2024-09-11,CB-1005411,517.57,Enterprise,Platform API,4863,Open
2024-09-11,CB-1005412,762.04,Enterprise,Platform API,4870,Lost
2024-09-11,CB-1005419,173.77,Consumer,Mobile Plans,4863,Open
2024-09-11,CB-1005425,177.39,Consumer,Mobile Plans,4871,Won
2024-09-11,CB-1005438,191.83,Consumer,Mobile Plans,4855,Won
2024-09-11,CB-1005463,319.70,Consumer,Device Protection,4863,Won
2024-09-11,CB-1005471,399.88,Wholesale,Bulk Voice,4871,Pending
2024-09-11,CB-1005479,715.81,Wholesale,Bulk Voice,7030,Pending
2024-09-11,CB-1005492,387.31,Wholesale,Partner Resale,4870,Pending
2024-09-11,CB-1005517,426.09,Wholesale,IoT SIM,4863,Pending
2024-09-12,CB-1005349,431.68,Enterprise,Cloud Services,4870,Won
2024-09-12,CB-1005427,317.88,Consumer,Mobile Plans,4863,Won
2024-09-12,CB-1005430,146.25,Consumer,Mobile Plans,7030,Lost
2024-09-12,CB-1005474,204.87,Wholesale,Bulk Voice,4863,Pending
2024-09-12,CB-1005482,279.40,Wholesale,Bulk Voice,4863,Pending
2024-09-12,CB-1005494,276.54,Wholesale,Partner Resale,4863,Won
2024-09-12,CB-1005518,283.52,Wholesale,IoT SIM,7030,Won
2024-09-13,CB-1005373,717.56,Enterprise,Cloud Services,4837,Lost
2024-09-13,CB-1005380,390.38,Enterprise,Managed Support,4837,Lost
2024-09-13,CB-1005417,613.20,Enterprise,Platform API,4863,Won
2024-09-13,CB-1005418,348.21,Enterprise,Platform API,4870,Won
2024-09-13,CB-1005468,144.60,Consumer,Device Protection,4863,Lost
2024-09-13,CB-1005481,534.46,Wholesale,Bulk Voice,7030,Pending
2024-09-13,CB-1005503,408.98,Wholesale,Partner Resale,4837,Lost
2024-09-14,CB-1005356,592.19,Enterprise,Cloud Services,4837,Won
2024-09-14,CB-1005365,519.87,Enterprise,Cloud Services,4837,Lost
2024-09-14,CB-1005382,371.83,Enterprise,Managed Support,4855,Pending
2024-09-14,CB-1005390,451.95,Enterprise,Managed Support,4863,Lost
2024-09-14,CB-1005409,440.64,Enterprise,Platform API,4863,Won
2024-09-14,CB-1005460,304.79,Consumer,Device Protection,4870,Pending
2024-09-14,CB-1005484,220.24,Wholesale,Bulk Voice,4855,Lost
2024-09-15,CB-1005375,342.50,Enterprise,Cloud Services,7030,Won
2024-09-15,CB-1005398,294.81,Enterprise,Managed Support,4870,Lost
2024-09-15,CB-1005452,202.84,Consumer,Device Protection,7030,Open
2024-09-15,CB-1005476,168.21,Wholesale,Bulk Voice,4871,Lost
2024-09-15,CB-1005509,402.11,Wholesale,IoT SIM,4871,Won
2024-09-16,CB-1005404,782.88,Enterprise,Platform API,7030,Won
2024-09-16,CB-1005416,797.87,Enterprise,Platform API,7030,Open
2024-09-16,CB-1005445,421.62,Consumer,Streaming Add-on,7030,Lost
2024-09-16,CB-1005477,457.52,Wholesale,Bulk Voice,4863,Pending
2024-09-17,CB-1005362,275.70,Enterprise,Cloud Services,4871,Won
2024-09-17,CB-1005451,253.69,Consumer,Streaming Add-on,4863,Pending
2024-09-17,CB-1005461,283.00,Consumer,Device Protection,4855,Lost
2024-09-18,CB-1005374,656.29,Enterprise,Cloud Services,4855,Open
2024-09-18,CB-1005391,649.29,Enterprise,Managed Support,4863,Lost
2024-09-18,CB-1005439,118.60,Consumer,Mobile Plans,4863,Lost
2024-09-18,CB-1005450,212.52,Consumer,Streaming Add-on,7030,Pending
2024-09-18,CB-1005480,343.24,Wholesale,Bulk Voice,4855,Won
2024-09-18,CB-1005496,223.60,Wholesale,Partner Resale,4837,Won
2024-09-18,CB-1005500,569.85,Wholesale,Partner Resale,7030,Lost
2024-09-19,CB-1005369,229.43,Enterprise,Cloud Services,4855,Lost
2024-09-19,CB-1005370,374.41,Enterprise,Cloud Services,7030,Pending
2024-09-19,CB-1005402,547.59,Enterprise,Platform API,7030,Won
2024-09-19,CB-1005502,427.95,Wholesale,Partner Resale,7030,Won
2024-09-20,CB-1005355,533.11,Enterprise,Cloud Services,4863,Won
2024-09-20,CB-1005381,538.73,Enterprise,Managed Support,7030,Pending
2024-09-20,CB-1005383,548.76,Enterprise,Managed Support,4871,Lost
2024-09-20,CB-1005387,638.07,Enterprise,Managed Support,7030,Pending
2024-09-20,CB-1005443,307.37,Consumer,Streaming Add-on,7030,Lost
2024-09-20,CB-1005469,296.95,Consumer,Device Protection,4870,Won
2024-09-20,CB-1005513,237.43,Wholesale,IoT SIM,4837,Lost
2024-09-21,CB-1005368,358.78,Enterprise,Cloud Services,4855,Lost
2024-09-21,CB-1005384,563.98,Enterprise,Managed Support,7030,Won
2024-09-21,CB-1005415,530.57,Enterprise,Platform API,4871,Won
2024-09-21,CB-1005420,137.37,Consumer,Mobile Plans,4870,Pending
2024-09-21,CB-1005436,234.91,Consumer,Mobile Plans,4855,Lost
2024-09-21,CB-1005453,312.76,Consumer,Device Protection,4870,Lost
2024-09-21,CB-1005483,398.18,Wholesale,Bulk Voice,4855,Lost
2024-09-21,CB-1005506,297.90,Wholesale,IoT SIM,4863,Pending
2024-09-21,CB-1005508,489.01,Wholesale,IoT SIM,4837,Lost
2024-09-21,CB-1005515,173.31,Wholesale,IoT SIM,4871,Won
2024-09-22,CB-1005414,578.86,Enterprise,Platform API,4870,Won
2024-09-23,CB-1005435,249.48,Consumer,Mobile Plans,4855,Won
2024-09-23,CB-1005472,258.14,Wholesale,Bulk Voice,4837,Won
2024-09-23,CB-1005473,361.87,Wholesale,Bulk Voice,4870,Won
2024-09-23,CB-1005493,430.35,Wholesale,Partner Resale,4871,Pending
2024-09-24,CB-1005437,215.63,Consumer,Mobile Plans,4870,Lost
2024-09-25,CB-1005396,610.85,Enterprise,Managed Support,4837,Lost
2024-09-25,CB-1005446,220.98,Consumer,Streaming Add-on,4837,Pending
2024-09-25,CB-1005448,122.48,Consumer,Streaming Add-on,4863,Won
2024-09-25,CB-1005467,319.41,Consumer,Device Protection,4870,Lost
2024-09-26,CB-1005405,298.79,Enterprise,Platform API,4855,Won
2024-09-26,CB-1005407,603.08,Enterprise,Platform API,4863,Lost
2024-09-26,CB-1005433,258.51,Consumer,Mobile Plans,4855,Pending
2024-09-26,CB-1005478,351.94,Wholesale,Bulk Voice,4855,Won
2024-09-26,CB-1005497,435.79,Wholesale,Partner Resale,4837,Won
2024-09-27,CB-1005367,517.91,Enterprise,Cloud Services,4837,Lost
2024-09-27,CB-1005397,519.08,Enterprise,Managed Support,4837,Won
2024-09-27,CB-1005454,368.86,Consumer,Device Protection,4870,Won
2024-09-28,CB-1005350,276.61,Enterprise,Cloud Services,4871,Lost
2024-09-28,CB-1005379,506.36,Enterprise,Managed Support,4870,Open
2024-09-28,CB-1005389,610.81,Enterprise,Managed Support,4837,Lost
2024-09-28,CB-1005408,728.59,Enterprise,Platform API,4837,Pending
2024-09-28,CB-1005423,156.21,Consumer,Mobile Plans,4855,Won
2024-09-28,CB-1005447,170.13,Consumer,Streaming Add-on,7030,Pending
2024-09-28,CB-1005489,335.53,Wholesale,Partner Resale,7030,Won
2024-09-29,CB-1005359,348.94,Enterprise,Cloud Services,4871,Lost
2024-09-29,CB-1005360,597.91,Enterprise,Cloud Services,4837,Won
2024-09-29,CB-1005364,918.78,Enterprise,Cloud Services,7030,Lost
2024-09-29,CB-1005385,906.70,Enterprise,Managed Support,7030,Open
2024-09-29,CB-1005388,287.55,Enterprise,Managed Support,4863,Won
2024-09-29,CB-1005410,439.27,Enterprise,Platform API,4855,Lost
2024-09-29,CB-1005440,123.89,Consumer,Streaming Add-on,4863,Won
2024-09-29,CB-1005475,583.18,Wholesale,Bulk Voice,4837,Won
2024-09-29,CB-1005498,409.12,Wholesale,Partner Resale,4837,Open
2024-09-30,CB-1005357,336.74,Enterprise,Cloud Services,4870,Won
2024-09-30,CB-1005371,707.90,Enterprise,Cloud Services,7030,Lost
2024-09-30,CB-1005403,602.57,Enterprise,Platform API,4837,Lost
2024-09-30,CB-1005413,253.71,Enterprise,Platform API,4863,Open
2024-09-30,CB-1005426,282.42,Consumer,Mobile Plans,4863,Lost
2024-09-30,CB-1005441,302.86,Consumer,Streaming Add-on,7030,Open
2024-09-30,CB-1005456,208.61,Consumer,Device Protection,4863,Won
2024-09-30,CB-1005499,594.84,Wholesale,Partner Resale,7030,Lost
2024-09-30,CB-1005516,319.16,Wholesale,IoT SIM,4863,Won
2024-10-01,CB-1005531,474.75,Enterprise,Cloud Services,4855,Pending
2024-10-01,CB-1005583,654.11,Enterprise,Platform API,4870,Open
2024-10-01,CB-1005637,216.52,Consumer,Device Protection,4871,Won
2024-10-01,CB-1005671,544.25,Wholesale,Bulk Voice,7030,Lost
2024-10-01,CB-1005702,283.72,Wholesale,IoT SIM,4837,Lost
2024-10-02,CB-1005528,573.09,Enterprise,Cloud Services,4863,Open
2024-10-02,CB-1005543,277.31,Enterprise,Cloud Services,4863,Pending
2024-10-02,CB-1005581,836.96,Enterprise,Platform API,7030,Won
2024-10-02,CB-1005582,455.19,Enterprise,Platform API,4863,Lost
2024-10-02,CB-1005592,393.13,Consumer,Mobile Plans,7030,Won
2024-10-02,CB-1005679,356.55,Wholesale,Partner Resale,4863,Open
2024-10-03,CB-1005593,200.12,Consumer,Mobile Plans,4837,Lost
2024-10-03,CB-1005594,298.43,Consumer,Mobile Plans,4870,Won
2024-10-03,CB-1005655,209.30,Wholesale,Bulk Voice,4837,Won
2024-10-03,CB-1005676,172.63,Wholesale,Partner Resale,4855,Won
2024-10-04,CB-1005524,318.44,Enterprise,Cloud Services,4837,Open
2024-10-04,CB-1005532,401.37,Enterprise,Cloud Services,4837,Won
2024-10-04,CB-1005565,462.47,Enterprise,Managed Support,4855,Pending
2024-10-04,CB-1005567,634.99,Enterprise,Managed Support,4870,Lost
2024-10-04,CB-1005607,158.20,Consumer,Mobile Plans,4837,Won
2024-10-04,CB-1005633,247.22,Consumer,Streaming Add-on,4871,Pending
2024-10-04,CB-1005662,439.85,Wholesale,Bulk Voice,4870,Open
2024-10-05,CB-1005563,699.85,Enterprise,Managed Support,4870,Lost
2024-10-05,CB-1005590,317.51,Enterprise,Platform API,4863,Won
2024-10-05,CB-1005610,424.35,Consumer,Mobile Plans,7030,Pending
2024-10-05,CB-1005639,209.72,Consumer,Device Protection,4863,Pending
2024-10-05,CB-1005659,335.07,Wholesale,Bulk Voice,4870,Won
2024-10-05,CB-1005669,332.20,Wholesale,Bulk Voice,4863,Won
2024-10-06,CB-1005573,458.93,Enterprise,Platform API,4871,Won
2024-10-06,CB-1005589,596.43,Enterprise,Platform API,4855,Open
2024-10-06,CB-1005596,185.67,Consumer,Mobile Plans,4837,Won
2024-10-06,CB-1005603,254.73,Consumer,Mobile Plans,4871,Open
2024-10-06,CB-1005608,265.85,Consumer,Mobile Plans,4870,Pending
2024-10-06,CB-1005619,266.75,Consumer,Mobile Plans,4855,Pending
2024-10-06,CB-1005627,368.53,Consumer,Streaming Add-on,7030,Pending
2024-10-06,CB-1005638,309.44,Consumer,Device Protection,4870,Lost
2024-10-06,CB-1005673,411.77,Wholesale,Partner Resale,4855,Pending
2024-10-06,CB-1005686,385.19,Wholesale,Partner Resale,4863,Won
2024-10-06,CB-1005688,558.10,Wholesale,IoT SIM,4870,Won
2024-10-06,CB-1005693,401.90,Wholesale,IoT SIM,4837,Pending
2024-10-06,CB-1005698,384.31,Wholesale,IoT SIM,4837,Open
2024-10-07,CB-1005577,420.03,Enterprise,Platform API,4855,Won
2024-10-07,CB-1005585,541.01,Enterprise,Platform API,7030,Lost
2024-10-07,CB-1005617,270.54,Consumer,Mobile Plans,4837,Lost
2024-10-07,CB-1005621,234.27,Consumer,Streaming Add-on,4870,Open
2024-10-07,CB-1005629,197.36,Consumer,Streaming Add-on,4871,Pending
2024-10-07,CB-1005657,560.54,Wholesale,Bulk Voice,7030,Lost
2024-10-08,CB-1005530,491.06,Enterprise,Cloud Services,4871,Lost
2024-10-08,CB-1005622,191.67,Consumer,Streaming Add-on,4870,Pending
2024-10-08,CB-1005670,313.79,Wholesale,Bulk Voice,4837,Pending
2024-10-08,CB-1005690,186.09,Wholesale,IoT SIM,4863,Lost
2024-10-09,CB-1005526,323.45,Enterprise,Cloud Services,4871,Won
2024-10-09,CB-1005541,622.30,Enterprise,Cloud Services,7030,Won
2024-10-09,CB-1005551,575.27,Enterprise,Cloud Services,4870,Lost
2024-10-09,CB-1005556,312.86,Enterprise,Managed Support,4870,Won
2024-10-09,CB-1005620,199.61,Consumer,Streaming Add-on,4870,Lost
2024-10-09,CB-1005651,294.01,Consumer,Device Protection,7030,Open
2024-10-09,CB-1005656,200.68,Wholesale,Bulk Voice,4863,Won
2024-10-09,CB-1005664,616.94,Wholesale,Bulk Voice,7030,Pending
2024-10-09,CB-1005681,654.61,Wholesale,Partner Resale,7030,Won
2024-10-10,CB-1005554,434.63,Enterprise,Managed Support,4837,Lost
2024-10-10,CB-1005640,257.56,Consumer,Device Protection,4871,Lost
2024-10-11,CB-1005525,549.94,Enterprise,Cloud Services,4870,Won
2024-10-11,CB-1005529,568.05,Enterprise,Cloud Services,4871,Won
2024-10-11,CB-1005545,505.44,Enterprise,Cloud Services,4871,Pending
2024-10-11,CB-1005552,953.79,Enterprise,Managed Support,7030,Lost
2024-10-11,CB-1005574,310.71,Enterprise,Platform API,4855,Lost
2024-10-11,CB-1005588,550.76,Enterprise,Platform API,4855,Won
2024-10-11,CB-1005624,227.46,Consumer,Streaming Add-on,4871,Lost
2024-10-11,CB-1005653,264.08,Consumer,Device Protection,4837,Lost
2024-10-11,CB-1005685,360.60,Wholesale,Partner Resale,4863,Pending
2024-10-11,CB-1005687,384.14,Wholesale,Partner Resale,4870,Lost
2024-10-11,CB-1005699,472.19,Wholesale,IoT SIM,4837,Won
2024-10-12,CB-1005626,351.43,Consumer,Streaming Add-on,7030,Won
2024-10-12,CB-1005654,227.21,Wholesale,Bulk Voice,4863,Lost
2024-10-13,CB-1005586,799.15,Enterprise,Platform API,4870,Lost
2024-10-13,CB-1005587,423.47,Enterprise,Platform API,4863,Lost
2024-10-13,CB-1005604,233.31,Consumer,Mobile Plans,4863,Lost
2024-10-13,CB-1005630,108.99,Consumer,Streaming Add-on,4855,Lost
2024-10-13,CB-1005631,153.41,Consumer,Streaming Add-on,4871,Lost
2024-10-13,CB-1005666,576.83,Wholesale,Bulk Voice,4870,Lost
2024-10-13,CB-1005683,411.60,Wholesale,Partner Resale,4871,Lost
2024-10-14,CB-1005650,120.09,Consumer,Device Protection,4863,Lost
2024-10-14,CB-1005667,467.91,Wholesale,Bulk Voice,4863,Won
2024-10-15,CB-1005521,545.48,Enterprise,Cloud Services,4837,Lost
2024-10-15,CB-1005557,745.23,Enterprise,Managed Support,4870,Open
2024-10-15,CB-1005575,507.52,Enterprise,Platform API,4855,Pending
2024-10-15,CB-1005580,426.21,Enterprise,Platform API,4871,Won
2024-10-15,CB-1005634,128.89,Consumer,Streaming Add-on,4837,Won
2024-10-15,CB-1005635,309.38,Consumer,Streaming Add-on,4870,Pending
2024-10-15,CB-1005644,242.63,Consumer,Device Protection,4855,Open
2024-10-15,CB-1005701,481.63,Wholesale,IoT SIM,4863,Pending
2024-10-16,CB-1005522,791.39,Enterprise,Cloud Services,7030,Lost
2024-10-16,CB-1005550,773.93,Enterprise,Cloud Services,4870,Lost
2024-10-16,CB-1005597,235.25,Consumer,Mobile Plans,4855,Pending
2024-10-16,CB-1005601,145.37,Consumer,Mobile Plans,4871,Won
2024-10-16,CB-1005641,278.61,Consumer,Device Protection,4870,Won
2024-10-16,CB-1005680,657.32,Wholesale,Partner Resale,7030,Lost
2024-10-17,CB-1005533,248.51,Enterprise,Cloud Services,4871,Won
2024-10-17,CB-1005538,489.48,Enterprise,Cloud Services,4870,Lost
2024-10-17,CB-1005542,442.74,Enterprise,Cloud Services,7030,Pending
2024-10-17,CB-1005547,321.48,Enterprise,Cloud Services,4837,Lost
2024-10-17,CB-1005614,233.26,Consumer,Mobile Plans,4855,Won
2024-10-17,CB-1005623,172.73,Consumer,Streaming Add-on,4871,Lost
2024-10-18,CB-1005520,602.45,Enterprise,Cloud Services,4870,Lost
2024-10-18,CB-1005523,435.67,Enterprise,Cloud Services,4871,Won
2024-10-18,CB-1005536,392.13,Enterprise,Cloud Services,7030,Won
2024-10-18,CB-1005570,710.27,Enterprise,Managed Support,7030,Pending
2024-10-18,CB-1005646,184.31,Consumer,Device Protection,4863,Lost
2024-10-18,CB-1005649,125.37,Consumer,Device Protection,4837,Won
2024-10-18,CB-1005665,533.42,Wholesale,Bulk Voice,4837,Pending
2024-10-18,CB-1005678,510.77,Wholesale,Partner Resale,4837,Lost
2024-10-19,CB-1005519,464.53,Enterprise,Cloud Services,4837,Lost
2024-10-19,CB-1005553,687.52,Enterprise,Managed Support,4837,Lost
2024-10-19,CB-1005605,176.10,Consumer,Mobile Plans,4870,Open
2024-10-20,CB-1005539,372.01,Enterprise,Cloud Services,4863,Won
2024-10-20,CB-1005548,628.14,Enterprise,Cloud Services,4855,Pending
2024-10-20,CB-1005591,342.32,Enterprise,Platform API,4855,Lost
2024-10-20,CB-1005600,294.51,Consumer,Mobile Plans,7030,Pending
2024-10-20,CB-1005613,279.01,Consumer,Mobile Plans,7030,Won
2024-10-20,CB-1005643,330.19,Consumer,Device Protection,4870,Lost
2024-10-20,CB-1005692,277.28,Wholesale,IoT SIM,7030,Won
2024-10-21,CB-1005560,741.66,Enterprise,Managed Support,4837,Lost
2024-10-21,CB-1005562,543.42,Enterprise,Managed Support,4871,Open
2024-10-21,CB-1005566,598.60,Enterprise,Managed Support,4871,Pending
2024-10-21,CB-1005616,153.78,Consumer,Mobile Plans,4855,Won
2024-10-21,CB-1005628,253.77,Consumer,Streaming Add-on,4863,Pending
2024-10-21,CB-1005642,179.48,Consumer,Device Protection,4837,Lost
2024-10-21,CB-1005652,174.39,Consumer,Device Protection,4871,Won
2024-10-21,CB-1005694,477.70,Wholesale,IoT SIM,7030,Pending
2024-10-22,CB-1005558,418.80,Enterprise,Managed Support,4837,Open
2024-10-22,CB-1005561,349.15,Enterprise,Managed Support,4863,Won
2024-10-22,CB-1005564,471.44,Enterprise,Managed Support,7030,Won
2024-10-22,CB-1005568,547.22,Enterprise,Managed Support,4870,Lost
2024-10-22,CB-1005576,620.17,Enterprise,Platform API,4837,Pending
2024-10-22,CB-1005595,347.42,Consumer,Mobile Plans,4837,Pending
2024-10-22,CB-1005599,391.72,Consumer,Mobile Plans,7030,Pending
2024-10-22,CB-1005602,182.44,Consumer,Mobile Plans,4837,Won
2024-10-22,CB-1005663,243.44,Wholesale,Bulk Voice,4855,Lost
2024-10-23,CB-1005535,482.20,Enterprise,Cloud Services,4871,Won
2024-10-23,CB-1005572,236.04,Enterprise,Managed Support,4871,Pending
2024-10-23,CB-1005661,251.30,Wholesale,Bulk Voice,4870,Won
2024-10-23,CB-1005674,416.79,Wholesale,Partner Resale,4863,Won
2024-10-23,CB-1005696,168.97,Wholesale,IoT SIM,4855,Won
2024-10-24,CB-1005527,464.31,Enterprise,Cloud Services,4863,Won
2024-10-24,CB-1005544,279.80,Enterprise,Cloud Services,4871,Open
2024-10-24,CB-1005571,446.94,Enterprise,Managed Support,4871,Lost
2024-10-24,CB-1005648,322.89,Consumer,Device Protection,7030,Open
2024-10-24,CB-1005682,323.57,Wholesale,Partner Resale,4855,Won
2024-10-24,CB-1005689,374.63,Wholesale,IoT SIM,4863,Pending
2024-10-24,CB-1005700,406.33,Wholesale,IoT SIM,4837,Won
2024-10-25,CB-1005584,464.43,Enterprise,Platform API,4837,Open
2024-10-25,CB-1005625,104.42,Consumer,Streaming Add-on,4871,Lost
2024-10-25,CB-1005660,477.44,Wholesale,Bulk Voice,7030,Won
2024-10-26,CB-1005534,682.09,Enterprise,Cloud Services,4870,Pending
2024-10-26,CB-1005546,578.56,Enterprise,Cloud Services,4855,Open
2024-10-26,CB-1005559,385.26,Enterprise,Managed Support,7030,Lost
2024-10-26,CB-1005598,289.44,Consumer,Mobile Plans,4863,Lost
2024-10-26,CB-1005609,200.34,Consumer,Mobile Plans,4870,Won
2024-10-26,CB-1005672,238.63,Wholesale,Bulk Voice,4863,Lost
2024-10-26,CB-1005697,193.93,Wholesale,IoT SIM,4871,Won
2024-10-27,CB-1005555,823.97,Enterprise,Managed Support,4870,Won
2024-10-27,CB-1005569,265.30,Enterprise,Managed Support,4871,Won
2024-10-27,CB-1005578,386.35,Enterprise,Platform API,4871,Open
2024-10-27,CB-1005606,169.03,Consumer,Mobile Plans,4863,Won
2024-10-27,CB-1005615,137.19,Consumer,Mobile Plans,4870,Lost
2024-10-27,CB-1005668,313.42,Wholesale,Bulk Voice,7030,Won
2024-10-27,CB-1005677,423.20,Wholesale,Partner Resale,4871,Pending
2024-10-28,CB-1005579,213.02,Enterprise,Platform API,4871,Lost
2024-10-28,CB-1005647,198.20,Consumer,Device Protection,4837,Open
2024-10-28,CB-1005658,337.33,Wholesale,Bulk Voice,4837,Lost
2024-10-28,CB-1005695,251.39,Wholesale,IoT SIM,4855,Lost
2024-10-29,CB-1005549,571.64,Enterprise,Cloud Services,4855,Lost
2024-10-29,CB-1005691,315.95,Wholesale,IoT SIM,4870,Lost
2024-10-30,CB-1005537,388.60,Enterprise,Cloud Services,4855,Won
2024-10-30,CB-1005540,287.93,Enterprise,Cloud Services,4871,Pending
2024-10-30,CB-1005611,120.79,Consumer,Mobile Plans,4863,Lost
2024-10-30,CB-1005618,201.73,Consumer,Mobile Plans,7030,Lost
2024-10-30,CB-1005632,197.54,Consumer,Streaming Add-on,7030,Won
2024-10-30,CB-1005636,205.91,Consumer,Device Protection,4871,Won
2024-10-30,CB-1005645,148.00,Consumer,Device Protection,7030,Lost
2024-10-31,CB-1005612,225.13,Consumer,Mobile Plans,4855,Won
2024-10-31,CB-1005675,235.94,Wholesale,Partner Resale,4855,Pending
2024-10-31,CB-1005684,632.45,Wholesale,Partner Resale,4870,Lost
2024-11-01,CB-1005733,574.22,Enterprise,Cloud Services,4871,Won
2024-11-01,CB-1005799,289.69,Consumer,Mobile Plans,4855,Pending
2024-11-01,CB-1005817,329.63,Consumer,Streaming Add-on,7030,Lost
2024-11-01,CB-1005824,258.75,Consumer,Streaming Add-on,4870,Lost
2024-11-01,CB-1005833,97.82,Consumer,Device Protection,4871,Pending
2024-11-01,CB-1005855,290.95,Wholesale,Bulk Voice,4870,Lost
2024-11-01,CB-1005884,483.45,Wholesale,Partner Resale,4837,Lost
2024-11-02,CB-1005723,268.44,Enterprise,Cloud Services,4837,Won
2024-11-02,CB-1005738,595.24,Enterprise,Cloud Services,4855,Lost
2024-11-02,CB-1005765,330.78,Enterprise,Managed Support,7030,Won
2024-11-02,CB-1005797,162.46,Consumer,Mobile Plans,4870,Lost
2024-11-02,CB-1005804,213.67,Consumer,Mobile Plans,4863,Lost
2024-11-02,CB-1005816,136.94,Consumer,Streaming Add-on,4871,Pending
2024-11-02,CB-1005831,123.16,Consumer,Device Protection,4855,Won
2024-11-03,CB-1005720,284.92,Enterprise,Cloud Services,4855,Pending
2024-11-03,CB-1005724,510.51,Enterprise,Cloud Services,4871,Lost
2024-11-03,CB-1005728,617.21,Enterprise,Cloud Services,7030,Pending
2024-11-03,CB-1005730,395.61,Enterprise,Cloud Services,4870,Open
2024-11-03,CB-1005746,329.51,Enterprise,Managed Support,4871,Lost
2024-11-03,CB-1005754,340.75,Enterprise,Managed Support,4871,Lost
2024-11-03,CB-1005772,585.36,Enterprise,Platform API,4863,Lost
2024-11-04,CB-1005712,712.39,Enterprise,Cloud Services,4837,Won
2024-11-04,CB-1005763,604.21,Enterprise,Managed Support,7030,Pending
2024-11-04,CB-1005768,551.37,Enterprise,Platform API,4855,Lost
2024-11-04,CB-1005769,230.17,Enterprise,Platform API,4871,Won
2024-11-04,CB-1005790,274.95,Consumer,Mobile Plans,7030,Lost
2024-11-04,CB-1005836,250.69,Consumer,Device Protection,4855,Open
2024-11-04,CB-1005865,409.34,Wholesale,Bulk Voice,7030,Lost
2024-11-05,CB-1005718,459.17,Enterprise,Cloud Services,7030,Lost
2024-11-05,CB-1005739,470.78,Enterprise,Cloud Services,4837,Lost
2024-11-05,CB-1005826,360.17,Consumer,Device Protection,7030,Won
2024-11-05,CB-1005839,153.22,Consumer,Device Protection,4870,Won
2024-11-05,CB-1005875,481.45,Wholesale,Partner Resale,4837,Pending
2024-11-06,CB-1005729,351.43,Enterprise,Cloud Services,4863,Won
2024-11-06,CB-1005758,557.05,Enterprise,Managed Support,4871,Lost
2024-11-06,CB-1005774,534.98,Enterprise,Platform API,4870,Won
2024-11-06,CB-1005809,336.61,Consumer,Mobile Plans,7030,Pending
2024-11-06,CB-1005898,513.37,Wholesale,IoT SIM,4870,Won
2024-11-07,CB-1005704,502.01,Enterprise,Cloud Services,4870,Open
2024-11-07,CB-1005714,390.68,Enterprise,Cloud Services,4871,Pending
2024-11-07,CB-1005722,458.16,Enterprise,Cloud Services,7030,Open
2024-11-07,CB-1005777,721.36,Enterprise,Platform API,4863,Lost
2024-11-07,CB-1005841,120.65,Consumer,Device Protection,4855,Lost
2024-11-08,CB-1005706,515.77,Enterprise,Cloud Services,7030,Pending
2024-11-08,CB-1005749,309.12,Enterprise,Managed Support,4855,Lost
2024-11-08,CB-1005781,825.30,Enterprise,Platform API,7030,Lost
2024-11-08,CB-1005876,435.04,Wholesale,Partner Resale,4870,Won
2024-11-08,CB-1005887,716.06,Wholesale,Partner Resale,7030,Pending
2024-11-09,CB-1005783,625.58,Enterprise,Platform API,4855,Won
2024-11-09,CB-1005819,273.61,Consumer,Streaming Add-on,4863,Lost
2024-11-09,CB-1005822,175.24,Consumer,Streaming Add-on,7030,Open
2024-11-09,CB-1005842,279.79,Consumer,Device Protection,4855,Won
2024-11-09,CB-1005846,141.76,Consumer,Device Protection,4863,Won
2024-11-09,CB-1005852,448.25,Wholesale,Bulk Voice,4837,Lost
2024-11-09,CB-1005866,419.75,Wholesale,Bulk Voice,4863,Lost
2024-11-09,CB-1005900,354.71,Wholesale,IoT SIM,7030,Won
2024-11-10,CB-1005755,584.12,Enterprise,Managed Support,4855,Open
2024-11-10,CB-1005803,333.08,Consumer,Mobile Plans,4837,Lost
2024-11-10,CB-1005859,288.06,Wholesale,Bulk Voice,4837,Won
2024-11-10,CB-1005886,336.84,Wholesale,Partner Resale,4863,Pending
2024-11-11,CB-1005708,547.31,Enterprise,Cloud Services,4870,Won
2024-11-11,CB-1005726,387.34,Enterprise,Cloud Services,4871,Won
2024-11-11,CB-1005766,479.77,Enterprise,Managed Support,4870,Lost
2024-11-11,CB-1005798,283.79,Consumer,Mobile Plans,4863,Lost
2024-11-11,CB-1005815,239.23,Consumer,Streaming Add-on,4870,Won
2024-11-11,CB-1005818,235.76,Consumer,Streaming Add-on,4863,Lost
2024-11-11,CB-1005829,208.43,Consumer,Device Protection,4870,Pending
2024-11-11,CB-1005835,232.79,Consumer,Device Protection,4870,Open
2024-11-11,CB-1005840,249.43,Consumer,Device Protection,4871,Lost
2024-11-11,CB-1005850,412.22,Wholesale,Bulk Voice,4871,Won
2024-11-11,CB-1005858,181.53,Wholesale,Bulk Voice,4855,Pending
2024-11-11,CB-1005869,387.09,Wholesale,Partner Resale,4863,Won
2024-11-11,CB-1005891,476.85,Wholesale,IoT SIM,4837,Lost
2024-11-11,CB-1005899,559.48,Wholesale,IoT SIM,4837,Won
2024-11-12,CB-1005750,580.22,Enterprise,Managed Support,4855,Open
2024-11-12,CB-1005807,249.94,Consumer,Mobile Plans,4855,Won
2024-11-12,CB-1005808,263.83,Consumer,Mobile Plans,4863,Lost
2024-11-12,CB-1005823,305.26,Consumer,Streaming Add-on,4870,Open
2024-11-12,CB-1005827,195.38,Consumer,Device Protection,4871,Won
2024-11-12,CB-1005880,638.22,Wholesale,Partner Resale,4870,Won
2024-11-13,CB-1005743,495.12,Enterprise,Managed Support,4871,Lost
2024-11-13,CB-1005762,244.18,Enterprise,Managed Support,4855,Open
2024-11-13,CB-1005883,381.44,Wholesale,Partner Resale,4871,Lost
2024-11-14,CB-1005705,458.95,Enterprise,Cloud Services,7030,Lost
2024-11-14,CB-1005717,403.50,Enterprise,Cloud Services,4855,Open
2024-11-14,CB-1005734,537.80,Enterprise,Cloud Services,4863,Lost
2024-11-14,CB-1005810,359.56,Consumer,Mobile Plans,4870,Lost
2024-11-14,CB-1005811,132.05,Consumer,Streaming Add-on,4870,Lost
2024-11-14,CB-1005838,311.79,Consumer,Device Protection,4870,Open
2024-11-14,CB-1005851,485.90,Wholesale,Bulk Voice,4863,Lost
2024-11-14,CB-1005864,418.71,Wholesale,Bulk Voice,7030,Pending
2024-11-14,CB-1005873,289.26,Wholesale,Partner Resale,7030,Lost
2024-11-14,CB-1005889,213.79,Wholesale,IoT SIM,4837,Pending
2024-11-15,CB-1005756,569.97,Enterprise,Managed Support,4855,Won
2024-11-15,CB-1005800,221.25,Consumer,Mobile Plans,4855,Lost
2024-11-15,CB-1005812,98.79,Consumer,Streaming Add-on,4871,Lost
2024-11-15,CB-1005837,130.56,Consumer,Device Protection,4863,Open
2024-11-16,CB-1005727,645.60,Enterprise,Cloud Services,7030,Open
2024-11-16,CB-1005764,646.96,Enterprise,Managed Support,4855,Won
2024-11-16,CB-1005821,143.49,Consumer,Streaming Add-on,4871,Pending
2024-11-16,CB-1005849,190.92,Consumer,Device Protection,4855,Won
2024-11-16,CB-1005892,455.92,Wholesale,IoT SIM,7030,Lost
2024-11-16,CB-1005894,310.66,Wholesale,IoT SIM,4863,Pending
2024-11-17,CB-1005744,285.96,Enterprise,Managed Support,4871,Won
2024-11-17,CB-1005745,295.89,Enterprise,Managed Support,4863,Lost
2024-11-17,CB-1005748,576.54,Enterprise,Managed Support,4870,Won
2024-11-17,CB-1005752,795.86,Enterprise,Managed Support,4870,Lost
2024-11-17,CB-1005793,152.11,Consumer,Mobile Plans,4870,Won
2024-11-17,CB-1005857,330.99,Wholesale,Bulk Voice,4870,Pending
2024-11-17,CB-1005877,321.37,Wholesale,Partner Resale,7030,Open
2024-11-18,CB-1005737,739.62,Enterprise,Cloud Services,4837,Lost
2024-11-18,CB-1005741,288.81,Enterprise,Managed Support,4871,Won
2024-11-18,CB-1005802,276.47,Consumer,Mobile Plans,4870,Lost
2024-11-18,CB-1005862,342.06,Wholesale,Bulk Voice,7030,Pending
2024-11-18,CB-1005870,536.64,Wholesale,Partner Resale,7030,Open
2024-11-19,CB-1005780,446.89,Enterprise,Platform API,4837,Lost
2024-11-19,CB-1005782,468.34,Enterprise,Platform API,4855,Open
2024-11-19,CB-1005791,312.58,Consumer,Mobile Plans,7030,Lost
2024-11-19,CB-1005814,276.24,Consumer,Streaming Add-on,4837,Pending
2024-11-19,CB-1005845,276.97,Consumer,Device Protection,4837,Open
2024-11-19,CB-1005867,406.27,Wholesale,Bulk Voice,4870,Lost
2024-11-20,CB-1005713,554.74,Enterprise,Cloud Services,4855,Open
2024-11-20,CB-1005740,545.37,Enterprise,Managed Support,4870,Lost
2024-11-20,CB-1005760,329.22,Enterprise,Managed Support,4870,Lost
2024-11-20,CB-1005785,401.03,Consumer,Mobile Plans,7030,Lost
2024-11-20,CB-1005860,543.48,Wholesale,Bulk Voice,4837,Pending
2024-11-20,CB-1005878,496.93,Wholesale,Partner Resale,4837,Lost
2024-11-20,CB-1005893,400.44,Wholesale,IoT SIM,7030,Pending
2024-11-20,CB-1005897,360.76,Wholesale,IoT SIM,4871,Pending
2024-11-21,CB-1005709,609.47,Enterprise,Cloud Services,4855,Open
2024-11-21,CB-1005715,604.14,Enterprise,Cloud Services,4837,Won
2024-11-21,CB-1005721,284.51,Enterprise,Cloud Services,4871,Lost
2024-11-21,CB-1005753,212.77,Enterprise,Managed Support,4871,Won
2024-11-21,CB-1005805,134.13,Consumer,Mobile Plans,4870,Lost
2024-11-21,CB-1005813,341.71,Consumer,Streaming Add-on,4870,Open
2024-11-21,CB-1005820,160.53,Consumer,Streaming Add-on,4855,Pending
2024-11-21,CB-1005847,393.89,Consumer,Device Protection,7030,Lost
2024-11-21,CB-1005874,606.27,Wholesale,Partner Resale,4870,Won
2024-11-22,CB-1005710,735.42,Enterprise,Cloud Services,7030,Won
2024-11-22,CB-1005732,359.76,Enterprise,Cloud Services,4863,Won
2024-11-22,CB-1005735,530.89,Enterprise,Cloud Services,7030,Pending
2024-11-22,CB-1005794,207.01,Consumer,Mobile Plans,4871,Pending
2024-11-22,CB-1005795,115.48,Consumer,Mobile Plans,4871,Lost
2024-11-22,CB-1005832,290.06,Consumer,Device Protection,4863,Lost
2024-11-22,CB-1005863,417.25,Wholesale,Bulk Voice,4870,Pending
2024-11-22,CB-1005872,288.06,Wholesale,Partner Resale,4855,Pending
2024-11-22,CB-1005879,410.27,Wholesale,Partner Resale,4871,Won
2024-11-23,CB-1005771,444.53,Enterprise,Platform API,7030,Won
2024-11-23,CB-1005779,460.01,Enterprise,Platform API,4863,Lost
2024-11-23,CB-1005786,121.01,Consumer,Mobile Plans,4871,Lost
2024-11-23,CB-1005788,252.72,Consumer,Mobile Plans,7030,Pending
2024-11-23,CB-1005789,168.87,Consumer,Mobile Plans,4837,Lost
2024-11-23,CB-1005796,375.85,Consumer,Mobile Plans,4870,Open
2024-11-23,CB-1005896,330.15,Wholesale,IoT SIM,4837,Won
2024-11-24,CB-1005747,463.12,Enterprise,Managed Support,7030,Lost
2024-11-24,CB-1005761,560.27,Enterprise,Managed Support,4863,Pending
2024-11-24,CB-1005776,448.25,Enterprise,Platform API,4871,Won
2024-11-24,CB-1005853,405.98,Wholesale,Bulk Voice,4855,Won
2024-11-24,CB-1005890,179.44,Wholesale,IoT SIM,4855,Lost
2024-11-25,CB-1005792,205.32,Consumer,Mobile Plans,4855,Won
2024-11-25,CB-1005843,290.28,Consumer,Device Protection,4837,Open
2024-11-25,CB-1005861,187.67,Wholesale,Bulk Voice,4871,Lost
2024-11-25,CB-1005882,424.91,Wholesale,Partner Resale,4863,Won
2024-11-26,CB-1005703,458.39,Enterprise,Cloud Services,4855,Won
2024-11-26,CB-1005719,629.54,Enterprise,Cloud Services,7030,Won
2024-11-26,CB-1005731,391.74,Enterprise,Cloud Services,4855,Lost
2024-11-26,CB-1005736,406.29,Enterprise,Cloud Services,4871,Pending
2024-11-26,CB-1005751,481.75,Enterprise,Managed Support,4855,Won
2024-11-26,CB-1005757,580.76,Enterprise,Managed Support,4871,Lost
2024-11-26,CB-1005787,137.93,Consumer,Mobile Plans,4837,Won
2024-11-26,CB-1005848,156.57,Consumer,Device Protection,4855,Pending
2024-11-26,CB-1005856,251.54,Wholesale,Bulk Voice,4837,Lost
2024-11-27,CB-1005742,514.12,Enterprise,Managed Support,4837,Won
2024-11-27,CB-1005806,322.84,Consumer,Mobile Plans,4837,Lost
2024-11-27,CB-1005885,647.75,Wholesale,Partner Resale,7030,Won
2024-11-28,CB-1005725,488.83,Enterprise,Cloud Services,4837,Won
2024-11-28,CB-1005801,280.84,Consumer,Mobile Plans,4855,Won
2024-11-28,CB-1005828,111.26,Consumer,Device Protection,4855,Lost
2024-11-28,CB-1005888,388.53,Wholesale,Partner Resale,4870,Pending
2024-11-29,CB-1005770,605.90,Enterprise,Platform API,4870,Pending
2024-11-29,CB-1005773,587.28,Enterprise,Platform API,4871,Won
2024-11-29,CB-1005775,552.51,Enterprise,Platform API,4863,Won
2024-11-29,CB-1005778,395.05,Enterprise,Platform API,7030,Lost
2024-11-29,CB-1005871,304.95,Wholesale,Partner Resale,7030,Lost
2024-11-29,CB-1005881,289.04,Wholesale,Partner Resale,4855,Lost
2024-11-29,CB-1005895,177.62,Wholesale,IoT SIM,4855,Lost
2024-11-29,CB-1005901,255.32,Wholesale,IoT SIM,4870,Won
2024-11-30,CB-1005707,459.37,Enterprise,Cloud Services,4871,Won
2024-11-30,CB-1005711,864.12,Enterprise,Cloud Services,4870,Lost
2024-11-30,CB-1005716,385.89,Enterprise,Cloud Services,7030,Lost
2024-11-30,CB-1005759,793.05,Enterprise,Managed Support,4870,Lost
2024-11-30,CB-1005767,638.03,Enterprise,Managed Support,7030,Lost
2024-11-30,CB-1005784,450.37,Enterprise,Platform API,4837,Won
2024-11-30,CB-1005825,226.09,Consumer,Streaming Add-on,4863,Lost
2024-11-30,CB-1005830,256.25,Consumer,Device Protection,4837,Lost
2024-11-30,CB-1005834,312.49,Consumer,Device Protection,4870,Won
2024-11-30,CB-1005844,279.53,Consumer,Device Protection,4863,Pending
2024-11-30,CB-1005854,362.82,Wholesale,Bulk Voice,4837,Lost
2024-11-30,CB-1005868,158.53,Wholesale,Bulk Voice,4871,Pending
2024-12-01,CB-1005917,692.91,Enterprise,Cloud Services,4870,Lost
2024-12-01,CB-1005977,643.35,Enterprise,Platform API,4870,Lost
2024-12-01,CB-1005997,134.82,Consumer,Mobile Plans,4871,Lost
2024-12-01,CB-1006007,254.11,Consumer,Mobile Plans,4863,Pending
2024-12-01,CB-1006035,249.63,Consumer,Streaming Add-on,4855,Pending
2024-12-01,CB-1006059,280.65,Consumer,Device Protection,4863,Won
2024-12-02,CB-1005934,832.68,Enterprise,Cloud Services,4870,Lost
2024-12-02,CB-1005941,682.63,Enterprise,Managed Support,4863,Pending
2024-12-02,CB-1005952,254.11,Enterprise,Managed Support,4871,Pending
2024-12-02,CB-1005989,489.78,Enterprise,Platform API,4837,Lost
2024-12-02,CB-1006029,152.04,Consumer,Streaming Add-on,4863,Won
2024-12-02,CB-1006044,359.72,Consumer,Device Protection,4870,Open
2024-12-02,CB-1006054,92.50,Consumer,Device Protection,4871,Pending
2024-12-03,CB-1005905,929.47,Enterprise,Cloud Services,7030,Lost
2024-12-03,CB-1005967,517.79,Enterprise,Platform API,4870,Won
2024-12-03,CB-1005995,190.47,Consumer,Mobile Plans,4863,Lost
2024-12-03,CB-1006002,89.79,Consumer,Mobile Plans,4871,Lost
2024-12-03,CB-1006110,235.19,Wholesale,IoT SIM,4870,Lost
2024-12-04,CB-1005948,562.21,Enterprise,Managed Support,4855,Pending
2024-12-04,CB-1005999,178.72,Consumer,Mobile Plans,4855,Lost
2024-12-04,CB-1006058,262.60,Consumer,Device Protection,7030,Won
2024-12-04,CB-1006069,201.15,Wholesale,Bulk Voice,4837,Open
2024-12-04,CB-1006116,525.95,Wholesale,IoT SIM,4863,Lost
2024-12-05,CB-1005908,448.72,Enterprise,Cloud Services,4870,Won
2024-12-05,CB-1005920,567.98,Enterprise,Cloud Services,4855,Won
2024-12-05,CB-1005945,685.11,Enterprise,Managed Support,4837,Won
2024-12-05,CB-1005965,440.11,Enterprise,Managed Support,7030,Lost
2024-12-05,CB-1005990,322.25,Enterprise,Platform API,4855,Won
2024-12-05,CB-1006027,112.03,Consumer,Streaming Add-on,4871,Lost
2024-12-05,CB-1006067,338.64,Wholesale,Bulk Voice,7030,Pending
2024-12-05,CB-1006101,303.55,Wholesale,Partner Resale,4837,Lost
2024-12-06,CB-1005923,378.39,Enterprise,Cloud Services,4837,Lost
2024-12-06,CB-1005933,735.11,Enterprise,Cloud Services,4837,Won
2024-12-06,CB-1005949,443.94,Enterprise,Managed Support,4871,Won
2024-12-06,CB-1005964,328.49,Enterprise,Managed Support,4855,Open
2024-12-06,CB-1005986,730.70,Enterprise,Platform API,4870,Pending
2024-12-06,CB-1006008,183.48,Consumer,Mobile Plans,4837,Pending
2024-12-06,CB-1006024,195.88,Consumer,Streaming Add-on,4837,Pending
2024-12-06,CB-1006053,190.34,Consumer,Device Protection,4855,Pending
2024-12-06,CB-1006074,684.26,Wholesale,Bulk Voice,7030,Open
2024-12-06,CB-1006086,618.23,Wholesale,Bulk Voice,7030,Won
2024-12-06,CB-1006104,213.80,Wholesale,Partner Resale,4870,Won
2024-12-07,CB-1005944,294.47,Enterprise,Managed Support,4871,Lost
2024-12-07,CB-1005951,245.03,Enterprise,Managed Support,4871,Won
2024-12-07,CB-1005974,367.38,Enterprise,Platform API,7030,Won
2024-12-07,CB-1006060,237.33,Consumer,Device Protection,4855,Lost
2024-12-07,CB-1006099,292.11,Wholesale,Partner Resale,4871,Lost
2024-12-08,CB-1005928,524.35,Enterprise,Cloud Services,4855,Open
2024-12-08,CB-1005953,412.72,Enterprise,Managed Support,7030,Lost
2024-12-08,CB-1005993,188.89,Consumer,Mobile Plans,4863,Won
2024-12-08,CB-1006022,183.85,Consumer,Streaming Add-on,7030,Won
2024-12-09,CB-1005918,436.02,Enterprise,Cloud Services,4855,Won
2024-12-09,CB-1005919,559.15,Enterprise,Cloud Services,4863,Pending
2024-12-09,CB-1005935,688.94,Enterprise,Cloud Services,7030,Pending
2024-12-09,CB-1006023,377.53,Consumer,Streaming Add-on,4870,Won
2024-12-09,CB-1006038,359.15,Consumer,Streaming Add-on,4870,Won
2024-12-09,CB-1006047,143.90,Consumer,Device Protection,4863,Won
2024-12-09,CB-1006076,260.78,Wholesale,Bulk Voice,4837,Won
2024-12-09,CB-1006094,359.46,Wholesale,Partner Resale,4870,Pending
2024-12-09,CB-1006095,268.39,Wholesale,Partner Resale,4855,Lost
2024-12-09,CB-1006096,348.06,Wholesale,Partner Resale,4871,Lost
2024-12-10,CB-1005906,644.11,Enterprise,Cloud Services,4837,Won
2024-12-10,CB-1005912,451.09,Enterprise,Cloud Services,4871,Lost
2024-12-10,CB-1005916,364.48,Enterprise,Cloud Services,4871,Open
2024-12-10,CB-1005954,727.72,Enterprise,Managed Support,4870,Won
2024-12-10,CB-1005963,606.37,Enterprise,Managed Support,7030,Lost
2024-12-10,CB-1005976,754.34,Enterprise,Platform API,4870,Won
2024-12-11,CB-1006018,303.16,Consumer,Mobile Plans,4870,Pending
2024-12-11,CB-1006078,493.43,Wholesale,Bulk Voice,7030,Pending
2024-12-11,CB-1006117,400.95,Wholesale,IoT SIM,7030,Open
2024-12-12,CB-1005913,331.89,Enterprise,Cloud Services,4871,Lost
2024-12-12,CB-1005930,595.83,Enterprise,Cloud Services,4871,Won
2024-12-12,CB-1006000,125.96,Consumer,Mobile Plans,4837,Open
2024-12-12,CB-1006005,187.80,Consumer,Mobile Plans,4863,Open
2024-12-12,CB-1006030,190.88,Consumer,Streaming Add-on,4870,Lost
2024-12-12,CB-1006032,322.25,Consumer,Streaming Add-on,4837,Won
2024-12-12,CB-1006039,196.34,Consumer,Streaming Add-on,4837,Lost
2024-12-12,CB-1006042,213.11,Consumer,Device Protection,4837,Lost
2024-12-13,CB-1005911,533.35,Enterprise,Cloud Services,4837,Lost
2024-12-13,CB-1005972,215.29,Enterprise,Platform API,4871,Lost
2024-12-13,CB-1005988,446.27,Enterprise,Platform API,4863,Lost
2024-12-13,CB-1005991,150.38,Consumer,Mobile Plans,7030,Won
2024-12-13,CB-1006020,129.32,Consumer,Streaming Add-on,4855,Won
2024-12-13,CB-1006043,289.58,Consumer,Device Protection,4870,Won
2024-12-13,CB-1006080,616.02,Wholesale,Bulk Voice,4870,Lost
2024-12-14,CB-1005943,508.96,Enterprise,Managed Support,4837,Open
2024-12-14,CB-1005946,593.27,Enterprise,Managed Support,7030,Won
2024-12-14,CB-1005973,351.84,Enterprise,Platform API,4871,Lost
2024-12-14,CB-1005982,443.81,Enterprise,Platform API,4871,Won
2024-12-14,CB-1005992,249.24,Consumer,Mobile Plans,4870,Lost
2024-12-14,CB-1005998,354.39,Consumer,Mobile Plans,7030,Lost
2024-12-14,CB-1006061,547.63,Wholesale,Bulk Voice,4837,Lost
2024-12-14,CB-1006073,336.58,Wholesale,Bulk Voice,4837,Lost
2024-12-14,CB-1006084,658.57,Wholesale,Bulk Voice,7030,Pending
2024-12-14,CB-1006090,264.47,Wholesale,Partner Resale,4871,Won
2024-12-15,CB-1005931,736.26,Enterprise,Cloud Services,4870,Won
2024-12-15,CB-1005966,522.82,Enterprise,Platform API,4855,Won
2024-12-15,CB-1005970,326.02,Enterprise,Platform API,7030,Open
2024-12-15,CB-1006040,229.70,Consumer,Device Protection,4855,Lost
2024-12-15,CB-1006049,248.76,Consumer,Device Protection,7030,Lost
2024-12-15,CB-1006050,333.65,Consumer,Device Protection,7030,Won
2024-12-15,CB-1006071,199.53,Wholesale,Bulk Voice,4855,Lost
2024-12-15,CB-1006087,332.59,Wholesale,Partner Resale,4837,Open
2024-12-15,CB-1006098,360.07,Wholesale,Partner Resale,4871,Lost
2024-12-15,CB-1006106,305.94,Wholesale,IoT SIM,4871,Lost
2024-12-16,CB-1005909,620.54,Enterprise,Cloud Services,4870,Lost
2024-12-16,CB-1005915,356.84,Enterprise,Cloud Services,4863,Won
2024-12-16,CB-1005922,568.32,Enterprise,Cloud Services,4855,Lost
2024-12-16,CB-1005927,721.86,Enterprise,Cloud Services,4863,Open
2024-12-16,CB-1005975,634.35,Enterprise,Platform API,4855,Won
2024-12-16,CB-1005984,480.34,Enterprise,Platform API,4863,Lost
2024-12-16,CB-1006003,178.63,Consumer,Mobile Plans,4863,Open
2024-12-16,CB-1006009,188.13,Consumer,Mobile Plans,4837,Lost
2024-12-16,CB-1006015,168.40,Consumer,Mobile Plans,4855,Won
2024-12-16,CB-1006113,413.46,Wholesale,IoT SIM,7030,Won
2024-12-16,CB-1006120,265.53,Wholesale,IoT SIM,4871,Pending
2024-12-16,CB-1006121,621.72,Wholesale,IoT SIM,4870,Lost
2024-12-17,CB-1005914,415.47,Enterprise,Cloud Services,7030,Lost
2024-12-17,CB-1005959,425.20,Enterprise,Managed Support,7030,Pending
2024-12-17,CB-1006011,267.89,Consumer,Mobile Plans,4837,Won
2024-12-17,CB-1006046,205.04,Consumer,Device Protection,4855,Pending
2024-12-17,CB-1006052,200.28,Consumer,Device Protection,7030,Open
2024-12-17,CB-1006103,383.73,Wholesale,Partner Resale,4870,Won
2024-12-18,CB-1005921,635.44,Enterprise,Cloud Services,4837,Won
2024-12-18,CB-1005925,388.72,Enterprise,Cloud Services,4863,Pending
2024-12-18,CB-1005942,488.58,Enterprise,Managed Support,4871,Lost
2024-12-18,CB-1005981,245.17,Enterprise,Platform API,4863,Open
2024-12-18,CB-1006056,208.67,Consumer,Device Protection,4871,Open
2024-12-18,CB-1006083,635.86,Wholesale,Bulk Voice,4870,Won
2024-12-19,CB-1005961,686.91,Enterprise,Managed Support,7030,Pending
2024-12-19,CB-1006017,155.80,Consumer,Mobile Plans,4837,Won
2024-12-19,CB-1006037,131.64,Consumer,Streaming Add-on,4855,Pending
2024-12-19,CB-1006066,525.73,Wholesale,Bulk Voice,4863,Lost
2024-12-20,CB-1005902,612.58,Enterprise,Cloud Services,4837,Won
2024-12-20,CB-1005926,694.25,Enterprise,Cloud Services,4870,Lost
2024-12-20,CB-1005956,256.30,Enterprise,Managed Support,4871,Lost
2024-12-20,CB-1005957,268.36,Enterprise,Managed Support,4863,Lost
2024-12-20,CB-1005958,633.33,Enterprise,Managed Support,4855,Lost
2024-12-20,CB-1006013,93.90,Consumer,Mobile Plans,4871,Lost
2024-12-20,CB-1006019,166.55,Consumer,Streaming Add-on,4863,Pending
2024-12-20,CB-1006021,217.40,Consumer,Streaming Add-on,4871,Won
2024-12-20,CB-1006033,180.53,Consumer,Streaming Add-on,4837,Pending
2024-12-20,CB-1006055,407.27,Consumer,Device Protection,7030,Won
2024-12-20,CB-1006064,587.74,Wholesale,Bulk Voice,4870,Lost
2024-12-20,CB-1006088,381.10,Wholesale,Partner Resale,4871,Won
2024-12-20,CB-1006091,435.29,Wholesale,Partner Resale,4870,Pending
2024-12-20,CB-1006092,193.09,Wholesale,Partner Resale,4871,Won
2024-12-21,CB-1005932,354.44,Enterprise,Cloud Services,4855,Won
2024-12-21,CB-1005936,530.51,Enterprise,Cloud Services,7030,Open
2024-12-21,CB-1005955,271.08,Enterprise,Managed Support,4871,Won
2024-12-21,CB-1005968,422.20,Enterprise,Platform API,4855,Open
2024-12-21,CB-1005985,336.69,Enterprise,Platform API,4855,Lost
2024-12-21,CB-1006016,91.11,Consumer,Mobile Plans,4871,Won
2024-12-21,CB-1006118,514.42,Wholesale,IoT SIM,4863,Won
2024-12-22,CB-1006010,114.40,Consumer,Mobile Plans,4855,Won
2024-12-22,CB-1006028,274.09,Consumer,Streaming Add-on,7030,Open
2024-12-22,CB-1006031,349.36,Consumer,Streaming Add-on,4837,Lost
2024-12-22,CB-1006108,415.51,Wholesale,IoT SIM,4837,Lost
2024-12-22,CB-1006109,364.90,Wholesale,IoT SIM,4837,Pending
2024-12-22,CB-1006112,420.77,Wholesale,IoT SIM,4863,Open
2024-12-23,CB-1005910,442.76,Enterprise,Cloud Services,4871,Lost
2024-12-23,CB-1005962,596.77,Enterprise,Managed Support,7030,Won
2024-12-23,CB-1005996,240.33,Consumer,Mobile Plans,4837,Lost
2024-12-23,CB-1006057,203.42,Consumer,Device Protection,7030,Won
2024-12-23,CB-1006062,224.40,Wholesale,Bulk Voice,4863,Open
2024-12-23,CB-1006075,408.66,Wholesale,Bulk Voice,4870,Won
2024-12-23,CB-1006100,172.78,Wholesale,Partner Resale,4871,Won
2024-12-24,CB-1005960,648.64,Enterprise,Managed Support,4855,Lost
2024-12-24,CB-1006036,186.17,Consumer,Streaming Add-on,4871,Lost
2024-12-24,CB-1006041,143.93,Consumer,Device Protection,7030,Lost
2024-12-24,CB-1006045,189.04,Consumer,Device Protection,4855,Pending
2024-12-24,CB-1006048,120.44,Consumer,Device Protection,4855,Pending
2024-12-24,CB-1006063,330.37,Wholesale,Bulk Voice,4870,Open
2024-12-24,CB-1006070,313.18,Wholesale,Bulk Voice,4870,Won
2024-12-24,CB-1006072,451.44,Wholesale,Bulk Voice,4837,Lost
2024-12-24,CB-1006079,183.27,Wholesale,Bulk Voice,4871,Lost
2024-12-24,CB-1006081,374.63,Wholesale,Bulk Voice,4871,Won
2024-12-24,CB-1006105,512.24,Wholesale,IoT SIM,4870,Lost
2024-12-24,CB-1006114,543.50,Wholesale,IoT SIM,7030,Open
2024-12-25,CB-1005924,585.22,Enterprise,Cloud Services,4863,Won
2024-12-25,CB-1005983,716.72,Enterprise,Platform API,4870,Won
2024-12-25,CB-1005987,469.53,Enterprise,Platform API,4863,Won
2024-12-25,CB-1006006,339.49,Consumer,Mobile Plans,4870,Won
2024-12-25,CB-1006034,324.91,Consumer,Streaming Add-on,4870,Lost
2024-12-25,CB-1006051,335.77,Consumer,Device Protection,4837,Lost
2024-12-25,CB-1006077,423.41,Wholesale,Bulk Voice,4863,Won
2024-12-25,CB-1006097,408.53,Wholesale,Partner Resale,4863,Lost
2024-12-26,CB-1005903,396.61,Enterprise,Cloud Services,4855,Lost
2024-12-26,CB-1005947,731.94,Enterprise,Managed Support,4837,Lost
2024-12-26,CB-1006001,188.28,Consumer,Mobile Plans,7030,Lost
2024-12-26,CB-1006102,465.08,Wholesale,Partner Resale,4855,Won
2024-12-26,CB-1006111,311.39,Wholesale,IoT SIM,7030,Pending
2024-12-27,CB-1005940,494.98,Enterprise,Managed Support,7030,Lost
2024-12-27,CB-1005994,183.68,Consumer,Mobile Plans,4870,Pending
2024-12-27,CB-1006068,308.52,Wholesale,Bulk Voice,4855,Lost
2024-12-27,CB-1006122,585.12,Wholesale,IoT SIM,4837,Won
2024-12-28,CB-1005929,291.71,Enterprise,Cloud Services,4870,Pending
2024-12-28,CB-1005938,580.55,Enterprise,Cloud Services,4863,Won
2024-12-28,CB-1005950,728.54,Enterprise,Managed Support,4837,Lost
2024-12-28,CB-1005971,409.37,Enterprise,Platform API,4837,Pending
2024-12-28,CB-1006014,194.50,Consumer,Mobile Plans,4855,Won
2024-12-28,CB-1006082,397.73,Wholesale,Bulk Voice,7030,Won
2024-12-28,CB-1006085,564.79,Wholesale,Bulk Voice,4837,Pending
2024-12-28,CB-1006093,580.06,Wholesale,Partner Resale,4837,Won
2024-12-28,CB-1006107,193.10,Wholesale,IoT SIM,4855,Won
2024-12-29,CB-1005907,803.10,Enterprise,Cloud Services,7030,Lost
2024-12-29,CB-1005969,363.20,Enterprise,Platform API,7030,Won
2024-12-29,CB-1005978,451.79,Enterprise,Platform API,4837,Pending
2024-12-29,CB-1005979,704.00,Enterprise,Platform API,4870,Won
2024-12-29,CB-1006004,317.33,Consumer,Mobile Plans,7030,Won
2024-12-29,CB-1006026,222.16,Consumer,Streaming Add-on,4855,Won
2024-12-29,CB-1006065,244.58,Wholesale,Bulk Voice,4863,Won
2024-12-29,CB-1006115,223.08,Wholesale,IoT SIM,4855,Lost
2024-12-30,CB-1006025,324.77,Consumer,Streaming Add-on,7030,Open
2024-12-31,CB-1005904,344.03,Enterprise,Cloud Services,4870,Won
2024-12-31,CB-1005937,442.39,Enterprise,Cloud Services,4855,Lost
2024-12-31,CB-1005939,654.21,Enterprise,Managed Support,4870,Won
2024-12-31,CB-1005980,344.59,Enterprise,Platform API,4855,Lost
2024-12-31,CB-1006012,206.43,Consumer,Mobile Plans,4863,Lost
2024-12-31,CB-1006089,351.42,Wholesale,Partner Resale,4871,Won
2024-12-31,CB-1006119,464.55,Wholesale,IoT SIM,4863,Open
2025-01-01,CB-1006128,275.03,Enterprise,Cloud Services,4863,Lost
2025-01-01,CB-1006144,259.48,Enterprise,Cloud Services,4871,Pending
2025-01-01,CB-1006150,382.43,Enterprise,Managed Support,4855,Open
2025-01-01,CB-1006237,262.26,Wholesale,Bulk Voice,4855,Open
2025-01-02,CB-1006165,473.64,Enterprise,Platform API,7030,Pending
2025-01-02,CB-1006249,319.74,Wholesale,Bulk Voice,4870,Lost
2025-01-02,CB-1006256,356.19,Wholesale,Partner Resale,4837,Lost
2025-01-03,CB-1006162,401.30,Enterprise,Platform API,4837,Pending
2025-01-03,CB-1006224,210.55,Consumer,Device Protection,4871,Won
2025-01-04,CB-1006145,714.42,Enterprise,Cloud Services,7030,Pending
2025-01-04,CB-1006153,827.34,Enterprise,Managed Support,4870,Won
2025-01-04,CB-1006159,744.82,Enterprise,Managed Support,4837,Lost
2025-01-04,CB-1006163,328.70,Enterprise,Platform API,4871,Open
2025-01-04,CB-1006175,535.30,Enterprise,Platform API,4871,Lost
2025-01-04,CB-1006229,215.36,Consumer,Device Protection,4863,Open
2025-01-04,CB-1006242,520.06,Wholesale,Bulk Voice,4837,Lost
2025-01-05,CB-1006240,331.88,Wholesale,Bulk Voice,4837,Open
2025-01-05,CB-1006250,278.44,Wholesale,Partner Resale,4855,Lost
2025-01-06,CB-1006143,540.58,Enterprise,Cloud Services,7030,Won
2025-01-06,CB-1006205,147.77,Consumer,Streaming Add-on,4855,Won
2025-01-07,CB-1006135,673.93,Enterprise,Cloud Services,4837,Lost
2025-01-07,CB-1006157,824.00,Enterprise,Managed Support,7030,Pending
2025-01-07,CB-1006189,180.57,Consumer,Mobile Plans,4870,Pending
2025-01-07,CB-1006213,139.48,Consumer,Streaming Add-on,4870,Lost
2025-01-08,CB-1006155,524.19,Enterprise,Managed Support,7030,Pending
2025-01-08,CB-1006176,385.02,Enterprise,Platform API,4837,Won
2025-01-08,CB-1006212,293.61,Consumer,Streaming Add-on,4863,Open
2025-01-08,CB-1006264,289.61,Wholesale,IoT SIM,4855,Lost
2025-01-08,CB-1006266,610.38,Wholesale,IoT SIM,4870,Lost
2025-01-09,CB-1006123,426.08,Enterprise,Cloud Services,4863,Won
2025-01-09,CB-1006141,377.30,Enterprise,Cloud Services,4863,Open
2025-01-09,CB-1006184,194.92,Consumer,Mobile Plans,4855,Pending
2025-01-09,CB-1006185,228.22,Consumer,Mobile Plans,4855,Won
2025-01-09,CB-1006223,341.56,Consumer,Device Protection,4837,Won
2025-01-09,CB-1006243,442.13,Wholesale,Bulk Voice,4871,Open
2025-01-09,CB-1006244,394.65,Wholesale,Bulk Voice,4855,Won
2025-01-10,CB-1006151,423.51,Enterprise,Managed Support,4863,Lost
2025-01-10,CB-1006199,374.00,Consumer,Mobile Plans,4870,Won
2025-01-11,CB-1006181,186.56,Consumer,Mobile Plans,4855,Open
2025-01-11,CB-1006190,118.12,Consumer,Mobile Plans,4871,Pending
2025-01-11,CB-1006200,233.88,Consumer,Mobile Plans,7030,Pending
2025-01-11,CB-1006210,181.67,Consumer,Streaming Add-on,4837,Lost
2025-01-11,CB-1006222,173.27,Consumer,Device Protection,4863,Pending
2025-01-11,CB-1006255,301.81,Wholesale,Partner Resale,7030,Lost
2025-01-11,CB-1006257,243.77,Wholesale,Partner Resale,4871,Won
2025-01-12,CB-1006142,716.39,Enterprise,Cloud Services,4870,Pending
2025-01-12,CB-1006233,533.38,Wholesale,Bulk Voice,4837,Pending
2025-01-13,CB-1006171,519.68,Enterprise,Platform API,7030,Lost
2025-01-13,CB-1006178,508.85,Enterprise,Platform API,4837,Pending
2025-01-13,CB-1006225,224.91,Consumer,Device Protection,4837,Won
2025-01-13,CB-1006226,323.56,Consumer,Device Protection,4837,Lost
2025-01-14,CB-1006147,230.82,Enterprise,Managed Support,4871,Open
2025-01-14,CB-1006182,267.22,Consumer,Mobile Plans,4871,Pending
2025-01-14,CB-1006258,412.80,Wholesale,Partner Resale,7030,Lost
2025-01-15,CB-1006174,345.03,Enterprise,Platform API,4871,Won
2025-01-15,CB-1006179,217.87,Consumer,Mobile Plans,4855,Won
2025-01-15,CB-1006188,250.91,Consumer,Mobile Plans,4871,Lost
2025-01-15,CB-1006197,134.37,Consumer,Mobile Plans,4855,Lost
2025-01-16,CB-1006139,261.06,Enterprise,Cloud Services,4871,Lost
2025-01-16,CB-1006152,529.78,Enterprise,Managed Support,4870,Pending
2025-01-16,CB-1006158,447.94,Enterprise,Managed Support,4863,Pending
2025-01-16,CB-1006160,510.80,Enterprise,Managed Support,4863,Won
2025-01-16,CB-1006232,159.62,Consumer,Device Protection,4871,Open
2025-01-16,CB-1006241,337.82,Wholesale,Bulk Voice,7030,Lost
2025-01-16,CB-1006265,633.38,Wholesale,IoT SIM,7030,Pending
2025-01-16,CB-1006273,316.15,Wholesale,IoT SIM,4855,Lost
2025-01-17,CB-1006126,333.71,Enterprise,Cloud Services,4870,Won
2025-01-17,CB-1006177,723.36,Enterprise,Platform API,4870,Won
2025-01-17,CB-1006216,248.09,Consumer,Streaming Add-on,4837,Open
2025-01-17,CB-1006228,265.90,Consumer,Device Protection,4870,Won
2025-01-17,CB-1006236,180.30,Wholesale,Bulk Voice,4855,Lost
2025-01-17,CB-1006261,481.05,Wholesale,Partner Resale,4870,Open
2025-01-18,CB-1006127,792.73,Enterprise,Cloud Services,4837,Won
2025-01-18,CB-1006148,395.64,Enterprise,Managed Support,4837,Won
2025-01-18,CB-1006167,510.25,Enterprise,Platform API,4870,Won
2025-01-18,CB-1006192,212.35,Consumer,Mobile Plans,4870,Lost
2025-01-18,CB-1006193,133.01,Consumer,Mobile Plans,4863,Won
2025-01-18,CB-1006207,177.32,Consumer,Streaming Add-on,4837,Lost
2025-01-18,CB-1006221,248.35,Consumer,Device Protection,4863,Lost
2025-01-18,CB-1006230,262.98,Consumer,Device Protection,4837,Lost
2025-01-18,CB-1006267,346.90,Wholesale,IoT SIM,7030,Lost
2025-01-19,CB-1006166,621.06,Enterprise,Platform API,4855,Won
2025-01-19,CB-1006217,255.97,Consumer,Device Protection,4837,Lost
2025-01-19,CB-1006246,304.84,Wholesale,Bulk Voice,7030,Lost
2025-01-19,CB-1006270,340.82,Wholesale,IoT SIM,7030,Won
2025-01-19,CB-1006272,567.13,Wholesale,IoT SIM,4837,Lost
2025-01-20,CB-1006136,662.95,Enterprise,Cloud Services,4870,Won
2025-01-20,CB-1006137,220.90,Enterprise,Cloud Services,4855,Won
2025-01-20,CB-1006187,278.86,Consumer,Mobile Plans,4863,Lost
2025-01-20,CB-1006191,133.07,Consumer,Mobile Plans,4871,Lost
2025-01-20,CB-1006206,144.89,Consumer,Streaming Add-on,4863,Won
2025-01-20,CB-1006211,147.29,Consumer,Streaming Add-on,4871,Won
2025-01-20,CB-1006218,278.08,Consumer,Device Protection,4870,Pending
2025-01-20,CB-1006248,433.25,Wholesale,Bulk Voice,4863,Lost
2025-01-20,CB-1006253,255.30,Wholesale,Partner Resale,4837,Lost
2025-01-21,CB-1006164,615.55,Enterprise,Platform API,4837,Pending
2025-01-21,CB-1006262,347.65,Wholesale,IoT SIM,4855,Pending
2025-01-22,CB-1006125,510.39,Enterprise,Cloud Services,7030,Pending
2025-01-22,CB-1006209,316.33,Consumer,Streaming Add-on,4870,Open
2025-01-22,CB-1006231,377.82,Consumer,Device Protection,4870,Pending
2025-01-22,CB-1006238,439.27,Wholesale,Bulk Voice,4871,Won
2025-01-22,CB-1006271,386.55,Wholesale,IoT SIM,4863,Won
2025-01-23,CB-1006149,272.79,Enterprise,Managed Support,4871,Lost
2025-01-23,CB-1006183,177.87,Consumer,Mobile Plans,7030,Lost
2025-01-23,CB-1006201,98.13,Consumer,Mobile Plans,4871,Won
2025-01-23,CB-1006202,261.39,Consumer,Streaming Add-on,4871,Won
2025-01-23,CB-1006252,254.18,Wholesale,Partner Resale,4871,Lost
2025-01-23,CB-1006254,440.46,Wholesale,Partner Resale,4870,Won
2025-01-24,CB-1006124,493.49,Enterprise,Cloud Services,4871,Lost
2025-01-24,CB-1006132,370.63,Enterprise,Cloud Services,4855,Lost
2025-01-24,CB-1006134,900.03,Enterprise,Cloud Services,7030,Open
2025-01-24,CB-1006161,467.24,Enterprise,Managed Support,4871,Lost
2025-01-24,CB-1006180,267.32,Consumer,Mobile Plans,4863,Lost
2025-01-24,CB-1006269,308.60,Wholesale,IoT SIM,4870,Lost
2025-01-25,CB-1006156,885.09,Enterprise,Managed Support,7030,Lost
2025-01-25,CB-1006168,371.19,Enterprise,Platform API,7030,Lost
2025-01-25,CB-1006169,606.10,Enterprise,Platform API,4855,Pending
2025-01-25,CB-1006173,532.23,Enterprise,Platform API,4837,Lost
2025-01-25,CB-1006208,199.47,Consumer,Streaming Add-on,4855,Pending
2025-01-25,CB-1006214,222.33,Consumer,Streaming Add-on,4871,Pending
2025-01-25,CB-1006227,321.72,Consumer,Device Protection,4870,Lost
2025-01-25,CB-1006239,314.49,Wholesale,Bulk Voice,4871,Lost
2025-01-26,CB-1006129,791.23,Enterprise,Cloud Services,4837,Lost
2025-01-26,CB-1006138,299.87,Enterprise,Cloud Services,4863,Lost
2025-01-26,CB-1006140,246.17,Enterprise,Cloud Services,4855,Pending
2025-01-26,CB-1006154,502.42,Enterprise,Managed Support,4871,Lost
2025-01-26,CB-1006194,287.30,Consumer,Mobile Plans,7030,Lost
2025-01-26,CB-1006195,132.70,Consumer,Mobile Plans,4870,Won
2025-01-26,CB-1006204,288.84,Consumer,Streaming Add-on,4855,Lost
2025-01-26,CB-1006219,193.53,Consumer,Device Protection,4837,Pending
2025-01-26,CB-1006245,461.51,Wholesale,Bulk Voice,4870,Open
2025-01-26,CB-1006247,225.78,Wholesale,Bulk Voice,4871,Lost
2025-01-26,CB-1006260,451.87,Wholesale,Partner Resale,4870,Lost
2025-01-27,CB-1006131,611.94,Enterprise,Cloud Services,4837,Lost
2025-01-27,CB-1006146,338.96,Enterprise,Managed Support,4871,Won
2025-01-27,CB-1006203,132.36,Consumer,Streaming Add-on,4870,Pending
2025-01-27,CB-1006268,294.21,Wholesale,IoT SIM,4837,Won
2025-01-28,CB-1006196,285.71,Consumer,Mobile Plans,4837,Won
2025-01-28,CB-1006235,210.61,Wholesale,Bulk Voice,4863,Lost
2025-01-29,CB-1006133,403.27,Enterprise,Cloud Services,4871,Lost
2025-01-29,CB-1006172,446.84,Enterprise,Platform API,4863,Pending
2025-01-29,CB-1006215,178.05,Consumer,Streaming Add-on,4871,Lost
2025-01-29,CB-1006234,394.02,Wholesale,Bulk Voice,4837,Open
2025-01-29,CB-1006251,288.75,Wholesale,Partner Resale,4837,Lost
2025-01-30,CB-1006170,609.18,Enterprise,Platform API,4837,Lost
2025-01-30,CB-1006259,201.98,Wholesale,Partner Resale,4871,Pending
2025-01-31,CB-1006130,349.85,Enterprise,Cloud Services,4855,Lost
2025-01-31,CB-1006186,210.08,Consumer,Mobile Plans,4863,Won
2025-01-31,CB-1006198,244.78,Consumer,Mobile Plans,4855,Lost
2025-01-31,CB-1006220,219.28,Consumer,Device Protection,4871,Lost
2025-01-31,CB-1006263,415.12,Wholesale,IoT SIM,7030,Won
2025-02-01,CB-1006281,710.95,Enterprise,Cloud Services,4863,Won
2025-02-01,CB-1006311,378.50,Enterprise,Managed Support,4855,Open
2025-02-01,CB-1006391,416.70,Wholesale,Bulk Voice,4863,Open
2025-02-01,CB-1006399,253.39,Wholesale,Bulk Voice,7030,Lost
2025-02-01,CB-1006414,441.76,Wholesale,Partner Resale,7030,Lost
2025-02-01,CB-1006421,354.19,Wholesale,Partner Resale,4871,Lost
2025-02-02,CB-1006310,334.08,Enterprise,Managed Support,7030,Won
2025-02-02,CB-1006327,613.73,Enterprise,Platform API,4855,Lost
2025-02-02,CB-1006383,143.20,Consumer,Device Protection,4837,Open
2025-02-02,CB-1006430,254.64,Wholesale,IoT SIM,4871,Won
2025-02-03,CB-1006276,448.44,Enterprise,Cloud Services,4837,Pending
2025-02-03,CB-1006307,573.45,Enterprise,Managed Support,4871,Pending
2025-02-03,CB-1006317,457.69,Enterprise,Managed Support,4855,Won
2025-02-03,CB-1006322,268.65,Enterprise,Platform API,4863,Won
2025-02-03,CB-1006392,446.01,Wholesale,Bulk Voice,4837,Lost
2025-02-03,CB-1006426,273.99,Wholesale,IoT SIM,4871,Won
2025-02-04,CB-1006324,647.89,Enterprise,Platform API,4863,Won
2025-02-04,CB-1006330,293.32,Enterprise,Platform API,4870,Lost
2025-02-04,CB-1006332,396.49,Enterprise,Platform API,4870,Open
2025-02-05,CB-1006320,527.93,Enterprise,Managed Support,4870,Won
2025-02-05,CB-1006361,118.62,Consumer,Streaming Add-on,4871,Won
2025-02-05,CB-1006368,333.51,Consumer,Streaming Add-on,4870,Won
2025-02-05,CB-1006393,293.02,Wholesale,Bulk Voice,4837,Won
2025-02-05,CB-1006423,418.08,Wholesale,IoT SIM,4870,Won
2025-02-06,CB-1006303,584.74,Enterprise,Managed Support,4855,Lost
2025-02-06,CB-1006318,214.21,Enterprise,Managed Support,4871,Lost
2025-02-06,CB-1006319,467.47,Enterprise,Managed Support,4863,Won
2025-02-06,CB-1006358,196.30,Consumer,Mobile Plans,4863,Lost
2025-02-06,CB-1006364,286.52,Consumer,Streaming Add-on,4855,Lost
2025-02-06,CB-1006379,187.20,Consumer,Device Protection,7030,Open
2025-02-06,CB-1006410,321.67,Wholesale,Partner Resale,4870,Lost
2025-02-06,CB-1006412,269.74,Wholesale,Partner Resale,4871,Lost
2025-02-07,CB-1006289,524.12,Enterprise,Cloud Services,4870,Pending
2025-02-07,CB-1006334,548.05,Enterprise,Platform API,4855,Won
2025-02-07,CB-1006340,408.66,Consumer,Mobile Plans,7030,Pending
2025-02-07,CB-1006349,191.08,Consumer,Mobile Plans,4837,Won
2025-02-07,CB-1006401,216.79,Wholesale,Bulk Voice,4871,Lost
2025-02-07,CB-1006418,487.80,Wholesale,Partner Resale,4870,Lost
2025-02-08,CB-1006282,689.25,Enterprise,Cloud Services,4837,Open
2025-02-08,CB-1006344,316.01,Consumer,Mobile Plans,7030,Won
2025-02-08,CB-1006425,409.62,Wholesale,IoT SIM,4855,Open
2025-02-09,CB-1006295,455.10,Enterprise,Cloud Services,4837,Open
2025-02-09,CB-1006304,291.08,Enterprise,Managed Support,4871,Lost
2025-02-09,CB-1006352,323.39,Consumer,Mobile Plans,4870,Lost
2025-02-09,CB-1006360,219.15,Consumer,Streaming Add-on,4870,Lost
2025-02-09,CB-1006386,262.68,Consumer,Device Protection,4855,Won
2025-02-09,CB-1006405,289.57,Wholesale,Bulk Voice,4863,Won
2025-02-10,CB-1006292,393.20,Enterprise,Cloud Services,4837,Won
2025-02-10,CB-1006326,546.35,Enterprise,Platform API,4871,Pending
2025-02-10,CB-1006335,463.11,Enterprise,Platform API,4855,Pending
2025-02-10,CB-1006338,269.91,Consumer,Mobile Plans,4863,Won
2025-02-10,CB-1006339,350.44,Consumer,Mobile Plans,7030,Won
2025-02-10,CB-1006375,118.78,Consumer,Device Protection,4855,Lost
2025-02-10,CB-1006420,261.52,Wholesale,Partner Resale,4837,Pending
2025-02-10,CB-1006427,334.12,Wholesale,IoT SIM,4855,Open
2025-02-11,CB-1006285,550.29,Enterprise,Cloud Services,4871,Open
2025-02-11,CB-1006350,186.24,Consumer,Mobile Plans,7030,Won
2025-02-11,CB-1006353,196.22,Consumer,Mobile Plans,4870,Lost
2025-02-11,CB-1006363,267.03,Consumer,Streaming Add-on,4871,Pending
2025-02-11,CB-1006398,229.73,Wholesale,Bulk Voice,4863,Won
2025-02-12,CB-1006277,384.70,Enterprise,Cloud Services,4855,Won
2025-02-12,CB-1006331,571.87,Enterprise,Platform API,4855,Lost
2025-02-12,CB-1006378,142.18,Consumer,Device Protection,4837,Pending
2025-02-12,CB-1006433,489.81,Wholesale,IoT SIM,4837,Pending
2025-02-13,CB-1006370,192.48,Consumer,Streaming Add-on,4837,Open
2025-02-13,CB-1006424,480.58,Wholesale,IoT SIM,4870,Lost
2025-02-14,CB-1006279,422.74,Enterprise,Cloud Services,4855,Won
2025-02-14,CB-1006314,621.16,Enterprise,Managed Support,7030,Open
2025-02-14,CB-1006333,580.86,Enterprise,Platform API,7030,Open
2025-02-14,CB-1006357,253.07,Consumer,Mobile Plans,4863,Won
2025-02-14,CB-1006377,143.66,Consumer,Device Protection,4870,Won
2025-02-14,CB-1006396,368.87,Wholesale,Bulk Voice,4863,Pending
2025-02-14,CB-1006411,545.44,Wholesale,Partner Resale,4837,Pending
2025-02-14,CB-1006415,539.17,Wholesale,Partner Resale,7030,Lost
2025-02-14,CB-1006429,457.05,Wholesale,IoT SIM,4855,Lost
2025-02-14,CB-1006431,638.97,Wholesale,IoT SIM,7030,Won
2025-02-15,CB-1006406,676.52,Wholesale,Bulk Voice,7030,Pending
2025-02-15,CB-1006422,251.99,Wholesale,Partner Resale,4871,Lost
2025-02-16,CB-1006301,573.83,Enterprise,Managed Support,4837,Won
2025-02-16,CB-1006336,532.68,Enterprise,Platform API,4870,Won
2025-02-16,CB-1006343,186.55,Consumer,Mobile Plans,4870,Lost
2025-02-16,CB-1006345,216.89,Consumer,Mobile Plans,4837,Won
2025-02-17,CB-1006298,487.52,Enterprise,Cloud Services,4871,Lost
2025-02-17,CB-1006316,358.78,Enterprise,Managed Support,4837,Open
2025-02-17,CB-1006342,318.59,Consumer,Mobile Plans,4837,Won
2025-02-17,CB-1006346,220.62,Consumer,Mobile Plans,4871,Lost
2025-02-17,CB-1006355,195.66,Consumer,Mobile Plans,4871,Pending
2025-02-17,CB-1006365,254.38,Consumer,Streaming Add-on,4870,Lost
2025-02-17,CB-1006373,259.61,Consumer,Device Protection,4837,Won
2025-02-17,CB-1006380,288.80,Consumer,Device Protection,4837,Lost
2025-02-17,CB-1006381,211.78,Consumer,Device Protection,4855,Lost
2025-02-17,CB-1006395,309.55,Wholesale,Bulk Voice,4871,Lost
2025-02-17,CB-1006397,402.59,Wholesale,Bulk Voice,7030,Lost
2025-02-17,CB-1006404,300.73,Wholesale,Bulk Voice,7030,Lost
2025-02-17,CB-1006408,322.96,Wholesale,Partner Resale,4855,Won
2025-02-18,CB-1006291,416.18,Enterprise,Cloud Services,4837,Lost
2025-02-18,CB-1006294,253.91,Enterprise,Cloud Services,4871,Lost
2025-02-18,CB-1006323,311.49,Enterprise,Platform API,4871,Open
2025-02-18,CB-1006366,380.86,Consumer,Streaming Add-on,4870,Lost
2025-02-18,CB-1006372,250.41,Consumer,Streaming Add-on,4855,Open
2025-02-18,CB-1006390,226.03,Wholesale,Bulk Voice,4871,Won
2025-02-18,CB-1006403,409.06,Wholesale,Bulk Voice,4837,Won
2025-02-18,CB-1006409,244.29,Wholesale,Partner Resale,4863,Open
2025-02-19,CB-1006274,498.28,Enterprise,Cloud Services,4855,Pending
2025-02-19,CB-1006288,295.97,Enterprise,Cloud Services,4863,Lost
2025-02-19,CB-1006293,768.42,Enterprise,Cloud Services,4837,Lost
2025-02-19,CB-1006297,474.58,Enterprise,Cloud Services,4870,Lost
2025-02-19,CB-1006312,470.28,Enterprise,Managed Support,4871,Lost
2025-02-19,CB-1006369,291.31,Consumer,Streaming Add-on,4863,Won
2025-02-19,CB-1006371,337.95,Consumer,Streaming Add-on,7030,Lost
2025-02-19,CB-1006407,389.13,Wholesale,Bulk Voice,4870,Open
2025-02-20,CB-1006300,580.82,Enterprise,Cloud Services,7030,Won
2025-02-20,CB-1006305,309.12,Enterprise,Managed Support,4871,Lost
2025-02-20,CB-1006313,414.45,Enterprise,Managed Support,4855,Lost
2025-02-20,CB-1006315,570.21,Enterprise,Managed Support,4871,Lost
2025-02-20,CB-1006321,376.15,Enterprise,Platform API,4855,Won
2025-02-20,CB-1006374,106.04,Consumer,Device Protection,4871,Open
2025-02-20,CB-1006400,277.21,Wholesale,Bulk Voice,7030,Won
2025-02-21,CB-1006416,246.22,Wholesale,Partner Resale,7030,Lost
2025-02-22,CB-1006275,464.38,Enterprise,Cloud Services,4871,Lost
2025-02-22,CB-1006283,497.31,Enterprise,Cloud Services,4837,Lost
2025-02-22,CB-1006302,511.01,Enterprise,Managed Support,4837,Pending
2025-02-22,CB-1006306,643.29,Enterprise,Managed Support,7030,Lost
2025-02-22,CB-1006329,581.96,Enterprise,Platform API,4871,Won
2025-02-22,CB-1006351,265.94,Consumer,Mobile Plans,4855,Lost
2025-02-22,CB-1006387,149.90,Consumer,Device Protection,4863,Lost
2025-02-22,CB-1006388,140.41,Consumer,Device Protection,4863,Open
2025-02-22,CB-1006417,401.18,Wholesale,Partner Resale,7030,Lost
2025-02-22,CB-1006432,669.46,Wholesale,IoT SIM,7030,Lost
2025-02-23,CB-1006299,488.12,Enterprise,Cloud Services,7030,Won
2025-02-23,CB-1006325,427.04,Enterprise,Platform API,4863,Pending
2025-02-23,CB-1006341,284.37,Consumer,Mobile Plans,4855,Open
2025-02-23,CB-1006354,325.30,Consumer,Mobile Plans,4837,Lost
2025-02-23,CB-1006359,249.20,Consumer,Streaming Add-on,4837,Won
2025-02-23,CB-1006402,294.16,Wholesale,Bulk Voice,7030,Open
2025-02-23,CB-1006428,392.37,Wholesale,IoT SIM,4863,Lost
2025-02-24,CB-1006287,432.79,Enterprise,Cloud Services,4837,Open
2025-02-24,CB-1006347,228.19,Consumer,Mobile Plans,4871,Won
2025-02-24,CB-1006356,304.29,Consumer,Mobile Plans,7030,Open
2025-02-24,CB-1006385,231.79,Consumer,Device Protection,4870,Won
2025-02-24,CB-1006419,271.72,Wholesale,Partner Resale,4855,Lost
2025-02-25,CB-1006296,405.06,Enterprise,Cloud Services,4837,Pending
2025-02-25,CB-1006413,327.34,Wholesale,Partner Resale,7030,Won
2025-02-26,CB-1006328,299.26,Enterprise,Platform API,4855,Lost
2025-02-26,CB-1006367,135.02,Consumer,Streaming Add-on,4870,Pending
2025-02-26,CB-1006394,602.24,Wholesale,Bulk Voice,4870,Won
2025-02-27,CB-1006278,441.97,Enterprise,Cloud Services,4870,Won
2025-02-27,CB-1006286,532.57,Enterprise,Cloud Services,4837,Lost
2025-02-27,CB-1006290,372.17,Enterprise,Cloud Services,4870,Pending
2025-02-27,CB-1006337,585.64,Enterprise,Platform API,4837,Won
2025-02-27,CB-1006382,209.83,Consumer,Device Protection,4837,Won
2025-02-27,CB-1006384,175.90,Consumer,Device Protection,4855,Won
2025-02-27,CB-1006389,219.82,Consumer,Device Protection,7030,Lost
2025-02-28,CB-1006280,414.85,Enterprise,Cloud Services,4837,Lost
2025-02-28,CB-1006284,659.18,Enterprise,Cloud Services,4870,Lost
2025-02-28,CB-1006308,800.62,Enterprise,Managed Support,4870,Lost
2025-02-28,CB-1006309,426.13,Enterprise,Managed Support,4870,Lost
2025-02-28,CB-1006348,302.49,Consumer,Mobile Plans,4863,Open
2025-02-28,CB-1006362,274.39,Consumer,Streaming Add-on,4870,Won
2025-02-28,CB-1006376,111.76,Consumer,Device Protection,4871,Won
2025-03-01,CB-1006552,573.22,Wholesale,Bulk Voice,4870,Lost
2025-03-02,CB-1006443,298.71,Enterprise,Cloud Services,4870,Pending
2025-03-02,CB-1006456,577.14,Enterprise,Managed Support,7030,Lost
2025-03-02,CB-1006462,552.23,Enterprise,Managed Support,7030,Lost
2025-03-02,CB-1006468,722.29,Enterprise,Managed Support,4863,Lost
2025-03-02,CB-1006479,266.18,Enterprise,Platform API,4863,Open
2025-03-02,CB-1006488,326.65,Enterprise,Platform API,4871,Pending
2025-03-02,CB-1006506,156.49,Consumer,Mobile Plans,4871,Pending
2025-03-02,CB-1006514,118.91,Consumer,Mobile Plans,4855,Pending
2025-03-02,CB-1006551,209.67,Wholesale,Bulk Voice,4863,Lost
2025-03-03,CB-1006447,455.83,Enterprise,Cloud Services,4863,Lost
2025-03-03,CB-1006464,703.58,Enterprise,Managed Support,4863,Won
2025-03-03,CB-1006541,115.86,Consumer,Device Protection,4871,Won
2025-03-03,CB-1006559,336.11,Wholesale,Bulk Voice,7030,Open
2025-03-04,CB-1006448,675.24,Enterprise,Cloud Services,4837,Won
2025-03-04,CB-1006450,261.24,Enterprise,Cloud Services,4871,Won
2025-03-04,CB-1006528,257.29,Consumer,Streaming Add-on,4855,Lost
2025-03-04,CB-1006538,178.51,Consumer,Device Protection,4837,Won
2025-03-05,CB-1006531,341.19,Consumer,Device Protection,7030,Won
2025-03-05,CB-1006540,148.28,Consumer,Device Protection,4863,Lost
2025-03-05,CB-1006542,278.54,Consumer,Device Protection,7030,Open
2025-03-05,CB-1006556,318.40,Wholesale,Bulk Voice,7030,Lost
2025-03-05,CB-1006568,538.85,Wholesale,Bulk Voice,7030,Lost
2025-03-05,CB-1006592,314.10,Wholesale,IoT SIM,4870,Won
2025-03-05,CB-1006593,322.26,Wholesale,IoT SIM,4870,Open
2025-03-06,CB-1006459,677.53,Enterprise,Managed Support,4870,Won
2025-03-06,CB-1006591,416.25,Wholesale,IoT SIM,7030,Lost
2025-03-06,CB-1006594,482.05,Wholesale,IoT SIM,4837,Lost
2025-03-07,CB-1006442,480.79,Enterprise,Cloud Services,4871,Lost
2025-03-07,CB-1006492,460.33,Enterprise,Platform API,4837,Pending
2025-03-07,CB-1006527,409.42,Consumer,Streaming Add-on,7030,Won
2025-03-07,CB-1006572,323.89,Wholesale,Partner Resale,4837,Won
2025-03-08,CB-1006436,370.60,Enterprise,Cloud Services,4855,Won
2025-03-08,CB-1006444,490.71,Enterprise,Cloud Services,4863,Open
2025-03-08,CB-1006460,242.29,Enterprise,Managed Support,4855,Lost
2025-03-08,CB-1006469,314.17,Enterprise,Managed Support,4870,Open
2025-03-08,CB-1006504,296.10,Consumer,Mobile Plans,7030,Won
2025-03-08,CB-1006529,207.26,Consumer,Streaming Add-on,4863,Lost
2025-03-08,CB-1006539,232.68,Consumer,Device Protection,4837,Lost
2025-03-08,CB-1006549,181.39,Consumer,Device Protection,4863,Won
2025-03-08,CB-1006550,206.82,Wholesale,Bulk Voice,4871,Open
2025-03-08,CB-1006560,569.12,Wholesale,Bulk Voice,4870,Won
2025-03-09,CB-1006446,387.44,Enterprise,Cloud Services,7030,Lost
2025-03-09,CB-1006454,557.21,Enterprise,Cloud Services,4870,Lost
2025-03-09,CB-1006496,205.43,Consumer,Mobile Plans,4837,Open
2025-03-09,CB-1006532,156.31,Consumer,Device Protection,4837,Lost
2025-03-09,CB-1006547,409.72,Consumer,Device Protection,7030,Lost
2025-03-09,CB-1006548,261.25,Consumer,Device Protection,4871,Lost
2025-03-09,CB-1006590,328.48,Wholesale,IoT SIM,4855,Pending
2025-03-10,CB-1006477,434.62,Enterprise,Managed Support,7030,Pending
2025-03-10,CB-1006483,654.59,Enterprise,Platform API,4863,Won
2025-03-10,CB-1006497,217.45,Consumer,Mobile Plans,4870,Lost
2025-03-10,CB-1006503,211.91,Consumer,Mobile Plans,7030,Lost
2025-03-10,CB-1006510,154.40,Consumer,Mobile Plans,4837,Open
2025-03-10,CB-1006523,144.04,Consumer,Streaming Add-on,4870,Lost
2025-03-10,CB-1006545,419.57,Consumer,Device Protection,7030,Pending
2025-03-10,CB-1006595,230.37,Wholesale,IoT SIM,4855,Lost
2025-03-11,CB-1006458,568.26,Enterprise,Managed Support,4863,Lost
2025-03-11,CB-1006466,568.22,Enterprise,Managed Support,4870,Lost
2025-03-11,CB-1006473,365.74,Enterprise,Managed Support,4837,Lost
2025-03-11,CB-1006502,257.86,Consumer,Mobile Plans,4863,Pending
2025-03-11,CB-1006518,197.49,Consumer,Streaming Add-on,4871,Lost
2025-03-11,CB-1006535,252.68,Consumer,Device Protection,4871,Pending
2025-03-11,CB-1006537,137.71,Consumer,Device Protection,4855,Won
2025-03-12,CB-1006445,467.73,Enterprise,Cloud Services,4863,Won
2025-03-12,CB-1006453,699.47,Enterprise,Cloud Services,7030,Won
2025-03-12,CB-1006475,615.15,Enterprise,Managed Support,4855,Pending
2025-03-12,CB-1006480,453.57,Enterprise,Platform API,4863,Pending
2025-03-12,CB-1006486,240.33,Enterprise,Platform API,4855,Won
2025-03-12,CB-1006501,127.44,Consumer,Mobile Plans,4837,Won
2025-03-12,CB-1006555,520.44,Wholesale,Bulk Voice,4837,Won
2025-03-12,CB-1006571,503.35,Wholesale,Partner Resale,4837,Won
2025-03-13,CB-1006508,203.48,Consumer,Mobile Plans,4855,Open
2025-03-13,CB-1006515,306.97,Consumer,Mobile Plans,4863,Open
2025-03-13,CB-1006558,323.57,Wholesale,Bulk Voice,4837,Pending
2025-03-14,CB-1006467,909.07,Enterprise,Managed Support,7030,Pending
2025-03-14,CB-1006487,771.76,Enterprise,Platform API,4837,Lost
2025-03-14,CB-1006543,132.60,Consumer,Device Protection,4863,Lost
2025-03-14,CB-1006557,299.49,Wholesale,Bulk Voice,4855,Lost
2025-03-15,CB-1006474,498.70,Enterprise,Managed Support,4870,Lost
2025-03-15,CB-1006553,438.22,Wholesale,Bulk Voice,4863,Lost
2025-03-15,CB-1006569,164.26,Wholesale,Partner Resale,4855,Pending
2025-03-16,CB-1006435,542.50,Enterprise,Cloud Services,7030,Won
2025-03-16,CB-1006440,478.12,Enterprise,Cloud Services,4870,Lost
2025-03-16,CB-1006470,771.06,Enterprise,Managed Support,7030,Pending
2025-03-16,CB-1006482,502.42,Enterprise,Platform API,4855,Won
2025-03-16,CB-1006489,849.95,Enterprise,Platform API,7030,Pending
2025-03-16,CB-1006576,273.57,Wholesale,Partner Resale,4863,Lost
2025-03-16,CB-1006589,418.22,Wholesale,IoT SIM,4870,Won
2025-03-17,CB-1006438,790.35,Enterprise,Cloud Services,4837,Open
2025-03-17,CB-1006455,956.27,Enterprise,Cloud Services,7030,Open
2025-03-17,CB-1006461,716.56,Enterprise,Managed Support,7030,Pending
2025-03-17,CB-1006485,514.57,Enterprise,Platform API,4871,Won
2025-03-17,CB-1006517,105.19,Consumer,Mobile Plans,4855,Lost
2025-03-17,CB-1006574,383.97,Wholesale,Partner Resale,4863,Pending
2025-03-17,CB-1006582,366.52,Wholesale,Partner Resale,4837,Lost
2025-03-18,CB-1006478,862.89,Enterprise,Managed Support,4870,Lost
2025-03-18,CB-1006490,537.61,Enterprise,Platform API,4871,Lost
2025-03-18,CB-1006495,174.66,Consumer,Mobile Plans,4855,Won
2025-03-18,CB-1006500,118.75,Consumer,Mobile Plans,4855,Won
2025-03-18,CB-1006505,167.58,Consumer,Mobile Plans,4871,Open
2025-03-18,CB-1006519,135.91,Consumer,Streaming Add-on,4837,Lost
2025-03-18,CB-1006521,208.72,Consumer,Streaming Add-on,4855,Lost
2025-03-18,CB-1006546,91.10,Consumer,Device Protection,4871,Won
2025-03-19,CB-1006434,445.59,Enterprise,Cloud Services,4855,Lost
2025-03-19,CB-1006520,400.88,Consumer,Streaming Add-on,7030,Won
2025-03-19,CB-1006565,367.81,Wholesale,Bulk Voice,4863,Lost
2025-03-19,CB-1006573,234.15,Wholesale,Partner Resale,4863,Won
2025-03-19,CB-1006580,528.20,Wholesale,Partner Resale,7030,Pending
2025-03-20,CB-1006452,739.11,Enterprise,Cloud Services,4837,Open
2025-03-20,CB-1006507,188.83,Consumer,Mobile Plans,4855,Won
2025-03-20,CB-1006561,321.72,Wholesale,Bulk Voice,4855,Lost
2025-03-21,CB-1006437,750.35,Enterprise,Cloud Services,4870,Won
2025-03-21,CB-1006476,404.83,Enterprise,Managed Support,4855,Open
2025-03-21,CB-1006536,206.95,Consumer,Device Protection,4863,Won
2025-03-21,CB-1006544,227.24,Consumer,Device Protection,4855,Open
2025-03-22,CB-1006564,459.69,Wholesale,Bulk Voice,4837,Lost
2025-03-22,CB-1006578,413.98,Wholesale,Partner Resale,4870,Won
2025-03-23,CB-1006465,372.03,Enterprise,Managed Support,4870,Won
2025-03-23,CB-1006491,571.65,Enterprise,Platform API,4855,Lost
2025-03-23,CB-1006525,112.15,Consumer,Streaming Add-on,4871,Lost
2025-03-23,CB-1006567,172.41,Wholesale,Bulk Voice,4855,Lost
2025-03-23,CB-1006575,379.32,Wholesale,Partner Resale,4863,Open
2025-03-23,CB-1006577,411.27,Wholesale,Partner Resale,4855,Lost
2025-03-24,CB-1006463,698.40,Enterprise,Managed Support,7030,Won
2025-03-24,CB-1006484,337.69,Enterprise,Platform API,4837,Lost
2025-03-24,CB-1006498,254.28,Consumer,Mobile Plans,4870,Lost
2025-03-24,CB-1006499,243.79,Consumer,Mobile Plans,4837,Lost
2025-03-24,CB-1006526,115.96,Consumer,Streaming Add-on,4871,Lost
2025-03-24,CB-1006530,176.00,Consumer,Streaming Add-on,7030,Lost
2025-03-24,CB-1006562,440.95,Wholesale,Bulk Voice,4863,Pending
2025-03-24,CB-1006588,427.38,Wholesale,IoT SIM,4870,Pending
2025-03-25,CB-1006457,248.58,Enterprise,Managed Support,4871,Pending
2025-03-25,CB-1006511,199.66,Consumer,Mobile Plans,4871,Lost
2025-03-25,CB-1006522,292.42,Consumer,Streaming Add-on,4837,Lost
2025-03-25,CB-1006579,419.86,Wholesale,Partner Resale,4837,Lost
2025-03-26,CB-1006449,539.98,Enterprise,Cloud Services,4837,Pending
2025-03-26,CB-1006493,383.04,Enterprise,Platform API,4871,Open
2025-03-26,CB-1006494,433.42,Enterprise,Platform API,4871,Pending
2025-03-26,CB-1006524,144.45,Consumer,Streaming Add-on,7030,Lost
2025-03-26,CB-1006563,470.54,Wholesale,Bulk Voice,7030,Won
2025-03-27,CB-1006471,568.75,Enterprise,Managed Support,4837,Lost
2025-03-27,CB-1006534,157.48,Consumer,Device Protection,7030,Won
2025-03-27,CB-1006570,240.97,Wholesale,Partner Resale,4863,Won
2025-03-27,CB-1006584,464.34,Wholesale,IoT SIM,4837,Won
2025-03-28,CB-1006439,324.79,Enterprise,Cloud Services,4837,Lost
2025-03-28,CB-1006441,603.14,Enterprise,Cloud Services,4863,Lost
2025-03-28,CB-1006513,141.30,Consumer,Mobile Plans,4837,Pending
2025-03-28,CB-1006533,278.10,Consumer,Device Protection,4863,Lost
2025-03-28,CB-1006581,241.48,Wholesale,Partner Resale,4863,Lost
2025-03-29,CB-1006481,509.52,Enterprise,Platform API,4870,Won
2025-03-29,CB-1006583,453.42,Wholesale,Partner Resale,7030,Won
2025-03-29,CB-1006585,234.37,Wholesale,IoT SIM,4870,Open
2025-03-30,CB-1006451,307.44,Enterprise,Cloud Services,4863,Won
2025-03-30,CB-1006512,211.34,Consumer,Mobile Plans,4855,Lost
2025-03-30,CB-1006516,250.13,Consumer,Mobile Plans,4870,Lost
2025-03-30,CB-1006566,291.53,Wholesale,Bulk Voice,7030,Pending
2025-03-30,CB-1006586,481.73,Wholesale,IoT SIM,4870,Pending
2025-03-30,CB-1006587,291.13,Wholesale,IoT SIM,4855,Won
2025-03-31,CB-1006472,564.75,Enterprise,Managed Support,4870,Won
2025-03-31,CB-1006509,94.07,Consumer,Mobile Plans,4871,Lost
2025-03-31,CB-1006554,324.63,Wholesale,Bulk Voice,4837,Won
2025-04-01,CB-1006601,307.89,Enterprise,Cloud Services,4863,Won
2025-04-01,CB-1006647,573.60,Enterprise,Platform API,4855,Won
2025-04-01,CB-1006728,460.80,Wholesale,Bulk Voice,4855,Won
2025-04-01,CB-1006742,515.78,Wholesale,Partner Resale,4863,Won
2025-04-02,CB-1006606,614.59,Enterprise,Cloud Services,4837,Won
2025-04-02,CB-1006615,360.17,Enterprise,Cloud Services,4837,Won
2025-04-02,CB-1006672,312.24,Consumer,Mobile Plans,4863,Won
2025-04-02,CB-1006692,143.82,Consumer,Streaming Add-on,4837,Pending
2025-04-02,CB-1006711,115.55,Consumer,Device Protection,4855,Won
2025-04-02,CB-1006735,378.91,Wholesale,Bulk Voice,4863,Pending
2025-04-03,CB-1006612,417.69,Enterprise,Cloud Services,4837,Lost
2025-04-03,CB-1006630,739.13,Enterprise,Managed Support,4837,Won
2025-04-03,CB-1006651,404.66,Enterprise,Platform API,7030,Pending
2025-04-03,CB-1006670,369.87,Consumer,Mobile Plans,4870,Lost
2025-04-03,CB-1006759,374.66,Wholesale,IoT SIM,4855,Won
2025-04-04,CB-1006597,327.39,Enterprise,Cloud Services,4863,Lost
2025-04-04,CB-1006638,228.67,Enterprise,Managed Support,4855,Won
2025-04-04,CB-1006639,611.56,Enterprise,Managed Support,4870,Pending
2025-04-05,CB-1006605,532.84,Enterprise,Cloud Services,4855,Won
2025-04-05,CB-1006625,643.17,Enterprise,Managed Support,4863,Won
2025-04-05,CB-1006626,394.15,Enterprise,Managed Support,4871,Won
2025-04-05,CB-1006676,242.03,Consumer,Mobile Plans,4855,Lost
2025-04-05,CB-1006688,322.84,Consumer,Streaming Add-on,7030,Lost
2025-04-06,CB-1006598,631.73,Enterprise,Cloud Services,4837,Lost
2025-04-06,CB-1006603,506.46,Enterprise,Cloud Services,4855,Won
2025-04-06,CB-1006616,460.81,Enterprise,Cloud Services,4871,Lost
2025-04-06,CB-1006620,367.18,Enterprise,Managed Support,4863,Won
2025-04-06,CB-1006636,437.91,Enterprise,Managed Support,4855,Lost
2025-04-06,CB-1006663,203.77,Consumer,Mobile Plans,4871,Won
2025-04-06,CB-1006675,204.91,Consumer,Mobile Plans,7030,Lost
2025-04-06,CB-1006689,166.04,Consumer,Streaming Add-on,7030,Won
2025-04-06,CB-1006757,251.93,Wholesale,IoT SIM,4863,Won
2025-04-07,CB-1006609,551.56,Enterprise,Cloud Services,4863,Lost
2025-04-07,CB-1006668,404.80,Consumer,Mobile Plans,7030,Won
2025-04-07,CB-1006729,227.03,Wholesale,Bulk Voice,4870,Lost
2025-04-07,CB-1006750,321.87,Wholesale,IoT SIM,7030,Lost
2025-04-07,CB-1006755,613.06,Wholesale,IoT SIM,7030,Lost
2025-04-08,CB-1006619,458.99,Enterprise,Managed Support,4837,Won
2025-04-08,CB-1006744,318.65,Wholesale,Partner Resale,7030,Pending
2025-04-09,CB-1006611,290.13,Enterprise,Cloud Services,4871,Open
2025-04-09,CB-1006702,329.58,Consumer,Device Protection,7030,Won
2025-04-09,CB-1006714,186.33,Consumer,Device Protection,4837,Open
2025-04-09,CB-1006731,221.06,Wholesale,Bulk Voice,4837,Lost
2025-04-10,CB-1006607,861.33,Enterprise,Cloud Services,7030,Lost
2025-04-10,CB-1006650,615.95,Enterprise,Platform API,4863,Lost
2025-04-10,CB-1006733,284.31,Wholesale,Bulk Voice,4870,Won
2025-04-10,CB-1006747,244.98,Wholesale,Partner Resale,4855,Lost
2025-04-10,CB-1006749,375.03,Wholesale,Partner Resale,7030,Won
2025-04-11,CB-1006667,146.66,Consumer,Mobile Plans,4871,Lost
2025-04-11,CB-1006700,112.59,Consumer,Streaming Add-on,4855,Lost
2025-04-11,CB-1006726,382.97,Wholesale,Bulk Voice,4837,Won
2025-04-12,CB-1006608,703.81,Enterprise,Cloud Services,4837,Lost
2025-04-12,CB-1006622,819.86,Enterprise,Managed Support,4870,Lost
2025-04-12,CB-1006664,148.23,Consumer,Mobile Plans,7030,Pending
2025-04-12,CB-1006682,171.03,Consumer,Mobile Plans,7030,Won
2025-04-12,CB-1006685,121.67,Consumer,Streaming Add-on,4837,Open
2025-04-12,CB-1006686,169.89,Consumer,Streaming Add-on,4871,Lost
2025-04-13,CB-1006610,560.92,Enterprise,Cloud Services,4855,Lost
2025-04-13,CB-1006613,888.28,Enterprise,Cloud Services,7030,Lost
2025-04-13,CB-1006618,393.63,Enterprise,Cloud Services,4855,Lost
2025-04-13,CB-1006628,690.00,Enterprise,Managed Support,4870,Won
2025-04-13,CB-1006654,632.31,Enterprise,Platform API,4837,Lost
2025-04-13,CB-1006713,184.59,Consumer,Device Protection,4863,Won
2025-04-13,CB-1006719,711.04,Wholesale,Bulk Voice,7030,Won
2025-04-13,CB-1006740,371.51,Wholesale,Partner Resale,7030,Won
2025-04-13,CB-1006746,225.64,Wholesale,Partner Resale,4855,Lost
2025-04-14,CB-1006614,454.58,Enterprise,Cloud Services,4837,Open
2025-04-14,CB-1006629,291.36,Enterprise,Managed Support,4837,Pending
2025-04-14,CB-1006699,357.39,Consumer,Streaming Add-on,4870,Won
2025-04-14,CB-1006708,321.89,Consumer,Device Protection,4870,Lost
2025-04-14,CB-1006736,639.63,Wholesale,Partner Resale,7030,Lost
2025-04-14,CB-1006738,689.81,Wholesale,Partner Resale,7030,Lost
2025-04-15,CB-1006599,412.85,Enterprise,Cloud Services,4855,Lost
2025-04-15,CB-1006623,845.73,Enterprise,Managed Support,4870,Pending
2025-04-15,CB-1006637,635.67,Enterprise,Managed Support,4863,Won
2025-04-15,CB-1006641,693.12,Enterprise,Managed Support,4837,Won
2025-04-15,CB-1006661,309.73,Consumer,Mobile Plans,4863,Won
2025-04-15,CB-1006674,392.61,Consumer,Mobile Plans,7030,Won
2025-04-15,CB-1006677,336.72,Consumer,Mobile Plans,7030,Won
2025-04-15,CB-1006703,268.20,Consumer,Device Protection,4870,Won
2025-04-15,CB-1006715,199.44,Consumer,Device Protection,4863,Lost
2025-04-15,CB-1006737,497.91,Wholesale,Partner Resale,4837,Won
2025-04-15,CB-1006748,341.47,Wholesale,Partner Resale,7030,Won
2025-04-15,CB-1006752,369.44,Wholesale,IoT SIM,4871,Won
2025-04-16,CB-1006621,379.52,Enterprise,Managed Support,4837,Won
2025-04-16,CB-1006657,603.66,Enterprise,Platform API,4837,Open
2025-04-16,CB-1006660,412.71,Consumer,Mobile Plans,7030,Pending
2025-04-16,CB-1006690,134.73,Consumer,Streaming Add-on,4855,Lost
2025-04-16,CB-1006695,252.86,Consumer,Streaming Add-on,4837,Won
2025-04-16,CB-1006706,257.47,Consumer,Device Protection,4855,Won
2025-04-16,CB-1006707,256.32,Consumer,Device Protection,4855,Open
2025-04-16,CB-1006716,299.21,Consumer,Device Protection,4870,Open
2025-04-16,CB-1006721,263.15,Wholesale,Bulk Voice,4863,Pending
2025-04-17,CB-1006680,175.54,Consumer,Mobile Plans,7030,Won
2025-04-17,CB-1006727,339.50,Wholesale,Bulk Voice,4863,Pending
2025-04-18,CB-1006701,191.24,Consumer,Device Protection,4863,Open
2025-04-18,CB-1006718,568.66,Wholesale,Bulk Voice,4870,Pending
2025-04-18,CB-1006745,203.26,Wholesale,Partner Resale,4871,Lost
2025-04-19,CB-1006634,274.71,Enterprise,Managed Support,4863,Lost
2025-04-19,CB-1006642,327.61,Enterprise,Managed Support,4863,Lost
2025-04-19,CB-1006683,251.32,Consumer,Mobile Plans,4871,Lost
2025-04-19,CB-1006710,185.09,Consumer,Device Protection,4870,Won
2025-04-19,CB-1006722,343.23,Wholesale,Bulk Voice,4855,Open
2025-04-20,CB-1006604,747.43,Enterprise,Cloud Services,4837,Won
2025-04-20,CB-1006658,430.39,Enterprise,Platform API,4837,Won
2025-04-20,CB-1006697,298.28,Consumer,Streaming Add-on,7030,Lost
2025-04-20,CB-1006712,260.75,Consumer,Device Protection,4863,Lost
2025-04-20,CB-1006730,366.15,Wholesale,Bulk Voice,4855,Pending
2025-04-20,CB-1006758,321.05,Wholesale,IoT SIM,4855,Lost
2025-04-21,CB-1006617,479.28,Enterprise,Cloud Services,4863,Lost
2025-04-21,CB-1006645,399.71,Enterprise,Platform API,4870,Won
2025-04-21,CB-1006666,149.43,Consumer,Mobile Plans,4837,Won
2025-04-21,CB-1006681,118.92,Consumer,Mobile Plans,4855,Won
2025-04-21,CB-1006724,218.07,Wholesale,Bulk Voice,4855,Lost
2025-04-22,CB-1006655,507.45,Enterprise,Platform API,4863,Won
2025-04-22,CB-1006662,254.41,Consumer,Mobile Plans,4855,Lost
2025-04-22,CB-1006673,131.40,Consumer,Mobile Plans,4863,Lost
2025-04-22,CB-1006751,311.65,Wholesale,IoT SIM,4863,Lost
2025-04-23,CB-1006644,380.22,Enterprise,Platform API,4870,Open
2025-04-23,CB-1006691,240.06,Consumer,Streaming Add-on,4855,Open
2025-04-24,CB-1006624,372.78,Enterprise,Managed Support,4863,Won
2025-04-24,CB-1006652,629.72,Enterprise,Platform API,4855,Pending
2025-04-24,CB-1006693,171.08,Consumer,Streaming Add-on,4855,Pending
2025-04-24,CB-1006696,188.05,Consumer,Streaming Add-on,4837,Won
2025-04-24,CB-1006754,306.45,Wholesale,IoT SIM,4871,Lost
2025-04-24,CB-1006760,167.34,Wholesale,IoT SIM,4855,Open
2025-04-25,CB-1006631,447.88,Enterprise,Managed Support,4855,Pending
2025-04-25,CB-1006646,343.57,Enterprise,Platform API,4871,Won
2025-04-25,CB-1006659,129.70,Consumer,Mobile Plans,4871,Won
2025-04-25,CB-1006678,147.58,Consumer,Mobile Plans,4855,Won
2025-04-25,CB-1006734,646.90,Wholesale,Bulk Voice,7030,Won
2025-04-25,CB-1006739,521.91,Wholesale,Partner Resale,4837,Won
2025-04-25,CB-1006743,289.05,Wholesale,Partner Resale,4871,Open
2025-04-26,CB-1006635,296.86,Enterprise,Managed Support,4863,Pending
2025-04-26,CB-1006643,327.15,Enterprise,Platform API,4863,Lost
2025-04-26,CB-1006732,528.39,Wholesale,Bulk Voice,4870,Won
2025-04-26,CB-1006741,397.89,Wholesale,Partner Resale,4870,Lost
2025-04-27,CB-1006602,586.84,Enterprise,Cloud Services,4837,Pending
2025-04-27,CB-1006632,486.83,Enterprise,Managed Support,4863,Lost
2025-04-27,CB-1006653,762.47,Enterprise,Platform API,4837,Lost
2025-04-27,CB-1006656,493.08,Enterprise,Platform API,4837,Pending
2025-04-27,CB-1006665,229.70,Consumer,Mobile Plans,7030,Lost
2025-04-27,CB-1006669,293.07,Consumer,Mobile Plans,4870,Won
2025-04-27,CB-1006671,217.01,Consumer,Mobile Plans,4855,Lost
2025-04-27,CB-1006684,308.46,Consumer,Mobile Plans,7030,Pending
2025-04-27,CB-1006694,288.28,Consumer,Streaming Add-on,4837,Lost
2025-04-27,CB-1006705,329.23,Consumer,Device Protection,7030,Lost
2025-04-28,CB-1006600,484.55,Enterprise,Cloud Services,4855,Lost
2025-04-28,CB-1006687,204.97,Consumer,Streaming Add-on,4870,Lost
2025-04-28,CB-1006723,291.98,Wholesale,Bulk Voice,4863,Lost
2025-04-28,CB-1006725,271.33,Wholesale,Bulk Voice,4870,Pending
2025-04-28,CB-1006753,244.58,Wholesale,IoT SIM,4870,Won
2025-04-29,CB-1006640,534.69,Enterprise,Managed Support,4863,Won
2025-04-29,CB-1006648,657.83,Enterprise,Platform API,7030,Lost
2025-04-29,CB-1006698,229.14,Consumer,Streaming Add-on,4870,Open
2025-04-29,CB-1006704,239.05,Consumer,Device Protection,4870,Pending
2025-04-29,CB-1006717,124.39,Consumer,Device Protection,4871,Won
2025-04-30,CB-1006596,697.72,Enterprise,Cloud Services,4870,Won
2025-04-30,CB-1006627,861.45,Enterprise,Managed Support,7030,Won
2025-04-30,CB-1006633,345.65,Enterprise,Managed Support,4863,Open
2025-04-30,CB-1006649,243.96,Enterprise,Platform API,4871,Won
2025-04-30,CB-1006679,411.21,Consumer,Mobile Plans,7030,Lost
2025-04-30,CB-1006709,169.88,Consumer,Device Protection,4863,Won
2025-04-30,CB-1006720,682.20,Wholesale,Bulk Voice,7030,Lost
2025-04-30,CB-1006756,345.78,Wholesale,IoT SIM,4855,Pending
2025-05-01,CB-1006824,351.94,Enterprise,Platform API,4863,Pending
2025-05-01,CB-1006846,279.16,Consumer,Mobile Plans,4863,Lost
2025-05-01,CB-1006847,231.88,Consumer,Mobile Plans,4871,Won
2025-05-01,CB-1006875,219.75,Consumer,Device Protection,4871,Lost
2025-05-01,CB-1006899,309.37,Wholesale,Bulk Voice,4863,Won
2025-05-01,CB-1006926,657.34,Wholesale,IoT SIM,7030,Open
2025-05-02,CB-1006850,276.90,Consumer,Mobile Plans,7030,Won
2025-05-02,CB-1006864,425.35,Consumer,Streaming Add-on,7030,Lost
2025-05-03,CB-1006815,305.18,Enterprise,Platform API,4870,Open
2025-05-03,CB-1006819,514.81,Enterprise,Platform API,4870,Won
2025-05-03,CB-1006845,168.11,Consumer,Mobile Plans,4870,Lost
2025-05-03,CB-1006895,484.71,Wholesale,Bulk Voice,4855,Won
2025-05-03,CB-1006919,442.75,Wholesale,Partner Resale,4837,Lost
2025-05-04,CB-1006768,593.15,Enterprise,Cloud Services,4871,Won
2025-05-04,CB-1006808,808.43,Enterprise,Managed Support,4870,Won
2025-05-04,CB-1006872,210.31,Consumer,Device Protection,4837,Pending
2025-05-04,CB-1006879,337.44,Consumer,Device Protection,4870,Lost
2025-05-05,CB-1006770,669.96,Enterprise,Cloud Services,4837,Lost
2025-05-05,CB-1006787,645.11,Enterprise,Cloud Services,4863,Pending
2025-05-05,CB-1006793,572.72,Enterprise,Managed Support,7030,Won
2025-05-05,CB-1006807,536.05,Enterprise,Managed Support,4863,Lost
2025-05-05,CB-1006813,306.63,Enterprise,Platform API,4837,Won
2025-05-05,CB-1006818,444.61,Enterprise,Platform API,4863,Won
2025-05-05,CB-1006877,257.14,Consumer,Device Protection,4855,Won
2025-05-05,CB-1006897,355.08,Wholesale,Bulk Voice,4837,Open
2025-05-05,CB-1006907,202.66,Wholesale,Partner Resale,4837,Lost
2025-05-06,CB-1006778,250.73,Enterprise,Cloud Services,4871,Won
2025-05-06,CB-1006796,750.99,Enterprise,Managed Support,4837,Won
2025-05-06,CB-1006829,125.43,Consumer,Mobile Plans,4871,Lost
2025-05-06,CB-1006833,281.18,Consumer,Mobile Plans,4870,Lost
2025-05-06,CB-1006840,158.76,Consumer,Mobile Plans,4870,Won
2025-05-06,CB-1006844,126.63,Consumer,Mobile Plans,4863,Won
2025-05-06,CB-1006863,291.53,Consumer,Streaming Add-on,4870,Won
2025-05-06,CB-1006881,161.76,Consumer,Device Protection,4870,Lost
2025-05-06,CB-1006884,222.35,Consumer,Device Protection,4871,Won
2025-05-06,CB-1006901,201.99,Wholesale,Bulk Voice,4837,Lost
2025-05-06,CB-1006912,269.61,Wholesale,Partner Resale,4871,Won
2025-05-07,CB-1006811,663.17,Enterprise,Platform API,4863,Lost
2025-05-07,CB-1006823,842.53,Enterprise,Platform API,7030,Pending
2025-05-07,CB-1006889,407.90,Wholesale,Bulk Voice,7030,Won
2025-05-07,CB-1006908,270.33,Wholesale,Partner Resale,4870,Open
2025-05-07,CB-1006920,288.09,Wholesale,Partner Resale,4837,Won
2025-05-07,CB-1006922,585.59,Wholesale,IoT SIM,7030,Lost
2025-05-07,CB-1006928,535.53,Wholesale,IoT SIM,4863,Won
2025-05-07,CB-1006930,256.17,Wholesale,IoT SIM,4870,Won
2025-05-08,CB-1006809,519.98,Enterprise,Managed Support,7030,Pending
2025-05-08,CB-1006816,543.86,Enterprise,Platform API,4863,Lost
2025-05-08,CB-1006830,287.24,Consumer,Mobile Plans,4855,Won
2025-05-08,CB-1006851,209.09,Consumer,Streaming Add-on,4855,Won
2025-05-08,CB-1006854,280.76,Consumer,Streaming Add-on,4837,Lost
2025-05-09,CB-1006775,600.40,Enterprise,Cloud Services,4871,Open
2025-05-09,CB-1006834,95.32,Consumer,Mobile Plans,4871,Pending
2025-05-09,CB-1006838,191.85,Consumer,Mobile Plans,4870,Lost
2025-05-09,CB-1006867,169.57,Consumer,Device Protection,4863,Lost
2025-05-09,CB-1006918,202.99,Wholesale,Partner Resale,4871,Lost
2025-05-10,CB-1006779,311.36,Enterprise,Cloud Services,4871,Won
2025-05-10,CB-1006791,731.64,Enterprise,Managed Support,7030,Won
2025-05-10,CB-1006800,417.87,Enterprise,Managed Support,4871,Won
2025-05-10,CB-1006925,428.36,Wholesale,IoT SIM,4871,Lost
2025-05-11,CB-1006766,691.18,Enterprise,Cloud Services,7030,Lost
2025-05-11,CB-1006773,700.05,Enterprise,Cloud Services,4837,Pending
2025-05-11,CB-1006798,826.55,Enterprise,Managed Support,4870,Won
2025-05-11,CB-1006853,192.69,Consumer,Streaming Add-on,4837,Open
2025-05-11,CB-1006916,349.43,Wholesale,Partner Resale,4870,Won
2025-05-12,CB-1006794,444.34,Enterprise,Managed Support,4863,Pending
2025-05-12,CB-1006805,415.02,Enterprise,Managed Support,4863,Lost
2025-05-12,CB-1006822,339.09,Enterprise,Platform API,4870,Lost
2025-05-12,CB-1006826,213.54,Enterprise,Platform API,4871,Won
2025-05-12,CB-1006856,261.08,Consumer,Streaming Add-on,4863,Pending
2025-05-12,CB-1006917,682.41,Wholesale,Partner Resale,7030,Open
2025-05-13,CB-1006797,272.80,Enterprise,Managed Support,4837,Won
2025-05-13,CB-1006835,145.90,Consumer,Mobile Plans,4855,Lost
2025-05-13,CB-1006842,115.91,Consumer,Mobile Plans,4863,Pending
2025-05-13,CB-1006869,260.62,Consumer,Device Protection,4863,Lost
2025-05-13,CB-1006890,241.36,Wholesale,Bulk Voice,4871,Won
2025-05-14,CB-1006788,573.71,Enterprise,Cloud Services,4870,Open
2025-05-14,CB-1006832,414.57,Consumer,Mobile Plans,7030,Lost
2025-05-14,CB-1006841,91.16,Consumer,Mobile Plans,4871,Won
2025-05-14,CB-1006871,280.74,Consumer,Device Protection,4837,Pending
2025-05-14,CB-1006885,215.96,Consumer,Device Protection,4871,Won
2025-05-14,CB-1006894,298.84,Wholesale,Bulk Voice,4870,Lost
2025-05-14,CB-1006913,294.01,Wholesale,Partner Resale,4870,Lost
2025-05-14,CB-1006924,428.22,Wholesale,IoT SIM,4871,Open
2025-05-15,CB-1006763,605.33,Enterprise,Cloud Services,7030,Open
2025-05-15,CB-1006771,707.12,Enterprise,Cloud Services,4870,Lost
2025-05-15,CB-1006799,836.03,Enterprise,Managed Support,4870,Lost
2025-05-15,CB-1006810,354.84,Enterprise,Platform API,4871,Pending
2025-05-15,CB-1006852,129.69,Consumer,Streaming Add-on,4863,Won
2025-05-15,CB-1006882,198.37,Consumer,Device Protection,4855,Lost
2025-05-15,CB-1006915,425.62,Wholesale,Partner Resale,4863,Won
2025-05-15,CB-1006923,240.75,Wholesale,IoT SIM,4855,Lost
2025-05-16,CB-1006765,412.81,Enterprise,Cloud Services,4871,Pending
2025-05-16,CB-1006831,97.17,Consumer,Mobile Plans,4855,Pending
2025-05-16,CB-1006858,177.68,Consumer,Streaming Add-on,4863,Won
2025-05-16,CB-1006859,127.99,Consumer,Streaming Add-on,4837,Won
2025-05-16,CB-1006860,308.90,Consumer,Streaming Add-on,4863,Lost
2025-05-16,CB-1006902,410.53,Wholesale,Bulk Voice,4863,Won
2025-05-16,CB-1006904,206.18,Wholesale,Bulk Voice,4863,Lost
2025-05-16,CB-1006932,395.06,Wholesale,IoT SIM,7030,Won
2025-05-17,CB-1006762,422.47,Enterprise,Cloud Services,4870,Pending
2025-05-17,CB-1006789,707.75,Enterprise,Cloud Services,4837,Won
2025-05-17,CB-1006804,287.04,Enterprise,Managed Support,4855,Open
2025-05-17,CB-1006814,584.68,Enterprise,Platform API,7030,Lost
2025-05-17,CB-1006827,290.14,Enterprise,Platform API,4837,Pending
2025-05-17,CB-1006873,196.63,Consumer,Device Protection,4837,Lost
2025-05-17,CB-1006878,226.82,Consumer,Device Protection,4855,Pending
2025-05-17,CB-1006914,602.01,Wholesale,Partner Resale,7030,Won
2025-05-18,CB-1006783,648.31,Enterprise,Cloud Services,4855,Pending
2025-05-18,CB-1006843,219.02,Consumer,Mobile Plans,4870,Lost
2025-05-18,CB-1006861,367.32,Consumer,Streaming Add-on,4870,Lost
2025-05-18,CB-1006870,119.62,Consumer,Device Protection,4871,Lost
2025-05-18,CB-1006886,114.43,Consumer,Device Protection,4871,Won
2025-05-18,CB-1006887,252.08,Consumer,Device Protection,4870,Pending
2025-05-19,CB-1006769,626.03,Enterprise,Cloud Services,4863,Won
2025-05-19,CB-1006898,409.42,Wholesale,Bulk Voice,4837,Open
2025-05-20,CB-1006772,774.34,Enterprise,Cloud Services,4870,Pending
2025-05-20,CB-1006806,594.98,Enterprise,Managed Support,4837,Won
2025-05-20,CB-1006820,288.29,Enterprise,Platform API,4871,Pending
2025-05-20,CB-1006836,197.79,Consumer,Mobile Plans,4870,Open
2025-05-20,CB-1006862,121.46,Consumer,Streaming Add-on,4855,Won
2025-05-20,CB-1006896,535.15,Wholesale,Bulk Voice,4863,Won
2025-05-20,CB-1006903,527.55,Wholesale,Bulk Voice,4863,Won
2025-05-20,CB-1006927,511.71,Wholesale,IoT SIM,4863,Lost
2025-05-21,CB-1006803,597.01,Enterprise,Managed Support,4855,Pending
2025-05-21,CB-1006828,175.98,Consumer,Mobile Plans,7030,Won
2025-05-21,CB-1006837,139.86,Consumer,Mobile Plans,4863,Won
2025-05-21,CB-1006849,352.24,Consumer,Mobile Plans,4870,Pending
2025-05-21,CB-1006893,220.52,Wholesale,Bulk Voice,4855,Won
2025-05-22,CB-1006776,555.26,Enterprise,Cloud Services,4837,Pending
2025-05-22,CB-1006802,688.94,Enterprise,Managed Support,4863,Lost
2025-05-22,CB-1006906,295.50,Wholesale,Partner Resale,7030,Won
2025-05-23,CB-1006777,357.42,Enterprise,Cloud Services,4870,Won
2025-05-23,CB-1006782,364.72,Enterprise,Cloud Services,4871,Lost
2025-05-23,CB-1006848,251.26,Consumer,Mobile Plans,7030,Won
2025-05-23,CB-1006857,211.43,Consumer,Streaming Add-on,4871,Won
2025-05-23,CB-1006876,280.69,Consumer,Device Protection,4855,Won
2025-05-23,CB-1006933,398.32,Wholesale,IoT SIM,4871,Lost
2025-05-24,CB-1006761,279.56,Enterprise,Cloud Services,4863,Won
2025-05-24,CB-1006780,315.20,Enterprise,Cloud Services,4871,Lost
2025-05-24,CB-1006784,265.21,Enterprise,Cloud Services,4863,Lost
2025-05-24,CB-1006821,523.81,Enterprise,Platform API,4871,Lost
2025-05-24,CB-1006839,114.73,Consumer,Mobile Plans,4855,Won
2025-05-24,CB-1006866,184.65,Consumer,Streaming Add-on,4870,Lost
2025-05-24,CB-1006868,280.42,Consumer,Device Protection,4837,Won
2025-05-24,CB-1006888,349.92,Consumer,Device Protection,7030,Won
2025-05-24,CB-1006891,172.75,Wholesale,Bulk Voice,4855,Won
2025-05-24,CB-1006929,397.27,Wholesale,IoT SIM,4837,Won
2025-05-25,CB-1006795,415.63,Enterprise,Managed Support,4855,Lost
2025-05-25,CB-1006812,813.89,Enterprise,Platform API,7030,Won
2025-05-25,CB-1006905,282.48,Wholesale,Partner Resale,7030,Pending
2025-05-25,CB-1006921,405.42,Wholesale,Partner Resale,4870,Pending
2025-05-25,CB-1006931,384.31,Wholesale,IoT SIM,7030,Lost
2025-05-26,CB-1006781,406.94,Enterprise,Cloud Services,4871,Pending
2025-05-26,CB-1006786,396.18,Enterprise,Cloud Services,7030,Lost
2025-05-26,CB-1006817,432.65,Enterprise,Platform API,4871,Pending
2025-05-26,CB-1006911,243.83,Wholesale,Partner Resale,7030,Lost
2025-05-27,CB-1006774,969.28,Enterprise,Cloud Services,7030,Pending
2025-05-28,CB-1006764,877.03,Enterprise,Cloud Services,7030,Pending
2025-05-28,CB-1006801,370.60,Enterprise,Managed Support,4870,Won
2025-05-28,CB-1006825,486.55,Enterprise,Platform API,7030,Open
2025-05-28,CB-1006910,476.97,Wholesale,Partner Resale,4837,Won
2025-05-29,CB-1006767,300.10,Enterprise,Cloud Services,4837,Won
2025-05-29,CB-1006880,259.01,Consumer,Device Protection,4871,Lost
2025-05-29,CB-1006909,560.87,Wholesale,Partner Resale,4837,Lost
2025-05-30,CB-1006785,539.16,Enterprise,Cloud Services,4837,Lost
2025-05-30,CB-1006855,177.90,Consumer,Streaming Add-on,4863,Lost
2025-05-30,CB-1006865,114.33,Consumer,Streaming Add-on,4871,Lost
2025-05-31,CB-1006790,243.45,Enterprise,Cloud Services,4855,Lost
2025-05-31,CB-1006792,467.69,Enterprise,Managed Support,4855,Open
2025-05-31,CB-1006874,400.69,Consumer,Device Protection,7030,Won
2025-05-31,CB-1006883,241.07,Consumer,Device Protection,4870,Won
2025-05-31,CB-1006892,250.70,Wholesale,Bulk Voice,4871,Pending
2025-05-31,CB-1006900,205.76,Wholesale,Bulk Voice,4855,Lost
2025-06-01,CB-1007004,137.47,Consumer,Mobile Plans,4863,Lost
2025-06-01,CB-1007012,131.08,Consumer,Mobile Plans,4837,Pending
2025-06-01,CB-1007020,155.22,Consumer,Streaming Add-on,4837,Lost
2025-06-01,CB-1007055,571.16,Wholesale,Bulk Voice,4837,Lost
2025-06-01,CB-1007058,265.08,Wholesale,Bulk Voice,4870,Lost
2025-06-01,CB-1007067,445.06,Wholesale,Partner Resale,4855,Won
2025-06-02,CB-1006936,691.07,Enterprise,Cloud Services,4870,Pending
2025-06-02,CB-1006957,640.55,Enterprise,Cloud Services,4870,Pending
2025-06-02,CB-1006995,167.06,Consumer,Mobile Plans,7030,Won
2025-06-02,CB-1007003,250.45,Consumer,Mobile Plans,4871,Lost
2025-06-02,CB-1007006,312.48,Consumer,Mobile Plans,4837,Won
2025-06-02,CB-1007025,424.14,Consumer,Streaming Add-on,7030,Won
2025-06-02,CB-1007054,335.54,Wholesale,Bulk Voice,4863,Open
2025-06-02,CB-1007064,459.16,Wholesale,Bulk Voice,4855,Won
2025-06-02,CB-1007066,324.62,Wholesale,Partner Resale,4871,Lost
2025-06-03,CB-1006975,605.85,Enterprise,Managed Support,4855,Won
2025-06-03,CB-1006987,578.81,Enterprise,Platform API,4855,Lost
2025-06-03,CB-1006991,410.82,Enterprise,Platform API,4837,Open
2025-06-03,CB-1007029,246.76,Consumer,Streaming Add-on,7030,Lost
2025-06-03,CB-1007053,257.29,Wholesale,Bulk Voice,4871,Won
2025-06-04,CB-1006941,475.30,Enterprise,Cloud Services,4855,Pending
2025-06-04,CB-1006944,461.24,Enterprise,Cloud Services,4871,Lost
2025-06-04,CB-1006994,342.92,Consumer,Mobile Plans,4870,Lost
2025-06-04,CB-1006998,101.91,Consumer,Mobile Plans,4855,Lost
2025-06-04,CB-1007021,361.45,Consumer,Streaming Add-on,7030,Open
2025-06-04,CB-1007061,252.13,Wholesale,Bulk Voice,4870,Won
2025-06-04,CB-1007078,398.28,Wholesale,Partner Resale,4863,Won
2025-06-05,CB-1006947,579.74,Enterprise,Cloud Services,4870,Pending
2025-06-05,CB-1006956,331.39,Enterprise,Cloud Services,4871,Lost
2025-06-05,CB-1006960,422.15,Enterprise,Managed Support,4855,Open
2025-06-05,CB-1006962,313.99,Enterprise,Managed Support,4863,Won
2025-06-05,CB-1006972,369.61,Enterprise,Managed Support,4855,Lost
2025-06-05,CB-1006997,109.59,Consumer,Mobile Plans,4871,Pending
2025-06-05,CB-1007007,169.02,Consumer,Mobile Plans,4870,Lost
2025-06-05,CB-1007009,224.67,Consumer,Mobile Plans,7030,Won
2025-06-05,CB-1007013,122.13,Consumer,Mobile Plans,4871,Won
2025-06-05,CB-1007031,168.35,Consumer,Streaming Add-on,4870,Open
2025-06-05,CB-1007037,292.27,Consumer,Device Protection,4870,Pending
2025-06-05,CB-1007047,118.35,Consumer,Device Protection,4863,Won
2025-06-05,CB-1007077,390.65,Wholesale,Partner Resale,4871,Open
2025-06-05,CB-1007083,491.42,Wholesale,IoT SIM,7030,Lost
2025-06-05,CB-1007089,533.38,Wholesale,IoT SIM,7030,Lost
2025-06-06,CB-1006971,683.47,Enterprise,Managed Support,4870,Pending
2025-06-06,CB-1007081,372.48,Wholesale,Partner Resale,4855,Won
2025-06-06,CB-1007088,392.40,Wholesale,IoT SIM,4871,Pending
2025-06-07,CB-1007024,129.69,Consumer,Streaming Add-on,4863,Won
2025-06-08,CB-1006958,654.53,Enterprise,Cloud Services,4863,Lost
2025-06-08,CB-1007034,160.30,Consumer,Device Protection,4837,Lost
2025-06-09,CB-1006973,388.61,Enterprise,Managed Support,4855,Won
2025-06-09,CB-1006977,456.38,Enterprise,Managed Support,4863,Won
2025-06-09,CB-1006986,716.76,Enterprise,Platform API,4863,Lost
2025-06-09,CB-1007042,192.84,Consumer,Device Protection,7030,Lost
2025-06-09,CB-1007057,335.41,Wholesale,Bulk Voice,4871,Won
2025-06-09,CB-1007068,210.06,Wholesale,Partner Resale,4855,Lost
2025-06-10,CB-1006981,504.23,Enterprise,Platform API,7030,Won
2025-06-10,CB-1007001,296.59,Consumer,Mobile Plans,4837,Won
2025-06-10,CB-1007032,212.81,Consumer,Device Protection,7030,Lost
2025-06-10,CB-1007033,239.11,Consumer,Device Protection,4837,Won
2025-06-10,CB-1007039,209.88,Consumer,Device Protection,7030,Lost
2025-06-10,CB-1007044,269.84,Consumer,Device Protection,4870,Lost
2025-06-10,CB-1007052,530.22,Wholesale,Bulk Voice,7030,Won
2025-06-11,CB-1006961,685.53,Enterprise,Managed Support,4870,Won
2025-06-11,CB-1006968,801.84,Enterprise,Managed Support,4870,Lost
2025-06-11,CB-1006978,527.64,Enterprise,Platform API,4871,Pending
2025-06-11,CB-1006996,163.88,Consumer,Mobile Plans,4837,Pending
2025-06-11,CB-1007026,357.25,Consumer,Streaming Add-on,7030,Lost
2025-06-11,CB-1007027,387.48,Consumer,Streaming Add-on,7030,Pending
2025-06-11,CB-1007075,211.92,Wholesale,Partner Resale,4855,Lost
2025-06-11,CB-1007079,530.79,Wholesale,Partner Resale,4863,Open
2025-06-11,CB-1007085,238.38,Wholesale,IoT SIM,4837,Lost
2025-06-12,CB-1007002,262.97,Consumer,Mobile Plans,4837,Lost
2025-06-12,CB-1007016,254.74,Consumer,Mobile Plans,4871,Won
2025-06-12,CB-1007041,92.21,Consumer,Device Protection,4871,Won
2025-06-12,CB-1007046,155.82,Consumer,Device Protection,4870,Open
2025-06-12,CB-1007072,227.99,Wholesale,Partner Resale,4871,Lost
2025-06-13,CB-1006940,955.01,Enterprise,Cloud Services,7030,Lost
2025-06-13,CB-1007023,186.28,Consumer,Streaming Add-on,4871,Lost
2025-06-13,CB-1007062,457.65,Wholesale,Bulk Voice,4863,Won
2025-06-14,CB-1006963,511.34,Enterprise,Managed Support,7030,Lost
2025-06-14,CB-1006990,692.95,Enterprise,Platform API,4870,Won
2025-06-14,CB-1007063,350.03,Wholesale,Bulk Voice,4837,Pending
2025-06-14,CB-1007087,373.10,Wholesale,IoT SIM,7030,Won
2025-06-15,CB-1006967,784.52,Enterprise,Managed Support,7030,Open
2025-06-15,CB-1006993,287.63,Consumer,Mobile Plans,4837,Open
2025-06-15,CB-1007014,303.69,Consumer,Mobile Plans,4863,Lost
2025-06-15,CB-1007015,231.98,Consumer,Mobile Plans,4855,Pending
2025-06-15,CB-1007017,340.13,Consumer,Mobile Plans,4870,Won
2025-06-15,CB-1007040,174.99,Consumer,Device Protection,4837,Pending
2025-06-15,CB-1007049,408.60,Wholesale,Bulk Voice,4871,Won
2025-06-15,CB-1007051,195.71,Wholesale,Bulk Voice,4863,Pending
2025-06-15,CB-1007076,337.34,Wholesale,Partner Resale,4837,Won
2025-06-15,CB-1007086,577.31,Wholesale,IoT SIM,4837,Won
2025-06-16,CB-1006939,252.34,Enterprise,Cloud Services,4871,Lost
2025-06-16,CB-1006942,655.31,Enterprise,Cloud Services,4855,Open
2025-06-16,CB-1006943,428.38,Enterprise,Cloud Services,4855,Pending
2025-06-16,CB-1006949,476.94,Enterprise,Cloud Services,4871,Open
2025-06-16,CB-1006970,754.24,Enterprise,Managed Support,4870,Pending
2025-06-16,CB-1007059,496.06,Wholesale,Bulk Voice,7030,Lost
2025-06-17,CB-1006988,689.88,Enterprise,Platform API,4863,Lost
2025-06-17,CB-1006992,449.77,Enterprise,Platform API,4837,Won
2025-06-18,CB-1006948,902.97,Enterprise,Cloud Services,7030,Won
2025-06-18,CB-1006964,599.53,Enterprise,Managed Support,4855,Won
2025-06-18,CB-1007000,140.33,Consumer,Mobile Plans,4871,Lost
2025-06-18,CB-1007036,150.03,Consumer,Device Protection,4870,Lost
2025-06-19,CB-1006935,752.97,Enterprise,Cloud Services,4870,Lost
2025-06-19,CB-1006938,900.74,Enterprise,Cloud Services,7030,Lost
2025-06-19,CB-1006945,530.21,Enterprise,Cloud Services,4855,Lost
2025-06-19,CB-1006951,689.77,Enterprise,Cloud Services,4863,Open
2025-06-19,CB-1006982,594.41,Enterprise,Platform API,4871,Won
2025-06-19,CB-1007018,246.66,Consumer,Streaming Add-on,4871,Lost
2025-06-19,CB-1007069,318.40,Wholesale,Partner Resale,4863,Lost
2025-06-19,CB-1007084,198.29,Wholesale,IoT SIM,4855,Lost
2025-06-20,CB-1006955,658.32,Enterprise,Cloud Services,4863,Lost
2025-06-20,CB-1007005,274.55,Consumer,Mobile Plans,4870,Open
2025-06-20,CB-1007073,365.09,Wholesale,Partner Resale,4855,Won
2025-06-21,CB-1006954,516.77,Enterprise,Cloud Services,4855,Lost
2025-06-21,CB-1006969,796.12,Enterprise,Managed Support,4837,Pending
2025-06-21,CB-1006985,474.46,Enterprise,Platform API,4871,Won
2025-06-21,CB-1007008,278.44,Consumer,Mobile Plans,4863,Won
2025-06-21,CB-1007011,216.03,Consumer,Mobile Plans,4855,Lost
2025-06-21,CB-1007045,121.82,Consumer,Device Protection,4871,Won
2025-06-21,CB-1007070,353.45,Wholesale,Partner Resale,4870,Won
2025-06-21,CB-1007092,505.59,Wholesale,IoT SIM,4863,Lost
2025-06-22,CB-1006976,266.11,Enterprise,Managed Support,4863,Lost
2025-06-22,CB-1006980,779.09,Enterprise,Platform API,4837,Lost
2025-06-22,CB-1006984,700.59,Enterprise,Platform API,7030,Pending
2025-06-22,CB-1007022,134.60,Consumer,Streaming Add-on,4871,Won
2025-06-22,CB-1007065,459.93,Wholesale,Bulk Voice,4855,Won
2025-06-22,CB-1007090,248.41,Wholesale,IoT SIM,4870,Won
2025-06-23,CB-1007010,256.27,Consumer,Mobile Plans,4855,Lost
2025-06-23,CB-1007060,420.89,Wholesale,Bulk Voice,4870,Lost
2025-06-24,CB-1006979,533.26,Enterprise,Platform API,4871,Lost
2025-06-24,CB-1007019,386.82,Consumer,Streaming Add-on,7030,Pending
2025-06-24,CB-1007038,376.96,Consumer,Device Protection,7030,Open
2025-06-24,CB-1007071,378.57,Wholesale,Partner Resale,4855,Lost
2025-06-24,CB-1007074,420.49,Wholesale,Partner Resale,4855,Lost
2025-06-25,CB-1007030,147.24,Consumer,Streaming Add-on,4837,Lost
2025-06-25,CB-1007043,320.45,Consumer,Device Protection,4837,Won
2025-06-26,CB-1006934,543.27,Enterprise,Cloud Services,4863,Pending
2025-06-26,CB-1006952,835.67,Enterprise,Cloud Services,7030,Lost
2025-06-26,CB-1006966,538.12,Enterprise,Managed Support,4863,Won
2025-06-26,CB-1006974,438.67,Enterprise,Managed Support,4870,Won
2025-06-26,CB-1007056,315.08,Wholesale,Bulk Voice,4871,Lost
2025-06-27,CB-1007028,218.79,Consumer,Streaming Add-on,4863,Won
2025-06-27,CB-1007048,581.78,Wholesale,Bulk Voice,4837,Won
2025-06-27,CB-1007080,319.45,Wholesale,Partner Resale,4855,Won
2025-06-27,CB-1007082,348.74,Wholesale,Partner Resale,4863,Won
2025-06-28,CB-1006953,456.17,Enterprise,Cloud Services,4837,Won
2025-06-28,CB-1006965,528.02,Enterprise,Managed Support,4871,Pending
2025-06-28,CB-1006983,764.57,Enterprise,Platform API,4837,Lost
2025-06-28,CB-1006989,307.34,Enterprise,Platform API,4837,Lost
2025-06-28,CB-1007035,243.39,Consumer,Device Protection,4837,Open
2025-06-28,CB-1007050,402.42,Wholesale,Bulk Voice,4871,Won
2025-06-29,CB-1006946,625.83,Enterprise,Cloud Services,4870,Won
2025-06-29,CB-1006950,521.48,Enterprise,Cloud Services,4871,Lost
2025-06-29,CB-1006959,419.99,Enterprise,Managed Support,4871,Won
2025-06-29,CB-1007091,165.82,Wholesale,IoT SIM,4855,Lost
2025-06-30,CB-1006937,544.28,Enterprise,Cloud Services,7030,Lost
2025-06-30,CB-1006999,124.09,Consumer,Mobile Plans,4837,Lost
2025-06-30,CB-1007093,205.96,Wholesale,IoT SIM,4855,Lost
2025-07-01,CB-1007148,555.59,Enterprise,Managed Support,7030,Won
2025-07-01,CB-1007197,195.76,Consumer,Streaming Add-on,4837,Lost
2025-07-01,CB-1007204,285.47,Consumer,Device Protection,4837,Won
2025-07-02,CB-1007115,500.05,Enterprise,Cloud Services,4863,Won
2025-07-02,CB-1007137,491.37,Enterprise,Managed Support,4863,Open
2025-07-02,CB-1007201,176.83,Consumer,Streaming Add-on,4871,Won
2025-07-02,CB-1007223,539.59,Wholesale,Bulk Voice,7030,Lost
2025-07-03,CB-1007133,283.06,Enterprise,Managed Support,4855,Pending
2025-07-03,CB-1007140,261.89,Enterprise,Managed Support,4863,Won
2025-07-04,CB-1007171,216.86,Consumer,Mobile Plans,4855,Lost
2025-07-04,CB-1007214,130.69,Consumer,Device Protection,4863,Won
2025-07-04,CB-1007240,448.01,Wholesale,Bulk Voice,4871,Lost
2025-07-04,CB-1007241,252.33,Wholesale,Bulk Voice,4870,Lost
2025-07-05,CB-1007172,179.06,Consumer,Mobile Plans,4863,Lost
2025-07-05,CB-1007208,209.58,Consumer,Device Protection,4837,Won
2025-07-05,CB-1007255,469.47,Wholesale,Partner Resale,4863,Pending
2025-07-05,CB-1007268,342.94,Wholesale,IoT SIM,4863,Won
2025-07-06,CB-1007122,333.32,Enterprise,Managed Support,4855,Lost
2025-07-06,CB-1007127,684.55,Enterprise,Managed Support,4837,Open
2025-07-06,CB-1007134,472.13,Enterprise,Managed Support,4863,Won
2025-07-06,CB-1007138,602.59,Enterprise,Managed Support,4863,Lost
2025-07-06,CB-1007222,239.90,Wholesale,Bulk Voice,4855,Pending
2025-07-07,CB-1007108,560.84,Enterprise,Cloud Services,4855,Open
2025-07-07,CB-1007250,286.04,Wholesale,Partner Resale,4870,Lost
2025-07-07,CB-1007263,304.95,Wholesale,IoT SIM,7030,Pending
2025-07-08,CB-1007152,331.29,Enterprise,Platform API,4870,Won
2025-07-08,CB-1007153,394.67,Enterprise,Platform API,4855,Won
2025-07-08,CB-1007176,283.84,Consumer,Mobile Plans,4863,Lost
2025-07-08,CB-1007193,404.42,Consumer,Streaming Add-on,7030,Lost
2025-07-08,CB-1007269,337.95,Wholesale,IoT SIM,4871,Won
2025-07-09,CB-1007096,770.33,Enterprise,Cloud Services,4870,Open
2025-07-09,CB-1007178,323.83,Consumer,Mobile Plans,7030,Lost
2025-07-09,CB-1007191,235.26,Consumer,Streaming Add-on,4871,Lost
2025-07-09,CB-1007210,209.50,Consumer,Device Protection,4855,Lost
2025-07-10,CB-1007136,551.65,Enterprise,Managed Support,4855,Won
2025-07-10,CB-1007142,725.78,Enterprise,Managed Support,4870,Lost
2025-07-10,CB-1007149,311.30,Enterprise,Platform API,4855,Lost
2025-07-10,CB-1007151,306.93,Enterprise,Platform API,4855,Open
2025-07-10,CB-1007164,433.73,Enterprise,Platform API,4870,Won
2025-07-10,CB-1007165,185.67,Consumer,Mobile Plans,7030,Won
2025-07-10,CB-1007166,154.55,Consumer,Mobile Plans,7030,Won
2025-07-10,CB-1007173,210.46,Consumer,Mobile Plans,4855,Won
2025-07-10,CB-1007239,195.14,Wholesale,Bulk Voice,4863,Open
2025-07-10,CB-1007251,506.00,Wholesale,Partner Resale,4870,Won
2025-07-11,CB-1007114,601.44,Enterprise,Cloud Services,4855,Won
2025-07-11,CB-1007129,808.50,Enterprise,Managed Support,7030,Pending
2025-07-11,CB-1007130,350.53,Enterprise,Managed Support,7030,Lost
2025-07-11,CB-1007131,555.13,Enterprise,Managed Support,4837,Lost
2025-07-11,CB-1007169,229.51,Consumer,Mobile Plans,4855,Lost
2025-07-11,CB-1007198,195.99,Consumer,Streaming Add-on,4837,Won
2025-07-11,CB-1007261,294.63,Wholesale,IoT SIM,4870,Won
2025-07-12,CB-1007097,462.00,Enterprise,Cloud Services,4870,Won
2025-07-12,CB-1007116,782.09,Enterprise,Cloud Services,4837,Won
2025-07-12,CB-1007135,427.73,Enterprise,Managed Support,4837,Lost
2025-07-12,CB-1007213,317.79,Consumer,Device Protection,4863,Pending
2025-07-12,CB-1007233,632.16,Wholesale,Bulk Voice,7030,Lost
2025-07-12,CB-1007245,609.28,Wholesale,Partner Resale,7030,Pending
2025-07-12,CB-1007247,345.24,Wholesale,Partner Resale,4863,Lost
2025-07-12,CB-1007265,580.07,Wholesale,IoT SIM,4837,Won
2025-07-13,CB-1007099,626.47,Enterprise,Cloud Services,7030,Won
2025-07-13,CB-1007110,717.49,Enterprise,Cloud Services,4863,Won
2025-07-13,CB-1007119,576.10,Enterprise,Cloud Services,7030,Won
2025-07-13,CB-1007167,286.45,Consumer,Mobile Plans,7030,Lost
2025-07-14,CB-1007117,533.59,Enterprise,Cloud Services,4863,Pending
2025-07-14,CB-1007123,706.41,Enterprise,Managed Support,4863,Won
2025-07-14,CB-1007143,300.27,Enterprise,Managed Support,4870,Lost
2025-07-14,CB-1007146,353.24,Enterprise,Managed Support,7030,Pending
2025-07-14,CB-1007228,278.82,Wholesale,Bulk Voice,4837,Won
2025-07-14,CB-1007230,414.69,Wholesale,Bulk Voice,4837,Won
2025-07-14,CB-1007248,310.42,Wholesale,Partner Resale,4863,Open
2025-07-15,CB-1007192,96.43,Consumer,Streaming Add-on,4871,Won
2025-07-15,CB-1007194,174.25,Consumer,Streaming Add-on,4863,Lost
2025-07-15,CB-1007219,350.63,Consumer,Device Protection,7030,Lost
2025-07-15,CB-1007226,230.62,Wholesale,Bulk Voice,4837,Pending
2025-07-16,CB-1007161,392.80,Enterprise,Platform API,4870,Lost
2025-07-16,CB-1007177,232.43,Consumer,Mobile Plans,4855,Won
2025-07-16,CB-1007218,262.45,Consumer,Device Protection,4863,Lost
2025-07-16,CB-1007225,472.52,Wholesale,Bulk Voice,4855,Won
2025-07-16,CB-1007244,332.75,Wholesale,Partner Resale,4871,Lost
2025-07-16,CB-1007254,413.02,Wholesale,Partner Resale,4855,Open
2025-07-16,CB-1007259,359.51,Wholesale,IoT SIM,4837,Won
2025-07-17,CB-1007147,833.04,Enterprise,Managed Support,4870,Lost
2025-07-17,CB-1007156,943.73,Enterprise,Platform API,7030,Pending
2025-07-17,CB-1007180,145.84,Consumer,Mobile Plans,4837,Lost
2025-07-17,CB-1007183,107.96,Consumer,Mobile Plans,4863,Won
2025-07-17,CB-1007207,92.82,Consumer,Device Protection,4871,Lost
2025-07-17,CB-1007235,360.43,Wholesale,Bulk Voice,4871,Lost
2025-07-17,CB-1007238,524.80,Wholesale,Bulk Voice,7030,Open
2025-07-18,CB-1007112,604.55,Enterprise,Cloud Services,4871,Pending
2025-07-18,CB-1007118,588.88,Enterprise,Cloud Services,4870,Won
2025-07-18,CB-1007159,527.09,Enterprise,Platform API,4863,Lost
2025-07-19,CB-1007121,637.17,Enterprise,Cloud Services,4870,Won
2025-07-19,CB-1007139,665.25,Enterprise,Managed Support,4837,Lost
2025-07-19,CB-1007163,249.81,Enterprise,Platform API,4863,Lost
2025-07-19,CB-1007217,133.58,Consumer,Device Protection,4837,Won
2025-07-19,CB-1007256,212.27,Wholesale,Partner Resale,4855,Won
2025-07-19,CB-1007262,423.44,Wholesale,IoT SIM,4871,Won
2025-07-19,CB-1007266,499.98,Wholesale,IoT SIM,4863,Lost
2025-07-20,CB-1007098,491.39,Enterprise,Cloud Services,4870,Pending
2025-07-20,CB-1007113,854.17,Enterprise,Cloud Services,7030,Pending
2025-07-20,CB-1007124,297.55,Enterprise,Managed Support,4871,Pending
2025-07-20,CB-1007170,387.60,Consumer,Mobile Plans,7030,Open
2025-07-20,CB-1007196,269.94,Consumer,Streaming Add-on,7030,Lost
2025-07-20,CB-1007246,270.28,Wholesale,Partner Resale,4855,Open
2025-07-20,CB-1007264,375.65,Wholesale,IoT SIM,4863,Pending
2025-07-21,CB-1007158,476.52,Enterprise,Platform API,4871,Won
2025-07-21,CB-1007160,404.85,Enterprise,Platform API,4870,Won
2025-07-21,CB-1007179,258.43,Consumer,Mobile Plans,4837,Lost
2025-07-21,CB-1007211,325.16,Consumer,Device Protection,4870,Lost
2025-07-21,CB-1007242,255.12,Wholesale,Bulk Voice,4863,Lost
2025-07-21,CB-1007249,528.31,Wholesale,Partner Resale,4837,Pending
2025-07-22,CB-1007101,518.89,Enterprise,Cloud Services,4871,Lost
2025-07-22,CB-1007128,519.76,Enterprise,Managed Support,4837,Lost
2025-07-22,CB-1007144,508.40,Enterprise,Managed Support,4870,Lost
2025-07-22,CB-1007157,639.80,Enterprise,Platform API,4870,Lost
2025-07-22,CB-1007200,145.48,Consumer,Streaming Add-on,4870,Won
2025-07-22,CB-1007221,180.70,Wholesale,Bulk Voice,4855,Won
2025-07-23,CB-1007094,636.36,Enterprise,Cloud Services,7030,Pending
2025-07-23,CB-1007100,591.24,Enterprise,Cloud Services,4837,Lost
2025-07-23,CB-1007105,545.86,Enterprise,Cloud Services,4855,Open
2025-07-23,CB-1007106,493.31,Enterprise,Cloud Services,4855,Pending
2025-07-23,CB-1007187,308.16,Consumer,Mobile Plans,4863,Open
2025-07-23,CB-1007199,240.22,Consumer,Streaming Add-on,4837,Lost
2025-07-23,CB-1007212,226.65,Consumer,Device Protection,4863,Pending
2025-07-23,CB-1007229,350.55,Wholesale,Bulk Voice,4870,Open
2025-07-23,CB-1007234,380.27,Wholesale,Bulk Voice,4870,Open
2025-07-23,CB-1007243,241.12,Wholesale,Partner Resale,7030,Won
2025-07-24,CB-1007102,389.72,Enterprise,Cloud Services,4871,Won
2025-07-24,CB-1007107,615.41,Enterprise,Cloud Services,7030,Pending
2025-07-24,CB-1007141,494.92,Enterprise,Managed Support,4863,Won
2025-07-25,CB-1007132,457.98,Enterprise,Managed Support,7030,Won
2025-07-25,CB-1007154,500.47,Enterprise,Platform API,4855,Won
2025-07-25,CB-1007202,209.88,Consumer,Streaming Add-on,4863,Open
2025-07-25,CB-1007203,229.93,Consumer,Streaming Add-on,7030,Open
2025-07-25,CB-1007205,206.78,Consumer,Device Protection,7030,Lost
2025-07-25,CB-1007216,304.75,Consumer,Device Protection,4837,Lost
2025-07-26,CB-1007103,419.73,Enterprise,Cloud Services,4855,Won
2025-07-26,CB-1007126,399.29,Enterprise,Managed Support,4870,Lost
2025-07-26,CB-1007182,188.96,Consumer,Mobile Plans,4871,Lost
2025-07-26,CB-1007184,149.61,Consumer,Mobile Plans,4871,Open
2025-07-26,CB-1007227,467.89,Wholesale,Bulk Voice,4870,Lost
2025-07-26,CB-1007231,402.73,Wholesale,Bulk Voice,7030,Open
2025-07-27,CB-1007104,394.72,Enterprise,Cloud Services,4871,Won
2025-07-27,CB-1007111,449.71,Enterprise,Cloud Services,4871,Pending
2025-07-27,CB-1007174,233.04,Consumer,Mobile Plans,7030,Lost
2025-07-27,CB-1007181,192.05,Consumer,Mobile Plans,4855,Pending
2025-07-27,CB-1007185,131.00,Consumer,Mobile Plans,4855,Lost
2025-07-27,CB-1007232,529.98,Wholesale,Bulk Voice,4863,Lost
2025-07-27,CB-1007260,279.84,Wholesale,IoT SIM,4855,Open
2025-07-28,CB-1007095,250.15,Enterprise,Cloud Services,4871,Open
2025-07-28,CB-1007145,859.77,Enterprise,Managed Support,4870,Lost
2025-07-28,CB-1007155,295.63,Enterprise,Platform API,4870,Won
2025-07-28,CB-1007168,308.59,Consumer,Mobile Plans,4863,Won
2025-07-28,CB-1007220,421.14,Wholesale,Bulk Voice,7030,Lost
2025-07-28,CB-1007224,337.33,Wholesale,Bulk Voice,4871,Lost
2025-07-29,CB-1007175,318.02,Consumer,Mobile Plans,4870,Lost
2025-07-29,CB-1007188,141.16,Consumer,Mobile Plans,4871,Pending
2025-07-29,CB-1007206,182.40,Consumer,Device Protection,7030,Won
2025-07-29,CB-1007236,362.08,Wholesale,Bulk Voice,4855,Lost
2025-07-29,CB-1007253,436.42,Wholesale,Partner Resale,4863,Pending
2025-07-30,CB-1007109,440.66,Enterprise,Cloud Services,4870,Won
2025-07-30,CB-1007120,554.52,Enterprise,Cloud Services,4837,Lost
2025-07-30,CB-1007162,410.09,Enterprise,Platform API,4863,Lost
2025-07-30,CB-1007186,173.34,Consumer,Mobile Plans,4855,Lost
2025-07-30,CB-1007195,125.23,Consumer,Streaming Add-on,4863,Lost
2025-07-30,CB-1007209,194.68,Consumer,Device Protection,4863,Lost
2025-07-30,CB-1007215,169.49,Consumer,Device Protection,4837,Pending
2025-07-30,CB-1007237,397.08,Wholesale,Bulk Voice,4855,Won
2025-07-30,CB-1007252,227.35,Wholesale,Partner Resale,4837,Won
2025-07-30,CB-1007257,392.77,Wholesale,IoT SIM,4863,Won
2025-07-30,CB-1007258,255.20,Wholesale,IoT SIM,4855,Won
2025-07-30,CB-1007267,363.30,Wholesale,IoT SIM,7030,Lost
2025-07-31,CB-1007125,324.99,Enterprise,Managed Support,7030,Won
2025-07-31,CB-1007150,420.62,Enterprise,Platform API,4871,Won
2025-07-31,CB-1007189,220.51,Consumer,Streaming Add-on,4863,Lost
2025-07-31,CB-1007190,423.37,Consumer,Streaming Add-on,7030,Won
2025-08-01,CB-1007389,141.77,Consumer,Device Protection,4870,Open
2025-08-01,CB-1007405,586.86,Wholesale,Bulk Voice,4837,Pending
2025-08-01,CB-1007426,419.43,Wholesale,Partner Resale,4855,Won
2025-08-01,CB-1007444,359.90,Wholesale,IoT SIM,4837,Lost
2025-08-02,CB-1007307,319.21,Enterprise,Managed Support,4855,Won
2025-08-02,CB-1007366,404.38,Consumer,Mobile Plans,7030,Lost
2025-08-02,CB-1007370,111.26,Consumer,Mobile Plans,4871,Won
2025-08-02,CB-1007376,161.68,Consumer,Streaming Add-on,7030,Lost
2025-08-02,CB-1007416,526.47,Wholesale,Bulk Voice,4870,Won
2025-08-03,CB-1007299,385.64,Enterprise,Cloud Services,4837,Lost
2025-08-03,CB-1007359,211.24,Consumer,Mobile Plans,4855,Lost
2025-08-03,CB-1007375,253.40,Consumer,Streaming Add-on,4871,Lost
2025-08-04,CB-1007293,586.76,Enterprise,Cloud Services,4870,Won
2025-08-04,CB-1007367,352.97,Consumer,Mobile Plans,4870,Won
2025-08-04,CB-1007368,313.94,Consumer,Mobile Plans,4870,Lost
2025-08-04,CB-1007430,182.34,Wholesale,Partner Resale,4855,Open
2025-08-04,CB-1007432,292.03,Wholesale,IoT SIM,4863,Lost
2025-08-05,CB-1007286,883.29,Enterprise,Cloud Services,7030,Lost
2025-08-05,CB-1007356,137.65,Consumer,Mobile Plans,4855,Lost
2025-08-05,CB-1007408,203.89,Wholesale,Bulk Voice,4871,Lost
2025-08-06,CB-1007340,635.10,Enterprise,Platform API,4855,Lost
2025-08-06,CB-1007355,360.46,Consumer,Mobile Plans,7030,Pending
2025-08-06,CB-1007401,239.93,Wholesale,Bulk Voice,4870,Won
2025-08-06,CB-1007412,295.30,Wholesale,Bulk Voice,4870,Won
2025-08-06,CB-1007421,304.75,Wholesale,Partner Resale,4855,Lost
2025-08-07,CB-1007301,553.05,Enterprise,Cloud Services,4863,Won
2025-08-07,CB-1007310,683.22,Enterprise,Managed Support,4837,Lost
2025-08-07,CB-1007315,289.53,Enterprise,Managed Support,4837,Lost
2025-08-07,CB-1007350,330.91,Consumer,Mobile Plans,7030,Lost
2025-08-07,CB-1007385,205.66,Consumer,Device Protection,4871,Pending
2025-08-07,CB-1007399,235.41,Consumer,Device Protection,4863,Won
2025-08-07,CB-1007407,347.01,Wholesale,Bulk Voice,4870,Won
2025-08-07,CB-1007414,322.93,Wholesale,Bulk Voice,4871,Lost
2025-08-08,CB-1007344,491.10,Enterprise,Platform API,4855,Pending
2025-08-08,CB-1007354,161.98,Consumer,Mobile Plans,4837,Open
2025-08-08,CB-1007429,298.17,Wholesale,Partner Resale,4863,Pending
2025-08-09,CB-1007312,229.17,Enterprise,Managed Support,4871,Won
2025-08-09,CB-1007341,472.30,Enterprise,Platform API,4837,Open
2025-08-09,CB-1007345,464.17,Enterprise,Platform API,4855,Pending
2025-08-09,CB-1007373,250.70,Consumer,Streaming Add-on,7030,Pending
2025-08-09,CB-1007377,124.53,Consumer,Streaming Add-on,4855,Open
2025-08-09,CB-1007409,364.49,Wholesale,Bulk Voice,7030,Lost
2025-08-09,CB-1007419,365.73,Wholesale,Partner Resale,4837,Won
2025-08-09,CB-1007422,308.55,Wholesale,Partner Resale,4871,Won
2025-08-09,CB-1007441,379.58,Wholesale,IoT SIM,4871,Lost
2025-08-10,CB-1007296,592.11,Enterprise,Cloud Services,4837,Won
2025-08-10,CB-1007309,398.22,Enterprise,Managed Support,4863,Won
2025-08-10,CB-1007317,543.46,Enterprise,Managed Support,4871,Lost
2025-08-10,CB-1007321,258.31,Enterprise,Managed Support,4855,Pending
2025-08-10,CB-1007361,312.40,Consumer,Mobile Plans,4870,Won
2025-08-10,CB-1007381,140.27,Consumer,Streaming Add-on,4855,Pending
2025-08-10,CB-1007410,290.09,Wholesale,Bulk Voice,4863,Won
2025-08-10,CB-1007420,391.12,Wholesale,Partner Resale,4855,Lost
2025-08-11,CB-1007322,548.13,Enterprise,Managed Support,4871,Won
2025-08-11,CB-1007326,309.31,Enterprise,Managed Support,4863,Won
2025-08-11,CB-1007333,353.40,Enterprise,Platform API,4837,Lost
2025-08-11,CB-1007347,321.88,Enterprise,Platform API,4871,Pending
2025-08-11,CB-1007353,252.21,Consumer,Mobile Plans,4871,Lost
2025-08-11,CB-1007386,222.51,Consumer,Device Protection,4870,Pending
2025-08-11,CB-1007403,386.44,Wholesale,Bulk Voice,7030,Lost
2025-08-12,CB-1007276,810.24,Enterprise,Cloud Services,4870,Lost
2025-08-12,CB-1007288,471.01,Enterprise,Cloud Services,4871,Won
2025-08-12,CB-1007295,484.44,Enterprise,Cloud Services,7030,Won
2025-08-12,CB-1007363,139.80,Consumer,Mobile Plans,4870,Won
2025-08-12,CB-1007374,261.06,Consumer,Streaming Add-on,4871,Lost
2025-08-12,CB-1007425,589.30,Wholesale,Partner Resale,4870,Won
2025-08-12,CB-1007434,519.90,Wholesale,IoT SIM,4863,Pending
2025-08-13,CB-1007274,412.44,Enterprise,Cloud Services,4871,Won
2025-08-13,CB-1007287,428.42,Enterprise,Cloud Services,4837,Lost
2025-08-13,CB-1007331,774.26,Enterprise,Platform API,4870,Won
2025-08-13,CB-1007357,223.88,Consumer,Mobile Plans,4871,Open
2025-08-13,CB-1007360,125.86,Consumer,Mobile Plans,4863,Pending
2025-08-13,CB-1007364,318.95,Consumer,Mobile Plans,4837,Lost
2025-08-13,CB-1007380,180.33,Consumer,Streaming Add-on,4871,Won
2025-08-13,CB-1007435,362.85,Wholesale,IoT SIM,4855,Pending
2025-08-13,CB-1007436,665.19,Wholesale,IoT SIM,7030,Lost
2025-08-14,CB-1007302,366.30,Enterprise,Cloud Services,4863,Open
2025-08-14,CB-1007358,112.42,Consumer,Mobile Plans,4871,Won
2025-08-14,CB-1007439,322.94,Wholesale,IoT SIM,7030,Won
2025-08-15,CB-1007292,434.47,Enterprise,Cloud Services,4837,Won
2025-08-15,CB-1007297,555.17,Enterprise,Cloud Services,4871,Won
2025-08-15,CB-1007332,426.04,Enterprise,Platform API,4871,Lost
2025-08-15,CB-1007388,275.47,Consumer,Device Protection,4870,Won
2025-08-15,CB-1007406,527.74,Wholesale,Bulk Voice,4863,Won
2025-08-16,CB-1007291,427.07,Enterprise,Cloud Services,4855,Won
2025-08-16,CB-1007387,96.48,Consumer,Device Protection,4871,Lost
2025-08-16,CB-1007400,385.89,Wholesale,Bulk Voice,4871,Pending
2025-08-16,CB-1007415,399.51,Wholesale,Bulk Voice,4855,Won
2025-08-16,CB-1007440,176.02,Wholesale,IoT SIM,4871,Lost
2025-08-17,CB-1007275,501.80,Enterprise,Cloud Services,4837,Won
2025-08-17,CB-1007305,444.02,Enterprise,Managed Support,4837,Won
2025-08-17,CB-1007314,643.83,Enterprise,Managed Support,7030,Open
2025-08-17,CB-1007329,248.77,Enterprise,Managed Support,4863,Won
2025-08-17,CB-1007351,244.02,Consumer,Mobile Plans,4870,Won
2025-08-17,CB-1007365,170.74,Consumer,Mobile Plans,7030,Lost
2025-08-17,CB-1007372,266.48,Consumer,Streaming Add-on,4855,Open
2025-08-17,CB-1007384,141.67,Consumer,Device Protection,4863,Lost
2025-08-18,CB-1007298,292.50,Enterprise,Cloud Services,4871,Lost
2025-08-18,CB-1007342,306.94,Enterprise,Platform API,4863,Won
2025-08-18,CB-1007379,282.52,Consumer,Streaming Add-on,7030,Pending
2025-08-19,CB-1007272,288.73,Enterprise,Cloud Services,4855,Lost
2025-08-19,CB-1007349,374.64,Enterprise,Platform API,4837,Lost
2025-08-19,CB-1007352,133.99,Consumer,Mobile Plans,4855,Won
2025-08-19,CB-1007390,242.29,Consumer,Device Protection,4871,Won
2025-08-19,CB-1007391,229.15,Consumer,Device Protection,4837,Won
2025-08-19,CB-1007411,524.32,Wholesale,Bulk Voice,7030,Lost
2025-08-20,CB-1007280,405.09,Enterprise,Cloud Services,4863,Lost
2025-08-20,CB-1007300,620.83,Enterprise,Cloud Services,4837,Won
2025-08-20,CB-1007325,726.22,Enterprise,Managed Support,4837,Lost
2025-08-20,CB-1007337,337.24,Enterprise,Platform API,4837,Open
2025-08-20,CB-1007392,328.22,Consumer,Device Protection,7030,Open
2025-08-20,CB-1007398,157.54,Consumer,Device Protection,4870,Won
2025-08-21,CB-1007273,527.02,Enterprise,Cloud Services,4871,Lost
2025-08-21,CB-1007417,386.80,Wholesale,Bulk Voice,4855,Lost
2025-08-22,CB-1007348,344.73,Enterprise,Platform API,4837,Open
2025-08-22,CB-1007418,368.67,Wholesale,Partner Resale,4837,Lost
2025-08-22,CB-1007428,323.04,Wholesale,Partner Resale,4855,Open
2025-08-23,CB-1007335,577.67,Enterprise,Platform API,7030,Open
2025-08-23,CB-1007378,213.40,Consumer,Streaming Add-on,4855,Pending
2025-08-23,CB-1007395,396.39,Consumer,Device Protection,7030,Lost
2025-08-23,CB-1007397,132.82,Consumer,Device Protection,4837,Lost
2025-08-23,CB-1007433,444.23,Wholesale,IoT SIM,4837,Open
2025-08-23,CB-1007443,339.92,Wholesale,IoT SIM,7030,Lost
2025-08-24,CB-1007270,314.64,Enterprise,Cloud Services,4855,Open
2025-08-24,CB-1007311,705.50,Enterprise,Managed Support,7030,Pending
2025-08-24,CB-1007327,593.78,Enterprise,Managed Support,4871,Open
2025-08-24,CB-1007369,206.16,Consumer,Mobile Plans,7030,Won
2025-08-24,CB-1007383,185.61,Consumer,Streaming Add-on,4837,Won
2025-08-24,CB-1007393,170.79,Consumer,Device Protection,4870,Lost
2025-08-24,CB-1007394,275.08,Consumer,Device Protection,7030,Pending
2025-08-24,CB-1007402,424.98,Wholesale,Bulk Voice,7030,Lost
2025-08-24,CB-1007431,275.14,Wholesale,Partner Resale,4870,Won
2025-08-24,CB-1007442,213.22,Wholesale,IoT SIM,4863,Open
2025-08-25,CB-1007271,367.40,Enterprise,Cloud Services,4871,Open
2025-08-25,CB-1007277,898.87,Enterprise,Cloud Services,7030,Lost
2025-08-25,CB-1007278,633.46,Enterprise,Cloud Services,4870,Pending
2025-08-25,CB-1007290,371.21,Enterprise,Cloud Services,4870,Won
2025-08-25,CB-1007294,360.40,Enterprise,Cloud Services,4837,Won
2025-08-25,CB-1007328,624.09,Enterprise,Managed Support,4855,Won
2025-08-25,CB-1007396,141.74,Consumer,Device Protection,4837,Pending
2025-08-25,CB-1007438,310.94,Wholesale,IoT SIM,4863,Lost
2025-08-26,CB-1007283,408.39,Enterprise,Cloud Services,4863,Won
2025-08-26,CB-1007289,532.68,Enterprise,Cloud Services,4870,Won
2025-08-26,CB-1007319,771.65,Enterprise,Managed Support,7030,Pending
2025-08-26,CB-1007330,533.01,Enterprise,Platform API,7030,Lost
2025-08-26,CB-1007382,329.13,Consumer,Streaming Add-on,4837,Won
2025-08-27,CB-1007324,771.23,Enterprise,Managed Support,7030,Won
2025-08-28,CB-1007284,663.82,Enterprise,Cloud Services,4837,Lost
2025-08-28,CB-1007303,885.17,Enterprise,Cloud Services,7030,Won
2025-08-28,CB-1007304,652.35,Enterprise,Managed Support,4855,Lost
2025-08-28,CB-1007316,469.52,Enterprise,Managed Support,4871,Open
2025-08-28,CB-1007323,431.04,Enterprise,Managed Support,4871,Pending
2025-08-28,CB-1007336,445.76,Enterprise,Platform API,4871,Won
2025-08-28,CB-1007404,571.05,Wholesale,Bulk Voice,4837,Open
2025-08-28,CB-1007424,330.54,Wholesale,Partner Resale,7030,Won
2025-08-28,CB-1007427,488.91,Wholesale,Partner Resale,4863,Won
2025-08-28,CB-1007437,434.46,Wholesale,IoT SIM,7030,Pending
2025-08-29,CB-1007279,468.49,Enterprise,Cloud Services,4863,Pending
2025-08-29,CB-1007306,249.87,Enterprise,Managed Support,4863,Won
2025-08-29,CB-1007320,557.13,Enterprise,Managed Support,4863,Lost
2025-08-29,CB-1007346,844.84,Enterprise,Platform API,4870,Open
2025-08-30,CB-1007282,381.89,Enterprise,Cloud Services,7030,Lost
2025-08-30,CB-1007285,444.70,Enterprise,Cloud Services,4837,Pending
2025-08-30,CB-1007308,439.40,Enterprise,Managed Support,4871,Lost
2025-08-30,CB-1007334,486.88,Enterprise,Platform API,4855,Open
2025-08-30,CB-1007339,489.30,Enterprise,Platform API,4837,Pending
2025-08-30,CB-1007413,384.44,Wholesale,Bulk Voice,4855,Won
2025-08-30,CB-1007423,509.51,Wholesale,Partner Resale,7030,Pending
2025-08-31,CB-1007281,441.36,Enterprise,Cloud Services,4870,Lost
2025-08-31,CB-1007313,290.53,Enterprise,Managed Support,4855,Pending
2025-08-31,CB-1007318,719.11,Enterprise,Managed Support,7030,Won
2025-08-31,CB-1007338,359.67,Enterprise,Platform API,4863,Pending
2025-08-31,CB-1007343,544.27,Enterprise,Platform API,4863,Lost
2025-08-31,CB-1007362,193.80,Consumer,Mobile Plans,4871,Pending
2025-08-31,CB-1007371,216.10,Consumer,Mobile Plans,4871,Won
2025-09-01,CB-1007518,148.92,Consumer,Mobile Plans,4871,Lost
2025-09-01,CB-1007534,317.72,Consumer,Mobile Plans,4870,Won
2025-09-01,CB-1007549,174.03,Consumer,Device Protection,4871,Won
2025-09-01,CB-1007559,117.02,Consumer,Device Protection,4837,Won
2025-09-01,CB-1007562,110.39,Consumer,Device Protection,4871,Lost
2025-09-02,CB-1007491,586.34,Enterprise,Managed Support,4855,Pending
2025-09-02,CB-1007533,155.83,Consumer,Mobile Plans,4870,Open
2025-09-02,CB-1007551,218.45,Consumer,Device Protection,4855,Lost
2025-09-02,CB-1007561,172.86,Consumer,Device Protection,4855,Open
2025-09-02,CB-1007613,567.01,Wholesale,IoT SIM,4870,Open
2025-09-03,CB-1007501,440.92,Enterprise,Platform API,4871,Won
2025-09-03,CB-1007540,263.60,Consumer,Streaming Add-on,4855,Lost
2025-09-03,CB-1007581,572.10,Wholesale,Bulk Voice,7030,Lost
2025-09-03,CB-1007606,237.51,Wholesale,IoT SIM,4855,Pending
2025-09-04,CB-1007480,863.92,Enterprise,Managed Support,4870,Won
2025-09-04,CB-1007499,399.02,Enterprise,Platform API,4871,Pending
2025-09-04,CB-1007508,334.03,Enterprise,Platform API,4837,Pending
2025-09-04,CB-1007528,267.16,Consumer,Mobile Plans,4855,Won
2025-09-04,CB-1007537,131.07,Consumer,Streaming Add-on,4870,Open
2025-09-04,CB-1007557,316.54,Consumer,Device Protection,7030,Won
2025-09-04,CB-1007607,245.87,Wholesale,IoT SIM,4870,Lost
2025-09-05,CB-1007494,884.11,Enterprise,Managed Support,7030,Open
2025-09-05,CB-1007602,431.95,Wholesale,Partner Resale,4863,Lost
2025-09-06,CB-1007454,350.32,Enterprise,Cloud Services,4837,Open
2025-09-06,CB-1007509,498.32,Enterprise,Platform API,4837,Won
2025-09-06,CB-1007514,139.45,Consumer,Mobile Plans,4855,Pending
2025-09-06,CB-1007535,270.20,Consumer,Mobile Plans,4837,Won
2025-09-06,CB-1007578,429.93,Wholesale,Bulk Voice,4837,Pending
2025-09-06,CB-1007600,418.41,Wholesale,Partner Resale,7030,Lost
2025-09-07,CB-1007445,725.41,Enterprise,Cloud Services,4863,Lost
2025-09-07,CB-1007468,378.92,Enterprise,Cloud Services,4855,Won
2025-09-07,CB-1007471,590.58,Enterprise,Managed Support,4870,Open
2025-09-07,CB-1007527,122.55,Consumer,Mobile Plans,4871,Lost
2025-09-07,CB-1007542,354.68,Consumer,Streaming Add-on,4870,Won
2025-09-07,CB-1007547,299.98,Consumer,Streaming Add-on,4837,Won
2025-09-07,CB-1007571,452.74,Wholesale,Bulk Voice,4863,Won
2025-09-08,CB-1007458,419.52,Enterprise,Cloud Services,4871,Open
2025-09-08,CB-1007521,172.12,Consumer,Mobile Plans,4863,Open
2025-09-08,CB-1007570,195.49,Wholesale,Bulk Voice,4855,Pending
2025-09-08,CB-1007576,499.66,Wholesale,Bulk Voice,4870,Pending
2025-09-08,CB-1007605,353.87,Wholesale,IoT SIM,4871,Lost
2025-09-08,CB-1007610,265.95,Wholesale,IoT SIM,4871,Pending
2025-09-09,CB-1007459,538.39,Enterprise,Cloud Services,4855,Lost
2025-09-09,CB-1007469,222.36,Enterprise,Cloud Services,4871,Open
2025-09-09,CB-1007495,692.67,Enterprise,Platform API,4837,Won
2025-09-09,CB-1007543,366.12,Consumer,Streaming Add-on,7030,Lost
2025-09-09,CB-1007572,465.06,Wholesale,Bulk Voice,4855,Open
2025-09-10,CB-1007498,506.15,Enterprise,Platform API,7030,Lost
2025-09-10,CB-1007573,399.14,Wholesale,Bulk Voice,4863,Won
2025-09-11,CB-1007464,469.40,Enterprise,Cloud Services,4871,Pending
2025-09-11,CB-1007554,280.13,Consumer,Device Protection,4855,Lost
2025-09-11,CB-1007598,590.58,Wholesale,Partner Resale,7030,Won
2025-09-11,CB-1007612,401.13,Wholesale,IoT SIM,4863,Lost
2025-09-12,CB-1007462,523.75,Enterprise,Cloud Services,4855,Lost
2025-09-12,CB-1007504,683.95,Enterprise,Platform API,7030,Pending
2025-09-12,CB-1007523,239.41,Consumer,Mobile Plans,4871,Pending
2025-09-12,CB-1007553,238.35,Consumer,Device Protection,4855,Won
2025-09-12,CB-1007584,343.08,Wholesale,Bulk Voice,4837,Won
2025-09-12,CB-1007585,234.71,Wholesale,Bulk Voice,4855,Pending
2025-09-13,CB-1007446,834.74,Enterprise,Cloud Services,7030,Open
2025-09-13,CB-1007457,763.86,Enterprise,Cloud Services,4870,Won
2025-09-13,CB-1007481,490.81,Enterprise,Managed Support,4855,Pending
2025-09-13,CB-1007490,337.95,Enterprise,Managed Support,4871,Won
2025-09-13,CB-1007568,146.25,Consumer,Device Protection,4855,Open
2025-09-14,CB-1007473,797.72,Enterprise,Managed Support,7030,Open
2025-09-14,CB-1007519,223.10,Consumer,Mobile Plans,4871,Lost
2025-09-14,CB-1007545,113.61,Consumer,Streaming Add-on,4855,Lost
2025-09-15,CB-1007484,405.08,Enterprise,Managed Support,4855,Lost
2025-09-15,CB-1007497,310.77,Enterprise,Platform API,4863,Lost
2025-09-15,CB-1007513,567.43,Enterprise,Platform API,4837,Lost
2025-09-15,CB-1007563,223.74,Consumer,Device Protection,4863,Open
2025-09-15,CB-1007601,280.12,Wholesale,Partner Resale,4855,Won
2025-09-16,CB-1007448,735.61,Enterprise,Cloud Services,4837,Open
2025-09-16,CB-1007465,533.05,Enterprise,Cloud Services,4855,Won
2025-09-16,CB-1007493,416.61,Enterprise,Managed Support,4871,Won
2025-09-16,CB-1007502,407.76,Enterprise,Platform API,4855,Lost
2025-09-16,CB-1007524,128.22,Consumer,Mobile Plans,4837,Lost
2025-09-16,CB-1007529,225.62,Consumer,Mobile Plans,4837,Pending
2025-09-16,CB-1007565,278.61,Consumer,Device Protection,4855,Won
2025-09-16,CB-1007567,268.37,Consumer,Device Protection,4871,Pending
2025-09-16,CB-1007579,674.89,Wholesale,Bulk Voice,7030,Lost
2025-09-17,CB-1007475,484.14,Enterprise,Managed Support,4855,Won
2025-09-17,CB-1007487,629.24,Enterprise,Managed Support,4863,Pending
2025-09-17,CB-1007520,147.88,Consumer,Mobile Plans,4871,Lost
2025-09-17,CB-1007556,178.24,Consumer,Device Protection,4863,Won
2025-09-17,CB-1007592,418.98,Wholesale,Partner Resale,4837,Won
2025-09-18,CB-1007566,217.48,Consumer,Device Protection,4870,Pending
2025-09-18,CB-1007590,249.00,Wholesale,Partner Resale,4870,Open
2025-09-18,CB-1007609,532.47,Wholesale,IoT SIM,4863,Lost
2025-09-19,CB-1007461,575.32,Enterprise,Cloud Services,4855,Open
2025-09-19,CB-1007503,594.79,Enterprise,Platform API,4871,Won
2025-09-19,CB-1007546,162.83,Consumer,Streaming Add-on,4863,Lost
2025-09-19,CB-1007550,155.17,Consumer,Device Protection,4855,Won
2025-09-19,CB-1007583,384.23,Wholesale,Bulk Voice,4871,Pending
2025-09-19,CB-1007603,588.17,Wholesale,Partner Resale,4870,Lost
2025-09-19,CB-1007604,405.38,Wholesale,IoT SIM,4870,Lost
2025-09-20,CB-1007476,625.26,Enterprise,Managed Support,4855,Won
2025-09-20,CB-1007496,895.08,Enterprise,Platform API,7030,Won
2025-09-20,CB-1007500,559.23,Enterprise,Platform API,4855,Won
2025-09-20,CB-1007510,528.86,Enterprise,Platform API,7030,Won
2025-09-20,CB-1007526,196.10,Consumer,Mobile Plans,7030,Won
2025-09-20,CB-1007532,156.64,Consumer,Mobile Plans,4837,Won
2025-09-20,CB-1007536,143.06,Consumer,Streaming Add-on,4855,Lost
2025-09-20,CB-1007541,194.39,Consumer,Streaming Add-on,4870,Pending
2025-09-20,CB-1007544,300.20,Consumer,Streaming Add-on,4837,Pending
2025-09-20,CB-1007548,129.86,Consumer,Streaming Add-on,4870,Pending
2025-09-20,CB-1007577,283.63,Wholesale,Bulk Voice,4837,Pending
2025-09-20,CB-1007582,292.36,Wholesale,Bulk Voice,7030,Pending
2025-09-21,CB-1007452,265.80,Enterprise,Cloud Services,4855,Won
2025-09-21,CB-1007455,558.72,Enterprise,Cloud Services,4855,Lost
2025-09-21,CB-1007525,108.77,Consumer,Mobile Plans,4871,Won
2025-09-21,CB-1007539,166.53,Consumer,Streaming Add-on,4870,Won
2025-09-21,CB-1007569,354.26,Wholesale,Bulk Voice,4837,Won
2025-09-21,CB-1007591,362.05,Wholesale,Partner Resale,4870,Pending
2025-09-21,CB-1007611,226.40,Wholesale,IoT SIM,4871,Lost
2025-09-21,CB-1007614,217.82,Wholesale,IoT SIM,4837,Pending
2025-09-22,CB-1007460,864.82,Enterprise,Cloud Services,4870,Lost
2025-09-22,CB-1007463,620.53,Enterprise,Cloud Services,7030,Won
2025-09-22,CB-1007467,248.10,Enterprise,Cloud Services,4863,Lost
2025-09-22,CB-1007477,392.89,Enterprise,Managed Support,7030,Won
2025-09-22,CB-1007505,645.31,Enterprise,Platform API,4870,Won
2025-09-22,CB-1007511,513.63,Enterprise,Platform API,4863,Won
2025-09-22,CB-1007589,501.33,Wholesale,Partner Resale,4863,Won
2025-09-22,CB-1007608,518.05,Wholesale,IoT SIM,4837,Won
2025-09-23,CB-1007474,593.95,Enterprise,Managed Support,4871,Won
2025-09-23,CB-1007479,384.44,Enterprise,Managed Support,7030,Lost
2025-09-23,CB-1007482,299.99,Enterprise,Managed Support,4837,Won
2025-09-23,CB-1007575,348.07,Wholesale,Bulk Voice,4870,Won
2025-09-23,CB-1007586,440.58,Wholesale,Partner Resale,4871,Lost
2025-09-23,CB-1007599,406.22,Wholesale,Partner Resale,4871,Lost
2025-09-24,CB-1007466,625.04,Enterprise,Cloud Services,7030,Lost
2025-09-24,CB-1007472,461.44,Enterprise,Managed Support,4870,Lost
2025-09-24,CB-1007478,781.66,Enterprise,Managed Support,7030,Won
2025-09-24,CB-1007489,311.12,Enterprise,Managed Support,4855,Lost
2025-09-24,CB-1007515,294.64,Consumer,Mobile Plans,7030,Won
2025-09-24,CB-1007530,147.69,Consumer,Mobile Plans,4863,Open
2025-09-24,CB-1007531,121.96,Consumer,Mobile Plans,4863,Lost
2025-09-24,CB-1007558,263.79,Consumer,Device Protection,7030,Lost
2025-09-24,CB-1007594,620.30,Wholesale,Partner Resale,4870,Pending
2025-09-25,CB-1007447,671.91,Enterprise,Cloud Services,4870,Lost
2025-09-25,CB-1007450,701.39,Enterprise,Cloud Services,4870,Won
2025-09-25,CB-1007453,435.52,Enterprise,Cloud Services,7030,Lost
2025-09-25,CB-1007538,369.19,Consumer,Streaming Add-on,7030,Won
2025-09-25,CB-1007588,327.24,Wholesale,Partner Resale,4863,Won
2025-09-25,CB-1007597,481.24,Wholesale,Partner Resale,4870,Lost
2025-09-26,CB-1007483,538.41,Enterprise,Managed Support,4871,Lost
2025-09-26,CB-1007492,694.69,Enterprise,Managed Support,4863,Won
2025-09-26,CB-1007507,551.19,Enterprise,Platform API,4855,Lost
2025-09-26,CB-1007522,167.15,Consumer,Mobile Plans,4870,Won
2025-09-26,CB-1007596,707.45,Wholesale,Partner Resale,7030,Open
2025-09-27,CB-1007449,396.66,Enterprise,Cloud Services,4870,Lost
2025-09-27,CB-1007517,265.46,Consumer,Mobile Plans,4871,Won
2025-09-27,CB-1007555,396.73,Consumer,Device Protection,7030,Lost
2025-09-27,CB-1007580,414.12,Wholesale,Bulk Voice,4855,Pending
2025-09-28,CB-1007456,299.37,Enterprise,Cloud Services,4837,Lost
2025-09-28,CB-1007488,528.77,Enterprise,Managed Support,4871,Lost
2025-09-28,CB-1007512,380.62,Enterprise,Platform API,7030,Won
2025-09-28,CB-1007516,160.59,Consumer,Mobile Plans,4863,Open
2025-09-28,CB-1007574,441.50,Wholesale,Bulk Voice,4871,Pending
2025-09-29,CB-1007470,718.41,Enterprise,Managed Support,4837,Pending
2025-09-29,CB-1007485,651.37,Enterprise,Managed Support,7030,Won
2025-09-29,CB-1007486,698.83,Enterprise,Managed Support,4870,Won
2025-09-29,CB-1007506,275.18,Enterprise,Platform API,4863,Won
2025-09-29,CB-1007560,257.57,Consumer,Device Protection,4855,Open
2025-09-29,CB-1007587,402.26,Wholesale,Partner Resale,4863,Won
2025-09-29,CB-1007593,187.14,Wholesale,Partner Resale,4863,Open
2025-09-29,CB-1007595,390.37,Wholesale,Partner Resale,7030,Won
2025-09-30,CB-1007451,809.50,Enterprise,Cloud Services,7030,Open
2025-09-30,CB-1007552,187.30,Consumer,Device Protection,4871,Lost
2025-09-30,CB-1007564,277.51,Consumer,Device Protection,7030,Lost
2025-10-01,CB-1007644,365.36,Enterprise,Cloud Services,7030,Lost
2025-10-01,CB-1007646,569.62,Enterprise,Cloud Services,4863,Won
2025-10-01,CB-1007663,662.61,Enterprise,Managed Support,4863,Lost
2025-10-01,CB-1007669,289.63,Enterprise,Managed Support,4855,Won
2025-10-01,CB-1007697,223.55,Consumer,Mobile Plans,4870,Lost
2025-10-01,CB-1007741,287.55,Consumer,Streaming Add-on,4837,Won
2025-10-01,CB-1007765,210.90,Wholesale,Bulk Voice,4871,Lost
2025-10-01,CB-1007793,276.92,Wholesale,Partner Resale,4863,Pending
2025-10-02,CB-1007658,338.86,Enterprise,Managed Support,4837,Won
2025-10-02,CB-1007666,361.19,Enterprise,Managed Support,4863,Won
2025-10-02,CB-1007701,380.13,Consumer,Mobile Plans,4870,Pending
2025-10-02,CB-1007742,199.83,Consumer,Device Protection,7030,Pending
2025-10-02,CB-1007753,301.44,Consumer,Device Protection,4870,Pending
2025-10-03,CB-1007635,414.06,Enterprise,Cloud Services,4855,Pending
2025-10-03,CB-1007651,447.51,Enterprise,Managed Support,4871,Won
2025-10-03,CB-1007672,238.73,Enterprise,Managed Support,4855,Pending
2025-10-03,CB-1007713,349.47,Consumer,Mobile Plans,7030,Pending
2025-10-03,CB-1007729,366.35,Consumer,Streaming Add-on,4870,Won
2025-10-03,CB-1007733,94.94,Consumer,Streaming Add-on,4871,Lost
2025-10-03,CB-1007739,169.58,Consumer,Streaming Add-on,4863,Won
2025-10-03,CB-1007759,240.84,Wholesale,Bulk Voice,4837,Pending
2025-10-03,CB-1007768,268.16,Wholesale,Bulk Voice,4870,Won
2025-10-03,CB-1007772,272.36,Wholesale,Bulk Voice,4837,Lost
2025-10-03,CB-1007788,254.47,Wholesale,Partner Resale,4855,Won
2025-10-03,CB-1007806,358.51,Wholesale,IoT SIM,4870,Pending
2025-10-04,CB-1007641,593.66,Enterprise,Cloud Services,4863,Won
2025-10-04,CB-1007649,296.47,Enterprise,Managed Support,4855,Won
2025-10-04,CB-1007652,479.25,Enterprise,Managed Support,4871,Pending
2025-10-04,CB-1007655,444.20,Enterprise,Managed Support,4871,Lost
2025-10-04,CB-1007743,161.73,Consumer,Device Protection,4837,Lost
2025-10-04,CB-1007749,148.13,Consumer,Device Protection,4871,Won
2025-10-04,CB-1007762,356.00,Wholesale,Bulk Voice,4855,Lost
2025-10-05,CB-1007622,418.77,Enterprise,Cloud Services,4870,Pending
2025-10-05,CB-1007634,512.96,Enterprise,Cloud Services,4863,Lost
2025-10-05,CB-1007671,307.71,Enterprise,Managed Support,4855,Lost
2025-10-05,CB-1007677,608.50,Enterprise,Platform API,4863,Pending
2025-10-05,CB-1007771,356.69,Wholesale,Bulk Voice,4870,Open
2025-10-05,CB-1007784,239.55,Wholesale,Partner Resale,4855,Won
2025-10-06,CB-1007640,768.02,Enterprise,Cloud Services,4837,Won
2025-10-06,CB-1007667,381.86,Enterprise,Managed Support,4863,Won
2025-10-06,CB-1007692,641.05,Enterprise,Platform API,4870,Lost
2025-10-06,CB-1007710,240.37,Consumer,Mobile Plans,4855,Won
2025-10-06,CB-1007754,176.37,Consumer,Device Protection,4863,Won
2025-10-06,CB-1007770,186.03,Wholesale,Bulk Voice,4871,Won
2025-10-07,CB-1007617,326.95,Enterprise,Cloud Services,4870,Won
2025-10-07,CB-1007637,698.13,Enterprise,Cloud Services,4870,Open
2025-10-07,CB-1007718,146.67,Consumer,Mobile Plans,4870,Won
2025-10-07,CB-1007752,282.86,Consumer,Device Protection,7030,Pending
2025-10-07,CB-1007780,502.57,Wholesale,Partner Resale,4837,Lost
2025-10-07,CB-1007783,221.01,Wholesale,Partner Resale,4871,Open
2025-10-07,CB-1007791,380.77,Wholesale,Partner Resale,4863,Won
2025-10-07,CB-1007805,273.93,Wholesale,IoT SIM,7030,Open
2025-10-08,CB-1007631,593.15,Enterprise,Cloud Services,4863,Pending
2025-10-08,CB-1007650,371.59,Enterprise,Managed Support,4863,Won
2025-10-08,CB-1007673,455.61,Enterprise,Managed Support,4837,Won
2025-10-08,CB-1007708,303.08,Consumer,Mobile Plans,4837,Open
2025-10-08,CB-1007773,367.53,Wholesale,Bulk Voice,4871,Open
2025-10-09,CB-1007629,465.03,Enterprise,Cloud Services,4871,Open
2025-10-09,CB-1007643,313.79,Enterprise,Cloud Services,4871,Pending
2025-10-09,CB-1007688,223.69,Enterprise,Platform API,4871,Won
2025-10-09,CB-1007695,331.98,Enterprise,Platform API,4863,Won
2025-10-09,CB-1007703,117.54,Consumer,Mobile Plans,4855,Won
2025-10-09,CB-1007748,284.65,Consumer,Device Protection,4855,Lost
2025-10-09,CB-1007769,275.96,Wholesale,Bulk Voice,4871,Pending
2025-10-09,CB-1007804,360.59,Wholesale,IoT SIM,4837,Pending
2025-10-10,CB-1007627,529.01,Enterprise,Cloud Services,4837,Won
2025-10-10,CB-1007645,371.28,Enterprise,Cloud Services,4837,Won
2025-10-10,CB-1007668,309.44,Enterprise,Managed Support,4871,Won
2025-10-10,CB-1007693,316.13,Enterprise,Platform API,4871,Won
2025-10-10,CB-1007734,266.90,Consumer,Streaming Add-on,4870,Won
2025-10-11,CB-1007616,450.26,Enterprise,Cloud Services,4863,Won
2025-10-11,CB-1007630,335.38,Enterprise,Cloud Services,4871,Lost
2025-10-11,CB-1007633,703.68,Enterprise,Cloud Services,4863,Won
2025-10-11,CB-1007720,167.42,Consumer,Mobile Plans,4837,Lost
2025-10-11,CB-1007737,291.21,Consumer,Streaming Add-on,4837,Won
2025-10-11,CB-1007776,421.74,Wholesale,Bulk Voice,4855,Won
2025-10-11,CB-1007787,324.00,Wholesale,Partner Resale,4837,Lost
2025-10-12,CB-1007698,167.63,Consumer,Mobile Plans,4870,Lost
2025-10-12,CB-1007736,197.38,Consumer,Streaming Add-on,7030,Open
2025-10-12,CB-1007738,218.25,Consumer,Streaming Add-on,4870,Won
2025-10-12,CB-1007757,173.66,Consumer,Device Protection,4871,Won
2025-10-12,CB-1007790,559.93,Wholesale,Partner Resale,4837,Lost
2025-10-13,CB-1007694,214.91,Enterprise,Platform API,4871,Lost
2025-10-13,CB-1007731,165.67,Consumer,Streaming Add-on,4863,Won
2025-10-13,CB-1007792,556.74,Wholesale,Partner Resale,7030,Lost
2025-10-14,CB-1007704,292.89,Consumer,Mobile Plans,7030,Pending
2025-10-14,CB-1007715,211.47,Consumer,Mobile Plans,4855,Lost
2025-10-14,CB-1007721,222.78,Consumer,Mobile Plans,4870,Won
2025-10-14,CB-1007758,195.04,Consumer,Device Protection,4863,Won
2025-10-14,CB-1007764,454.39,Wholesale,Bulk Voice,4837,Open
2025-10-14,CB-1007774,375.13,Wholesale,Bulk Voice,7030,Open
2025-10-14,CB-1007794,448.38,Wholesale,Partner Resale,4855,Open
2025-10-14,CB-1007798,413.55,Wholesale,IoT SIM,4870,Won
2025-10-14,CB-1007801,480.78,Wholesale,IoT SIM,4870,Won
2025-10-15,CB-1007654,412.50,Enterprise,Managed Support,7030,Lost
2025-10-15,CB-1007690,697.00,Enterprise,Platform API,4863,Lost
2025-10-15,CB-1007699,305.55,Consumer,Mobile Plans,4863,Pending
2025-10-15,CB-1007803,328.38,Wholesale,IoT SIM,4871,Lost
2025-10-16,CB-1007639,826.52,Enterprise,Cloud Services,4870,Pending
2025-10-16,CB-1007659,839.52,Enterprise,Managed Support,4870,Pending
2025-10-16,CB-1007662,635.47,Enterprise,Managed Support,7030,Open
2025-10-16,CB-1007680,623.54,Enterprise,Platform API,4870,Won
2025-10-16,CB-1007740,131.45,Consumer,Streaming Add-on,4837,Won
2025-10-16,CB-1007745,329.10,Consumer,Device Protection,4837,Open
2025-10-16,CB-1007802,571.48,Wholesale,IoT SIM,4870,Lost
2025-10-17,CB-1007615,478.99,Enterprise,Cloud Services,7030,Won
2025-10-17,CB-1007626,360.53,Enterprise,Cloud Services,7030,Pending
2025-10-17,CB-1007681,399.61,Enterprise,Platform API,4863,Won
2025-10-17,CB-1007730,151.46,Consumer,Streaming Add-on,4863,Won
2025-10-18,CB-1007621,642.38,Enterprise,Cloud Services,4855,Lost
2025-10-18,CB-1007623,751.37,Enterprise,Cloud Services,4870,Won
2025-10-18,CB-1007670,539.40,Enterprise,Managed Support,7030,Won
2025-10-18,CB-1007724,163.00,Consumer,Streaming Add-on,4871,Won
2025-10-18,CB-1007744,149.14,Consumer,Device Protection,7030,Pending
2025-10-18,CB-1007763,354.86,Wholesale,Bulk Voice,7030,Lost
2025-10-19,CB-1007628,330.87,Enterprise,Cloud Services,4870,Won
2025-10-19,CB-1007653,632.14,Enterprise,Managed Support,4837,Won
2025-10-19,CB-1007727,369.92,Consumer,Streaming Add-on,4870,Pending
2025-10-19,CB-1007746,153.42,Consumer,Device Protection,4871,Pending
2025-10-20,CB-1007657,509.78,Enterprise,Managed Support,4855,Lost
2025-10-20,CB-1007712,326.82,Consumer,Mobile Plans,7030,Won
2025-10-20,CB-1007722,199.76,Consumer,Mobile Plans,4870,Pending
2025-10-20,CB-1007760,437.71,Wholesale,Bulk Voice,4863,Pending
2025-10-20,CB-1007766,686.84,Wholesale,Bulk Voice,7030,Pending
2025-10-20,CB-1007785,248.46,Wholesale,Partner Resale,4870,Open
2025-10-20,CB-1007786,359.70,Wholesale,Partner Resale,4855,Lost
2025-10-21,CB-1007632,875.58,Enterprise,Cloud Services,7030,Pending
2025-10-21,CB-1007647,450.17,Enterprise,Cloud Services,4837,Lost
2025-10-21,CB-1007678,602.17,Enterprise,Platform API,4837,Lost
2025-10-21,CB-1007683,683.27,Enterprise,Platform API,4837,Open
2025-10-21,CB-1007689,705.30,Enterprise,Platform API,7030,Pending
2025-10-21,CB-1007709,179.66,Consumer,Mobile Plans,4870,Won
2025-10-21,CB-1007781,429.11,Wholesale,Partner Resale,4855,Lost
2025-10-21,CB-1007796,371.66,Wholesale,IoT SIM,4837,Open
2025-10-22,CB-1007620,720.92,Enterprise,Cloud Services,4837,Pending
2025-10-22,CB-1007656,282.52,Enterprise,Managed Support,4837,Lost
2025-10-22,CB-1007717,105.53,Consumer,Mobile Plans,4871,Open
2025-10-22,CB-1007795,280.91,Wholesale,Partner Resale,4837,Won
2025-10-22,CB-1007799,427.62,Wholesale,IoT SIM,4837,Won
2025-10-23,CB-1007618,488.73,Enterprise,Cloud Services,4855,Lost
2025-10-23,CB-1007691,455.52,Enterprise,Platform API,7030,Pending
2025-10-23,CB-1007747,253.20,Consumer,Device Protection,4855,Pending
2025-10-23,CB-1007755,260.41,Consumer,Device Protection,4837,Pending
2025-10-24,CB-1007674,588.29,Enterprise,Platform API,4855,Won
2025-10-24,CB-1007696,273.44,Consumer,Mobile Plans,4863,Lost
2025-10-24,CB-1007723,255.81,Consumer,Mobile Plans,4871,Lost
2025-10-24,CB-1007732,227.07,Consumer,Streaming Add-on,4837,Lost
2025-10-24,CB-1007761,440.62,Wholesale,Bulk Voice,4837,Lost
2025-10-24,CB-1007778,242.74,Wholesale,Bulk Voice,4837,Lost
2025-10-25,CB-1007665,398.34,Enterprise,Managed Support,7030,Open
2025-10-25,CB-1007686,276.92,Enterprise,Platform API,4871,Lost
2025-10-25,CB-1007702,263.27,Consumer,Mobile Plans,4871,Lost
2025-10-25,CB-1007779,487.49,Wholesale,Bulk Voice,4870,Pending
2025-10-25,CB-1007797,198.56,Wholesale,IoT SIM,4855,Pending
2025-10-25,CB-1007800,429.14,Wholesale,IoT SIM,4855,Open
2025-10-26,CB-1007648,363.21,Enterprise,Cloud Services,4837,Lost
2025-10-26,CB-1007661,484.56,Enterprise,Managed Support,4863,Won
2025-10-26,CB-1007664,538.70,Enterprise,Managed Support,4837,Pending
2025-10-26,CB-1007675,695.66,Enterprise,Platform API,7030,Open
2025-10-26,CB-1007685,366.09,Enterprise,Platform API,4871,Lost
2025-10-26,CB-1007728,286.77,Consumer,Streaming Add-on,4837,Lost
2025-10-27,CB-1007638,555.75,Enterprise,Cloud Services,4837,Pending
2025-10-27,CB-1007642,440.27,Enterprise,Cloud Services,4870,Open
2025-10-27,CB-1007684,697.01,Enterprise,Platform API,4870,Open
2025-10-27,CB-1007707,207.27,Consumer,Mobile Plans,4837,Won
2025-10-27,CB-1007751,334.40,Consumer,Device Protection,4870,Open
2025-10-27,CB-1007777,276.92,Wholesale,Bulk Voice,7030,Lost
2025-10-28,CB-1007625,521.18,Enterprise,Cloud Services,4837,Lost
2025-10-28,CB-1007660,688.80,Enterprise,Managed Support,4837,Pending
2025-10-28,CB-1007687,654.82,Enterprise,Platform API,7030,Won
2025-10-28,CB-1007705,308.04,Consumer,Mobile Plans,7030,Pending
2025-10-28,CB-1007706,113.32,Consumer,Mobile Plans,4863,Pending
2025-10-28,CB-1007726,206.25,Consumer,Streaming Add-on,4870,Won
2025-10-28,CB-1007750,148.00,Consumer,Device Protection,4871,Open
2025-10-29,CB-1007676,590.46,Enterprise,Platform API,4871,Pending
2025-10-29,CB-1007679,683.38,Enterprise,Platform API,4837,Won
2025-10-29,CB-1007700,235.60,Consumer,Mobile Plans,4871,Lost
2025-10-29,CB-1007711,281.21,Consumer,Mobile Plans,4863,Pending
2025-10-29,CB-1007735,284.00,Consumer,Streaming Add-on,4870,Lost
2025-10-29,CB-1007775,464.64,Wholesale,Bulk Voice,7030,Won
2025-10-30,CB-1007619,280.15,Enterprise,Cloud Services,4837,Pending
2025-10-30,CB-1007624,426.93,Enterprise,Cloud Services,4863,Lost
2025-10-30,CB-1007714,112.92,Consumer,Mobile Plans,4871,Lost
2025-10-30,CB-1007716,268.07,Consumer,Mobile Plans,4870,Lost
2025-10-30,CB-1007719,165.09,Consumer,Mobile Plans,4855,Lost
2025-10-30,CB-1007789,481.34,Wholesale,Partner Resale,4870,Lost
2025-10-31,CB-1007636,304.83,Enterprise,Cloud Services,4837,Won
2025-10-31,CB-1007682,411.82,Enterprise,Platform API,4871,Open
2025-10-31,CB-1007725,193.44,Consumer,Streaming Add-on,4855,Lost
2025-10-31,CB-1007756,333.39,Consumer,Device Protection,4870,Pending
2025-10-31,CB-1007767,287.35,Wholesale,Bulk Voice,7030,Open
2025-10-31,CB-1007782,262.74,Wholesale,Partner Resale,4871,Lost
2025-11-01,CB-1007845,559.39,Enterprise,Managed Support,4855,Open
2025-11-01,CB-1007853,724.81,Enterprise,Managed Support,4837,Lost
2025-11-01,CB-1007891,291.02,Consumer,Mobile Plans,4837,Lost
2025-11-01,CB-1007907,285.06,Consumer,Mobile Plans,7030,Lost
2025-11-01,CB-1007911,358.41,Consumer,Streaming Add-on,4870,Won
2025-11-01,CB-1007939,154.23,Consumer,Device Protection,4863,Pending
2025-11-01,CB-1007976,457.21,Wholesale,Partner Resale,4837,Pending
2025-11-02,CB-1007816,650.78,Enterprise,Cloud Services,4855,Lost
2025-11-02,CB-1007824,636.00,Enterprise,Cloud Services,4863,Won
2025-11-02,CB-1007839,430.32,Enterprise,Managed Support,4855,Open
2025-11-02,CB-1007883,180.22,Consumer,Mobile Plans,4871,Open
2025-11-02,CB-1007919,136.08,Consumer,Streaming Add-on,4863,Lost
2025-11-02,CB-1007955,437.85,Wholesale,Bulk Voice,4837,Lost
2025-11-02,CB-1007967,271.44,Wholesale,Bulk Voice,7030,Open
2025-11-03,CB-1007856,667.37,Enterprise,Managed Support,4863,Lost
2025-11-03,CB-1007894,270.20,Consumer,Mobile Plans,4870,Lost
2025-11-03,CB-1007956,425.65,Wholesale,Bulk Voice,7030,Pending
2025-11-03,CB-1007979,322.54,Wholesale,Partner Resale,4870,Won
2025-11-03,CB-1008000,395.36,Wholesale,IoT SIM,4863,Lost
2025-11-04,CB-1007810,585.81,Enterprise,Cloud Services,4855,Won
2025-11-04,CB-1007836,470.98,Enterprise,Cloud Services,4855,Open
2025-11-04,CB-1007855,299.59,Enterprise,Managed Support,4855,Lost
2025-11-04,CB-1007895,301.38,Consumer,Mobile Plans,7030,Won
2025-11-04,CB-1007896,181.37,Consumer,Mobile Plans,4870,Won
2025-11-04,CB-1007904,284.05,Consumer,Mobile Plans,4870,Won
2025-11-04,CB-1007984,478.59,Wholesale,Partner Resale,4863,Lost
2025-11-05,CB-1007892,144.42,Consumer,Mobile Plans,4855,Lost
2025-11-05,CB-1007922,116.13,Consumer,Streaming Add-on,4855,Won
2025-11-05,CB-1007927,247.52,Consumer,Device Protection,4871,Lost
2025-11-06,CB-1007851,805.06,Enterprise,Managed Support,4870,Lost
2025-11-06,CB-1007857,577.25,Enterprise,Managed Support,4863,Won
2025-11-06,CB-1007858,482.54,Enterprise,Managed Support,4855,Won
2025-11-06,CB-1007929,189.06,Consumer,Device Protection,4870,Pending
2025-11-06,CB-1007936,97.77,Consumer,Device Protection,4855,Lost
2025-11-06,CB-1007954,296.41,Wholesale,Bulk Voice,4871,Won
2025-11-06,CB-1007974,336.85,Wholesale,Partner Resale,4855,Pending
2025-11-06,CB-1007992,383.59,Wholesale,IoT SIM,4837,Lost
2025-11-06,CB-1007997,581.17,Wholesale,IoT SIM,4870,Won
2025-11-07,CB-1007809,269.43,Enterprise,Cloud Services,4871,Pending
2025-11-07,CB-1007822,387.77,Enterprise,Cloud Services,7030,Won
2025-11-07,CB-1007886,151.84,Consumer,Mobile Plans,4871,Won
2025-11-07,CB-1007888,121.94,Consumer,Mobile Plans,4855,Open
2025-11-07,CB-1007925,350.12,Consumer,Streaming Add-on,7030,Won
2025-11-07,CB-1007970,477.61,Wholesale,Bulk Voice,4855,Pending
2025-11-07,CB-1007975,186.42,Wholesale,Partner Resale,4855,Lost
2025-11-07,CB-1007993,664.45,Wholesale,IoT SIM,7030,Won
2025-11-08,CB-1007832,398.96,Enterprise,Cloud Services,4871,Pending
2025-11-08,CB-1007861,304.40,Enterprise,Managed Support,4870,Lost
2025-11-08,CB-1007874,479.05,Enterprise,Platform API,4863,Lost
2025-11-09,CB-1007812,697.19,Enterprise,Cloud Services,4837,Pending
2025-11-09,CB-1007834,583.85,Enterprise,Cloud Services,4837,Won
2025-11-09,CB-1007870,382.71,Enterprise,Platform API,4863,Won
2025-11-09,CB-1007893,386.62,Consumer,Mobile Plans,7030,Lost
2025-11-09,CB-1007906,198.22,Consumer,Mobile Plans,4871,Lost
2025-11-10,CB-1007909,257.48,Consumer,Mobile Plans,4855,Pending
2025-11-10,CB-1007947,142.13,Consumer,Device Protection,4863,Open
2025-11-10,CB-1007972,450.06,Wholesale,Bulk Voice,4855,Won
2025-11-10,CB-1007982,464.74,Wholesale,Partner Resale,4837,Lost
2025-11-11,CB-1007838,439.08,Enterprise,Cloud Services,4837,Open
2025-11-11,CB-1007868,513.83,Enterprise,Platform API,4871,Lost
2025-11-11,CB-1007878,358.55,Enterprise,Platform API,4863,Lost
2025-11-11,CB-1007913,338.41,Consumer,Streaming Add-on,4870,Open
2025-11-11,CB-1007996,391.23,Wholesale,IoT SIM,4837,Open
2025-11-12,CB-1007833,452.02,Enterprise,Cloud Services,7030,Won
2025-11-12,CB-1007840,478.34,Enterprise,Managed Support,4870,Won
2025-11-12,CB-1007846,584.38,Enterprise,Managed Support,4871,Won
2025-11-12,CB-1007850,645.03,Enterprise,Managed Support,4870,Open
2025-11-12,CB-1007854,624.93,Enterprise,Managed Support,7030,Lost
2025-11-12,CB-1007862,322.66,Enterprise,Managed Support,4870,Won
2025-11-12,CB-1007897,206.01,Consumer,Mobile Plans,7030,Pending
2025-11-12,CB-1007937,248.70,Consumer,Device Protection,4871,Won
2025-11-12,CB-1007951,619.40,Wholesale,Bulk Voice,7030,Won
2025-11-13,CB-1007841,529.74,Enterprise,Managed Support,4863,Lost
2025-11-13,CB-1007884,172.32,Consumer,Mobile Plans,4871,Lost
2025-11-14,CB-1007807,508.80,Enterprise,Cloud Services,4871,Lost
2025-11-14,CB-1007808,331.48,Enterprise,Cloud Services,4871,Pending
2025-11-14,CB-1007831,487.65,Enterprise,Cloud Services,4871,Pending
2025-11-14,CB-1007842,515.96,Enterprise,Managed Support,4837,Won
2025-11-14,CB-1007901,360.88,Consumer,Mobile Plans,7030,Won
2025-11-14,CB-1007912,107.05,Consumer,Streaming Add-on,4863,Lost
2025-11-14,CB-1007920,281.14,Consumer,Streaming Add-on,4837,Lost
2025-11-14,CB-1007926,105.40,Consumer,Streaming Add-on,4855,Lost
2025-11-14,CB-1007934,153.29,Consumer,Device Protection,4837,Lost
2025-11-14,CB-1007944,129.94,Consumer,Device Protection,4855,Lost
2025-11-14,CB-1007990,221.66,Wholesale,IoT SIM,4870,Lost
2025-11-15,CB-1007866,937.78,Enterprise,Platform API,7030,Pending
2025-11-15,CB-1007890,170.31,Consumer,Mobile Plans,4871,Pending
2025-11-15,CB-1007935,223.34,Consumer,Device Protection,4863,Open
2025-11-16,CB-1007828,629.38,Enterprise,Cloud Services,7030,Lost
2025-11-16,CB-1007963,419.73,Wholesale,Bulk Voice,4870,Open
2025-11-16,CB-1007988,385.87,Wholesale,IoT SIM,7030,Lost
2025-11-16,CB-1008001,229.93,Wholesale,IoT SIM,4871,Open
2025-11-17,CB-1007827,310.36,Enterprise,Cloud Services,4855,Pending
2025-11-17,CB-1007847,836.66,Enterprise,Managed Support,7030,Won
2025-11-17,CB-1007849,482.27,Enterprise,Managed Support,4863,Lost
2025-11-17,CB-1007864,814.91,Enterprise,Managed Support,7030,Lost
2025-11-17,CB-1007865,330.49,Enterprise,Platform API,4863,Won
2025-11-17,CB-1007871,366.70,Enterprise,Platform API,4871,Won
2025-11-17,CB-1007946,205.27,Consumer,Device Protection,4837,Won
2025-11-17,CB-1007989,400.42,Wholesale,IoT SIM,4870,Won
2025-11-17,CB-1007999,176.48,Wholesale,IoT SIM,4871,Lost
2025-11-18,CB-1007817,700.20,Enterprise,Cloud Services,4870,Pending
2025-11-18,CB-1007859,483.02,Enterprise,Managed Support,4870,Pending
2025-11-18,CB-1007889,244.60,Consumer,Mobile Plans,7030,Won
2025-11-18,CB-1007908,273.94,Consumer,Mobile Plans,4837,Open
2025-11-18,CB-1007948,236.49,Consumer,Device Protection,4871,Lost
2025-11-18,CB-1007966,457.54,Wholesale,Bulk Voice,7030,Open
2025-11-19,CB-1007820,638.17,Enterprise,Cloud Services,4855,Won
2025-11-19,CB-1007821,502.10,Enterprise,Cloud Services,4870,Won
2025-11-19,CB-1007830,792.51,Enterprise,Cloud Services,7030,Lost
2025-11-19,CB-1007863,256.02,Enterprise,Managed Support,4863,Lost
2025-11-19,CB-1007867,782.68,Enterprise,Platform API,7030,Open
2025-11-19,CB-1007905,231.08,Consumer,Mobile Plans,4870,Won
2025-11-19,CB-1007942,270.12,Consumer,Device Protection,4863,Won
2025-11-19,CB-1007945,176.03,Consumer,Device Protection,4871,Open
2025-11-19,CB-1007959,236.78,Wholesale,Bulk Voice,4870,Lost
2025-11-19,CB-1007981,386.24,Wholesale,Partner Resale,7030,Lost
2025-11-20,CB-1007829,579.39,Enterprise,Cloud Services,4837,Won
2025-11-20,CB-1007860,562.79,Enterprise,Managed Support,4837,Lost
2025-11-20,CB-1007880,283.79,Enterprise,Platform API,4837,Won
2025-11-20,CB-1007941,293.52,Consumer,Device Protection,4863,Pending
2025-11-20,CB-1007973,172.13,Wholesale,Partner Resale,4855,Lost
2025-11-20,CB-1007991,257.75,Wholesale,IoT SIM,4863,Pending
2025-11-21,CB-1007814,427.54,Enterprise,Cloud Services,4855,Won
2025-11-21,CB-1007852,335.79,Enterprise,Managed Support,4871,Won
2025-11-21,CB-1007876,417.13,Enterprise,Platform API,4870,Won
2025-11-21,CB-1007879,327.62,Enterprise,Platform API,4870,Open
2025-11-21,CB-1007910,259.90,Consumer,Streaming Add-on,7030,Won
2025-11-21,CB-1007924,102.71,Consumer,Streaming Add-on,4871,Won
2025-11-21,CB-1007971,398.83,Wholesale,Bulk Voice,4863,Open
2025-11-21,CB-1007987,315.01,Wholesale,Partner Resale,7030,Won
2025-11-21,CB-1007994,469.64,Wholesale,IoT SIM,4870,Lost
2025-11-21,CB-1007998,296.74,Wholesale,IoT SIM,4855,Won
2025-11-22,CB-1007844,645.05,Enterprise,Managed Support,4863,Open
2025-11-22,CB-1007881,674.64,Enterprise,Platform API,4837,Lost
2025-11-22,CB-1007885,270.31,Consumer,Mobile Plans,4855,Won
2025-11-22,CB-1007916,185.41,Consumer,Streaming Add-on,4855,Won
2025-11-22,CB-1007928,212.25,Consumer,Device Protection,4837,Pending
2025-11-22,CB-1007930,173.84,Consumer,Device Protection,4871,Pending
2025-11-22,CB-1007933,191.94,Consumer,Device Protection,4871,Lost
2025-11-22,CB-1007969,578.90,Wholesale,Bulk Voice,7030,Lost
2025-11-23,CB-1007811,371.34,Enterprise,Cloud Services,7030,Open
2025-11-23,CB-1007872,680.04,Enterprise,Platform API,4863,Won
2025-11-23,CB-1007898,269.00,Consumer,Mobile Plans,4870,Won
2025-11-23,CB-1007921,195.09,Consumer,Streaming Add-on,4871,Won
2025-11-23,CB-1007943,217.41,Consumer,Device Protection,4837,Lost
2025-11-23,CB-1007958,450.92,Wholesale,Bulk Voice,4837,Lost
2025-11-23,CB-1007985,713.97,Wholesale,Partner Resale,7030,Open
2025-11-24,CB-1007815,218.72,Enterprise,Cloud Services,4871,Won
2025-11-24,CB-1007843,429.53,Enterprise,Managed Support,4855,Open
2025-11-24,CB-1007914,312.96,Consumer,Streaming Add-on,4863,Won
2025-11-24,CB-1007915,141.51,Consumer,Streaming Add-on,4855,Won
2025-11-24,CB-1007917,121.08,Consumer,Streaming Add-on,4837,Lost
2025-11-24,CB-1007949,546.80,Wholesale,Bulk Voice,4837,Lost
2025-11-25,CB-1007835,879.26,Enterprise,Cloud Services,7030,Pending
2025-11-25,CB-1007918,341.72,Consumer,Streaming Add-on,4870,Won
2025-11-25,CB-1007962,532.01,Wholesale,Bulk Voice,7030,Pending
2025-11-25,CB-1007968,656.22,Wholesale,Bulk Voice,7030,Lost
2025-11-25,CB-1007983,579.12,Wholesale,Partner Resale,7030,Lost
2025-11-26,CB-1007813,357.07,Enterprise,Cloud Services,4855,Lost
2025-11-26,CB-1007903,201.30,Consumer,Mobile Plans,4855,Pending
2025-11-26,CB-1007980,618.19,Wholesale,Partner Resale,4870,Won
2025-11-26,CB-1007995,473.37,Wholesale,IoT SIM,4863,Won
2025-11-27,CB-1007823,290.03,Enterprise,Cloud Services,4855,Won
2025-11-27,CB-1007837,488.49,Enterprise,Cloud Services,4863,Lost
2025-11-27,CB-1007931,216.37,Consumer,Device Protection,4870,Pending
2025-11-27,CB-1007952,565.89,Wholesale,Bulk Voice,7030,Lost
2025-11-27,CB-1007953,300.56,Wholesale,Bulk Voice,4837,Lost
2025-11-27,CB-1007960,450.35,Wholesale,Bulk Voice,4855,Pending
2025-11-28,CB-1007818,542.88,Enterprise,Cloud Services,4870,Lost
2025-11-28,CB-1007873,543.46,Enterprise,Platform API,4855,Pending
2025-11-28,CB-1007887,314.82,Consumer,Mobile Plans,4863,Lost
2025-11-28,CB-1007923,181.50,Consumer,Streaming Add-on,4855,Open
2025-11-28,CB-1007938,190.88,Consumer,Device Protection,4863,Lost
2025-11-28,CB-1007940,338.35,Consumer,Device Protection,7030,Won
2025-11-28,CB-1007961,368.42,Wholesale,Bulk Voice,4837,Open
2025-11-28,CB-1007965,427.45,Wholesale,Bulk Voice,4855,Lost
2025-11-28,CB-1007978,355.42,Wholesale,Partner Resale,4871,Pending
2025-11-29,CB-1007819,412.65,Enterprise,Cloud Services,4871,Lost
2025-11-29,CB-1007826,388.40,Enterprise,Cloud Services,4871,Lost
2025-11-29,CB-1007848,422.61,Enterprise,Managed Support,4837,Won
2025-11-29,CB-1007875,324.67,Enterprise,Platform API,4855,Lost
2025-11-29,CB-1007877,541.88,Enterprise,Platform API,4863,Pending
2025-11-29,CB-1007899,148.08,Consumer,Mobile Plans,4863,Won
2025-11-29,CB-1007900,153.77,Consumer,Mobile Plans,4870,Pending
2025-11-29,CB-1007977,401.46,Wholesale,Partner Resale,4871,Lost
2025-11-30,CB-1007825,604.71,Enterprise,Cloud Services,4870,Won
2025-11-30,CB-1007869,341.07,Enterprise,Platform API,4871,Lost
2025-11-30,CB-1007882,137.46,Consumer,Mobile Plans,4870,Won
2025-11-30,CB-1007902,239.81,Consumer,Mobile Plans,4855,Pending
2025-11-30,CB-1007932,236.63,Consumer,Device Protection,4837,Lost
2025-11-30,CB-1007950,231.33,Wholesale,Bulk Voice,4863,Open
2025-11-30,CB-1007957,396.78,Wholesale,Bulk Voice,4871,Won
2025-11-30,CB-1007964,440.84,Wholesale,Bulk Voice,4837,Lost
2025-11-30,CB-1007986,225.48,Wholesale,Partner Resale,4863,Won
2025-12-01,CB-1008020,364.76,Enterprise,Cloud Services,7030,Lost
2025-12-01,CB-1008066,391.29,Enterprise,Platform API,4863,Open
2025-12-01,CB-1008109,342.54,Consumer,Mobile Plans,4837,Open
2025-12-01,CB-1008173,572.96,Wholesale,Bulk Voice,4837,Pending
2025-12-01,CB-1008188,275.74,Wholesale,Partner Resale,4837,Pending
2025-12-02,CB-1008005,387.37,Enterprise,Cloud Services,4871,Open
2025-12-02,CB-1008035,773.73,Enterprise,Cloud Services,4870,Lost
2025-12-02,CB-1008064,675.76,Enterprise,Platform API,4863,Won
2025-12-02,CB-1008089,385.36,Consumer,Mobile Plans,7030,Lost
2025-12-02,CB-1008117,206.18,Consumer,Streaming Add-on,4837,Won
2025-12-02,CB-1008142,253.27,Consumer,Device Protection,7030,Lost
2025-12-02,CB-1008148,277.18,Consumer,Device Protection,7030,Lost
2025-12-02,CB-1008170,294.45,Wholesale,Bulk Voice,4871,Won
2025-12-02,CB-1008177,545.41,Wholesale,Bulk Voice,4837,Lost
2025-12-02,CB-1008184,445.08,Wholesale,Partner Resale,4855,Lost
2025-12-03,CB-1008018,539.52,Enterprise,Cloud Services,4837,Lost
2025-12-03,CB-1008043,529.06,Enterprise,Managed Support,7030,Open
2025-12-03,CB-1008073,514.86,Enterprise,Platform API,4855,Open
2025-12-03,CB-1008095,268.89,Consumer,Mobile Plans,4870,Won
2025-12-03,CB-1008116,424.00,Consumer,Streaming Add-on,7030,Open
2025-12-03,CB-1008120,400.36,Consumer,Streaming Add-on,7030,Lost
2025-12-03,CB-1008147,419.35,Consumer,Device Protection,7030,Lost
2025-12-03,CB-1008172,381.63,Wholesale,Bulk Voice,4871,Lost
2025-12-03,CB-1008210,217.96,Wholesale,IoT SIM,4837,Won
2025-12-04,CB-1008025,474.27,Enterprise,Cloud Services,4855,Open
2025-12-04,CB-1008125,269.96,Consumer,Streaming Add-on,4837,Lost
2025-12-04,CB-1008141,339.87,Consumer,Device Protection,4837,Won
2025-12-04,CB-1008153,162.47,Wholesale,Bulk Voice,4855,Open
2025-12-04,CB-1008154,397.53,Wholesale,Bulk Voice,4871,Lost
2025-12-04,CB-1008158,308.86,Wholesale,Bulk Voice,4871,Won
2025-12-04,CB-1008167,251.00,Wholesale,Bulk Voice,4863,Lost
2025-12-04,CB-1008169,250.05,Wholesale,Bulk Voice,4871,Won
2025-12-05,CB-1008007,454.95,Enterprise,Cloud Services,4837,Won
2025-12-05,CB-1008055,294.17,Enterprise,Managed Support,4863,Lost
2025-12-05,CB-1008160,319.05,Wholesale,Bulk Voice,4837,Lost
2025-12-05,CB-1008175,302.94,Wholesale,Bulk Voice,4863,Pending
2025-12-05,CB-1008187,543.97,Wholesale,Partner Resale,4837,Lost
2025-12-05,CB-1008204,407.27,Wholesale,IoT SIM,4870,Won
2025-12-06,CB-1008019,347.44,Enterprise,Cloud Services,4855,Won
2025-12-06,CB-1008054,434.45,Enterprise,Managed Support,7030,Won
2025-12-06,CB-1008097,319.56,Consumer,Mobile Plans,4837,Lost
2025-12-06,CB-1008103,341.85,Consumer,Mobile Plans,4870,Pending
2025-12-06,CB-1008129,123.69,Consumer,Streaming Add-on,4837,Lost
2025-12-06,CB-1008168,292.66,Wholesale,Bulk Voice,4855,Won
2025-12-07,CB-1008026,302.35,Enterprise,Cloud Services,4871,Pending
2025-12-07,CB-1008083,138.15,Consumer,Mobile Plans,4871,Lost
2025-12-07,CB-1008122,294.43,Consumer,Streaming Add-on,4870,Won
2025-12-07,CB-1008151,616.80,Wholesale,Bulk Voice,4870,Open
2025-12-07,CB-1008164,579.20,Wholesale,Bulk Voice,4837,Lost
2025-12-07,CB-1008165,223.28,Wholesale,Bulk Voice,4863,Lost
2025-12-07,CB-1008193,384.78,Wholesale,Partner Resale,4855,Won
2025-12-08,CB-1008046,365.88,Enterprise,Managed Support,7030,Open
2025-12-08,CB-1008063,614.71,Enterprise,Platform API,4837,Won
2025-12-08,CB-1008092,263.58,Consumer,Mobile Plans,4837,Open
2025-12-08,CB-1008132,111.91,Consumer,Device Protection,4855,Lost
2025-12-08,CB-1008182,435.60,Wholesale,Partner Resale,4871,Won
2025-12-08,CB-1008196,203.96,Wholesale,IoT SIM,4837,Lost
2025-12-08,CB-1008202,445.02,Wholesale,IoT SIM,4855,Lost
2025-12-08,CB-1008211,378.63,Wholesale,IoT SIM,4870,Won
2025-12-09,CB-1008017,449.39,Enterprise,Cloud Services,4837,Lost
2025-12-09,CB-1008033,525.40,Enterprise,Cloud Services,4863,Pending
2025-12-09,CB-1008069,704.07,Enterprise,Platform API,4837,Won
2025-12-09,CB-1008094,212.65,Consumer,Mobile Plans,4863,Won
2025-12-09,CB-1008121,171.74,Consumer,Streaming Add-on,4837,Won
2025-12-09,CB-1008134,320.89,Consumer,Device Protection,7030,Pending
2025-12-09,CB-1008156,252.47,Wholesale,Bulk Voice,4871,Open
2025-12-10,CB-1008056,390.53,Enterprise,Managed Support,7030,Lost
2025-12-10,CB-1008071,284.59,Enterprise,Platform API,4837,Lost
2025-12-10,CB-1008074,472.30,Enterprise,Platform API,4837,Pending
2025-12-10,CB-1008076,412.19,Enterprise,Platform API,4855,Lost
2025-12-10,CB-1008078,500.96,Enterprise,Platform API,7030,Open
2025-12-10,CB-1008115,374.85,Consumer,Streaming Add-on,4870,Won
2025-12-10,CB-1008155,314.76,Wholesale,Bulk Voice,4855,Won
2025-12-10,CB-1008166,440.86,Wholesale,Bulk Voice,4837,Lost
2025-12-11,CB-1008002,444.69,Enterprise,Cloud Services,4855,Pending
2025-12-11,CB-1008021,569.06,Enterprise,Cloud Services,4837,Won
2025-12-11,CB-1008065,244.66,Enterprise,Platform API,4855,Lost
2025-12-11,CB-1008084,287.97,Consumer,Mobile Plans,4837,Lost
2025-12-11,CB-1008110,248.89,Consumer,Mobile Plans,7030,Won
2025-12-11,CB-1008112,263.49,Consumer,Mobile Plans,4863,Pending
2025-12-11,CB-1008113,213.69,Consumer,Streaming Add-on,7030,Open
2025-12-11,CB-1008114,139.88,Consumer,Streaming Add-on,4871,Pending
2025-12-12,CB-1008013,811.38,Enterprise,Cloud Services,4870,Lost
2025-12-12,CB-1008014,377.48,Enterprise,Cloud Services,4837,Pending
2025-12-12,CB-1008034,546.78,Enterprise,Cloud Services,4837,Lost
2025-12-12,CB-1008053,781.01,Enterprise,Managed Support,4837,Lost
2025-12-12,CB-1008060,333.33,Enterprise,Platform API,7030,Won
2025-12-12,CB-1008062,672.69,Enterprise,Platform API,4863,Won
2025-12-12,CB-1008068,548.32,Enterprise,Platform API,4863,Won
2025-12-12,CB-1008119,141.75,Consumer,Streaming Add-on,4871,Won
2025-12-12,CB-1008130,187.14,Consumer,Device Protection,4863,Open
2025-12-12,CB-1008209,434.48,Wholesale,IoT SIM,4863,Pending
2025-12-13,CB-1008049,463.65,Enterprise,Managed Support,4870,Open
2025-12-13,CB-1008058,370.58,Enterprise,Managed Support,4871,Open
2025-12-13,CB-1008127,425.81,Consumer,Streaming Add-on,7030,Open
2025-12-13,CB-1008133,252.20,Consumer,Device Protection,4871,Won
2025-12-13,CB-1008192,194.91,Wholesale,Partner Resale,4871,Lost
2025-12-13,CB-1008206,190.59,Wholesale,IoT SIM,4863,Won
2025-12-14,CB-1008027,337.85,Enterprise,Cloud Services,4870,Lost
2025-12-14,CB-1008041,543.48,Enterprise,Managed Support,4871,Pending
2025-12-14,CB-1008044,644.03,Enterprise,Managed Support,4837,Won
2025-12-14,CB-1008051,496.93,Enterprise,Managed Support,4871,Pending
2025-12-14,CB-1008077,681.06,Enterprise,Platform API,4837,Won
2025-12-14,CB-1008099,185.43,Consumer,Mobile Plans,4870,Won
2025-12-14,CB-1008136,208.45,Consumer,Device Protection,4863,Pending
2025-12-14,CB-1008149,143.63,Consumer,Device Protection,7030,Lost
2025-12-14,CB-1008179,367.11,Wholesale,Partner Resale,4837,Lost
2025-12-15,CB-1008015,551.80,Enterprise,Cloud Services,4863,Pending
2025-12-15,CB-1008029,510.53,Enterprise,Cloud Services,4871,Open
2025-12-15,CB-1008039,614.48,Enterprise,Managed Support,4855,Pending
2025-12-15,CB-1008087,333.67,Consumer,Mobile Plans,4870,Lost
2025-12-15,CB-1008144,217.75,Consumer,Device Protection,7030,Open
2025-12-16,CB-1008004,363.80,Enterprise,Cloud Services,4871,Won
2025-12-16,CB-1008006,633.12,Enterprise,Cloud Services,4863,Pending
2025-12-16,CB-1008016,358.14,Enterprise,Cloud Services,4871,Won
2025-12-16,CB-1008045,250.08,Enterprise,Managed Support,4871,Pending
2025-12-16,CB-1008061,604.54,Enterprise,Platform API,4855,Won
2025-12-16,CB-1008070,708.27,Enterprise,Platform API,4863,Pending
2025-12-16,CB-1008081,485.55,Enterprise,Platform API,7030,Won
2025-12-16,CB-1008105,342.90,Consumer,Mobile Plans,4870,Won
2025-12-16,CB-1008108,195.58,Consumer,Mobile Plans,4870,Lost
2025-12-16,CB-1008199,278.58,Wholesale,IoT SIM,4871,Won
2025-12-17,CB-1008008,560.07,Enterprise,Cloud Services,4871,Lost
2025-12-17,CB-1008093,273.11,Consumer,Mobile Plans,4855,Lost
2025-12-17,CB-1008207,264.65,Wholesale,IoT SIM,7030,Pending
2025-12-18,CB-1008023,429.43,Enterprise,Cloud Services,4837,Won
2025-12-18,CB-1008024,523.93,Enterprise,Cloud Services,4870,Lost
2025-12-18,CB-1008028,847.86,Enterprise,Cloud Services,7030,Pending
2025-12-18,CB-1008047,632.41,Enterprise,Managed Support,4837,Lost
2025-12-18,CB-1008057,265.00,Enterprise,Managed Support,4863,Lost
2025-12-18,CB-1008102,163.38,Consumer,Mobile Plans,4837,Pending
2025-12-18,CB-1008107,156.07,Consumer,Mobile Plans,4870,Open
2025-12-18,CB-1008118,213.49,Consumer,Streaming Add-on,4870,Open
2025-12-18,CB-1008190,214.05,Wholesale,Partner Resale,4871,Open
2025-12-18,CB-1008205,537.61,Wholesale,IoT SIM,4870,Lost
2025-12-19,CB-1008052,460.40,Enterprise,Managed Support,4837,Pending
2025-12-19,CB-1008059,361.26,Enterprise,Managed Support,4855,Won
2025-12-19,CB-1008131,131.73,Consumer,Device Protection,4871,Lost
2025-12-19,CB-1008139,207.39,Consumer,Device Protection,4871,Open
2025-12-19,CB-1008163,326.14,Wholesale,Bulk Voice,4871,Won
2025-12-19,CB-1008191,524.86,Wholesale,Partner Resale,7030,Pending
2025-12-19,CB-1008197,349.84,Wholesale,IoT SIM,4870,Lost
2025-12-19,CB-1008198,444.71,Wholesale,IoT SIM,4855,Pending
2025-12-20,CB-1008022,641.65,Enterprise,Cloud Services,4855,Won
2025-12-20,CB-1008143,191.83,Consumer,Device Protection,4837,Open
2025-12-21,CB-1008010,659.64,Enterprise,Cloud Services,7030,Pending
2025-12-21,CB-1008011,604.37,Enterprise,Cloud Services,4837,Won
2025-12-21,CB-1008075,579.02,Enterprise,Platform API,4871,Open
2025-12-21,CB-1008088,209.46,Consumer,Mobile Plans,4855,Lost
2025-12-21,CB-1008100,259.96,Consumer,Mobile Plans,4837,Pending
2025-12-21,CB-1008106,365.92,Consumer,Mobile Plans,4870,Pending
2025-12-21,CB-1008178,318.94,Wholesale,Partner Resale,4855,Pending
2025-12-21,CB-1008181,549.03,Wholesale,Partner Resale,7030,Won
2025-12-22,CB-1008040,448.31,Enterprise,Managed Support,4870,Won
2025-12-22,CB-1008072,438.41,Enterprise,Platform API,4863,Won
2025-12-22,CB-1008111,163.03,Consumer,Mobile Plans,4837,Won
2025-12-22,CB-1008135,263.99,Consumer,Device Protection,4855,Won
2025-12-22,CB-1008195,383.15,Wholesale,IoT SIM,4871,Lost
2025-12-22,CB-1008208,368.64,Wholesale,IoT SIM,4863,Won
2025-12-23,CB-1008036,595.44,Enterprise,Managed Support,4837,Won
2025-12-23,CB-1008048,447.80,Enterprise,Managed Support,4855,Open
2025-12-23,CB-1008085,270.07,Consumer,Mobile Plans,4870,Lost
2025-12-23,CB-1008090,275.16,Consumer,Mobile Plans,4837,Lost
2025-12-23,CB-1008152,285.50,Wholesale,Bulk Voice,4863,Open
2025-12-23,CB-1008157,656.91,Wholesale,Bulk Voice,7030,Pending
2025-12-23,CB-1008183,506.79,Wholesale,Partner Resale,4863,Pending
2025-12-23,CB-1008189,179.53,Wholesale,Partner Resale,4863,Lost
2025-12-24,CB-1008009,559.10,Enterprise,Cloud Services,4871,Lost
2025-12-24,CB-1008030,424.41,Enterprise,Cloud Services,7030,Lost
2025-12-24,CB-1008176,349.99,Wholesale,Bulk Voice,7030,Won
2025-12-25,CB-1008038,564.40,Enterprise,Managed Support,4871,Lost
2025-12-25,CB-1008096,234.18,Consumer,Mobile Plans,4871,Pending
2025-12-25,CB-1008098,236.81,Consumer,Mobile Plans,4863,Won
2025-12-25,CB-1008138,123.80,Consumer,Device Protection,4871,Lost
2025-12-25,CB-1008159,392.10,Wholesale,Bulk Voice,4863,Won
2025-12-26,CB-1008067,362.76,Enterprise,Platform API,4870,Open
2025-12-26,CB-1008104,197.90,Consumer,Mobile Plans,4871,Lost
2025-12-27,CB-1008032,333.86,Enterprise,Cloud Services,4870,Lost
2025-12-27,CB-1008042,586.53,Enterprise,Managed Support,4863,Pending
2025-12-27,CB-1008080,394.51,Enterprise,Platform API,4871,Lost
2025-12-27,CB-1008201,574.01,Wholesale,IoT SIM,7030,Lost
2025-12-28,CB-1008037,547.29,Enterprise,Managed Support,4855,Pending
2025-12-28,CB-1008050,317.50,Enterprise,Managed Support,4863,Lost
2025-12-29,CB-1008082,241.57,Enterprise,Platform API,4871,Lost
2025-12-29,CB-1008101,135.75,Consumer,Mobile Plans,4863,Lost
2025-12-29,CB-1008123,240.88,Consumer,Streaming Add-on,7030,Won
2025-12-29,CB-1008126,182.32,Consumer,Streaming Add-on,4870,Pending
2025-12-29,CB-1008194,222.94,Wholesale,Partner Resale,4870,Won
2025-12-30,CB-1008079,700.40,Enterprise,Platform API,7030,Open
2025-12-30,CB-1008086,245.92,Consumer,Mobile Plans,4837,Pending
2025-12-30,CB-1008091,134.22,Consumer,Mobile Plans,4870,Pending
2025-12-30,CB-1008124,294.82,Consumer,Streaming Add-on,7030,Won
2025-12-30,CB-1008128,313.35,Consumer,Streaming Add-on,4837,Open
2025-12-30,CB-1008140,318.51,Consumer,Device Protection,4837,Won
2025-12-30,CB-1008145,118.68,Consumer,Device Protection,4855,Open
2025-12-30,CB-1008146,210.71,Consumer,Device Protection,4871,Pending
2025-12-30,CB-1008171,461.42,Wholesale,Bulk Voice,4870,Won
2025-12-30,CB-1008174,477.24,Wholesale,Bulk Voice,4870,Open
2025-12-30,CB-1008180,499.31,Wholesale,Partner Resale,4863,Pending
2025-12-30,CB-1008186,355.80,Wholesale,Partner Resale,4855,Won
2025-12-30,CB-1008200,176.42,Wholesale,IoT SIM,4855,Won
2025-12-31,CB-1008003,472.71,Enterprise,Cloud Services,4871,Lost
2025-12-31,CB-1008012,640.36,Enterprise,Cloud Services,7030,Lost
2025-12-31,CB-1008031,602.55,Enterprise,Cloud Services,4863,Won
2025-12-31,CB-1008137,110.06,Consumer,Device Protection,4863,Open
2025-12-31,CB-1008150,280.59,Consumer,Device Protection,4870,Won
2025-12-31,CB-1008161,421.49,Wholesale,Bulk Voice,7030,Pending
2025-12-31,CB-1008162,463.45,Wholesale,Bulk Voice,4855,Won
2025-12-31,CB-1008185,331.87,Wholesale,Partner Resale,4863,Pending
2025-12-31,CB-1008203,454.36,Wholesale,IoT SIM,4837,Lost
